========================================================
Job ID          : 147532
Node            : cn45-l40.prajna.iitb.ac.in
Date            : Wed Jul  8 19:54:52 IST 2026
GPUs            : 4
Batch/GPU       : 256
Global Batch    : 1024
Workers/GPU     : 8
Dataset         : /home/sm-signal-learning/24b1257/imagenet-100/train
Epochs          : 200
========================================================
Wed Jul  8 19:54:55 2026       
+-----------------------------------------------------------------------------------------+
| NVIDIA-SMI 570.86.15              Driver Version: 570.86.15      CUDA Version: 12.8     |
|-----------------------------------------+------------------------+----------------------+
| GPU  Name                 Persistence-M | Bus-Id          Disp.A | Volatile Uncorr. ECC |
| Fan  Temp   Perf          Pwr:Usage/Cap |           Memory-Usage | GPU-Util  Compute M. |
|                                         |                        |               MIG M. |
|=========================================+========================+======================|
|   0  NVIDIA L40S                    Off |   00000000:2C:00.0 Off |                    0 |
| N/A   36C    P0             84W /  350W |       1MiB /  46068MiB |      0%      Default |
|                                         |                        |                  N/A |
+-----------------------------------------+------------------------+----------------------+
|   1  NVIDIA L40S                    Off |   00000000:2D:00.0 Off |                    0 |
| N/A   33C    P0             84W /  350W |       1MiB /  46068MiB |      0%      Default |
|                                         |                        |                  N/A |
+-----------------------------------------+------------------------+----------------------+
|   2  NVIDIA L40S                    Off |   00000000:3F:00.0 Off |                    0 |
| N/A   32C    P0             79W /  350W |       1MiB /  46068MiB |      2%      Default |
|                                         |                        |                  N/A |
+-----------------------------------------+------------------------+----------------------+
|   3  NVIDIA L40S                    Off |   00000000:40:00.0 Off |                    0 |
| N/A   35C    P0             84W /  350W |       1MiB /  46068MiB |      0%      Default |
|                                         |                        |                  N/A |
+-----------------------------------------+------------------------+----------------------+
                                                                                         
+-----------------------------------------------------------------------------------------+
| Processes:                                                                              |
|  GPU   GI   CI              PID   Type   Process name                        GPU Memory |
|        ID   ID                                                               Usage      |
|=========================================================================================|
|  No running processes found                                                             |
+-----------------------------------------------------------------------------------------+
============================================================
  ResNet50 Based Asymmetric Contrastive Training
  Mode      : DDP
  GPUs      : 4
  Batch/GPU : 256  ->  effective: 1024
  Image size: 224x224
  Epochs    : 200
  LR scaled : 4.00e-04
  Dataset   : /home/sm-signal-learning/24b1257/imagenet-100/train
============================================================
NCCL version 2.21.5+cuda12.4
  AMP dtype : torch.bfloat16  |  GradScaler: False
  Epoch [1/200]  Batch [   0/123]  Loss: 13.9430  LR: 4.00e-05
  Epoch [1/200]  Batch [  10/123]  Loss: 6.0266  LR: 4.00e-05
  Epoch [1/200]  Batch [  20/123]  Loss: 4.8276  LR: 4.00e-05
  Epoch [1/200]  Batch [  30/123]  Loss: 2.4842  LR: 4.00e-05
  Epoch [1/200]  Batch [  40/123]  Loss: -1.0964  LR: 4.00e-05
  Epoch [1/200]  Batch [  50/123]  Loss: -1.7425  LR: 4.00e-05
  Epoch [1/200]  Batch [  60/123]  Loss: -5.1363  LR: 4.00e-05
  Epoch [1/200]  Batch [  70/123]  Loss: -4.5124  LR: 4.00e-05
  Epoch [1/200]  Batch [  80/123]  Loss: -4.4190  LR: 4.00e-05
  Epoch [1/200]  Batch [  90/123]  Loss: -5.7533  LR: 4.00e-05
  Epoch [1/200]  Batch [ 100/123]  Loss: -4.8349  LR: 4.00e-05
  Epoch [1/200]  Batch [ 110/123]  Loss: -5.6394  LR: 4.00e-05
  Epoch [1/200]  Batch [ 120/123]  Loss: -6.5020  LR: 4.00e-05

------------------------------------------------------------
  Epoch   1/200 complete  |  Avg Loss: -1.6992  |  LR: 8.00e-05
------------------------------------------------------------

  Epoch [2/200]  Batch [   0/123]  Loss: -6.4468  LR: 8.00e-05
  Epoch [2/200]  Batch [  10/123]  Loss: -7.5312  LR: 8.00e-05
  Epoch [2/200]  Batch [  20/123]  Loss: -8.1378  LR: 8.00e-05
  Epoch [2/200]  Batch [  30/123]  Loss: -8.3558  LR: 8.00e-05
  Epoch [2/200]  Batch [  40/123]  Loss: -8.1473  LR: 8.00e-05
  Epoch [2/200]  Batch [  50/123]  Loss: -8.8447  LR: 8.00e-05
  Epoch [2/200]  Batch [  60/123]  Loss: -8.3674  LR: 8.00e-05
  Epoch [2/200]  Batch [  70/123]  Loss: -8.6038  LR: 8.00e-05
  Epoch [2/200]  Batch [  80/123]  Loss: -8.3649  LR: 8.00e-05
  Epoch [2/200]  Batch [  90/123]  Loss: -9.0413  LR: 8.00e-05
  Epoch [2/200]  Batch [ 100/123]  Loss: -9.5962  LR: 8.00e-05
  Epoch [2/200]  Batch [ 110/123]  Loss: -9.7615  LR: 8.00e-05
  Epoch [2/200]  Batch [ 120/123]  Loss: -10.0870  LR: 8.00e-05

------------------------------------------------------------
  Epoch   2/200 complete  |  Avg Loss: -8.7740  |  LR: 1.20e-04
------------------------------------------------------------

  Epoch [3/200]  Batch [   0/123]  Loss: -10.0871  LR: 1.20e-04
  Epoch [3/200]  Batch [  10/123]  Loss: -9.8677  LR: 1.20e-04
  Epoch [3/200]  Batch [  20/123]  Loss: -10.0945  LR: 1.20e-04
  Epoch [3/200]  Batch [  30/123]  Loss: -10.5931  LR: 1.20e-04
  Epoch [3/200]  Batch [  40/123]  Loss: -10.7769  LR: 1.20e-04
  Epoch [3/200]  Batch [  50/123]  Loss: -10.3856  LR: 1.20e-04
  Epoch [3/200]  Batch [  60/123]  Loss: -10.7502  LR: 1.20e-04
  Epoch [3/200]  Batch [  70/123]  Loss: -10.9105  LR: 1.20e-04
  Epoch [3/200]  Batch [  80/123]  Loss: -10.9559  LR: 1.20e-04
  Epoch [3/200]  Batch [  90/123]  Loss: -10.7348  LR: 1.20e-04
  Epoch [3/200]  Batch [ 100/123]  Loss: -11.0938  LR: 1.20e-04
  Epoch [3/200]  Batch [ 110/123]  Loss: -10.9770  LR: 1.20e-04
  Epoch [3/200]  Batch [ 120/123]  Loss: -11.2481  LR: 1.20e-04

------------------------------------------------------------
  Epoch   3/200 complete  |  Avg Loss: -10.5784  |  LR: 1.60e-04
------------------------------------------------------------

  Epoch [4/200]  Batch [   0/123]  Loss: -11.1935  LR: 1.60e-04
  Epoch [4/200]  Batch [  10/123]  Loss: -11.2623  LR: 1.60e-04
  Epoch [4/200]  Batch [  20/123]  Loss: -10.6512  LR: 1.60e-04
  Epoch [4/200]  Batch [  30/123]  Loss: -11.4180  LR: 1.60e-04
  Epoch [4/200]  Batch [  40/123]  Loss: -11.4295  LR: 1.60e-04
  Epoch [4/200]  Batch [  50/123]  Loss: -11.2970  LR: 1.60e-04
  Epoch [4/200]  Batch [  60/123]  Loss: -11.1838  LR: 1.60e-04
  Epoch [4/200]  Batch [  70/123]  Loss: -11.1902  LR: 1.60e-04
  Epoch [4/200]  Batch [  80/123]  Loss: -11.2176  LR: 1.60e-04
  Epoch [4/200]  Batch [  90/123]  Loss: -11.4769  LR: 1.60e-04
  Epoch [4/200]  Batch [ 100/123]  Loss: -11.4744  LR: 1.60e-04
  Epoch [4/200]  Batch [ 110/123]  Loss: -11.5564  LR: 1.60e-04
  Epoch [4/200]  Batch [ 120/123]  Loss: -11.2638  LR: 1.60e-04

------------------------------------------------------------
  Epoch   4/200 complete  |  Avg Loss: -11.2801  |  LR: 2.00e-04
------------------------------------------------------------

  Epoch [5/200]  Batch [   0/123]  Loss: -11.4227  LR: 2.00e-04
  Epoch [5/200]  Batch [  10/123]  Loss: -11.4945  LR: 2.00e-04
  Epoch [5/200]  Batch [  20/123]  Loss: -11.3144  LR: 2.00e-04
  Epoch [5/200]  Batch [  30/123]  Loss: -11.5532  LR: 2.00e-04
  Epoch [5/200]  Batch [  40/123]  Loss: -11.5631  LR: 2.00e-04
  Epoch [5/200]  Batch [  50/123]  Loss: -11.2486  LR: 2.00e-04
  Epoch [5/200]  Batch [  60/123]  Loss: -11.3062  LR: 2.00e-04
  Epoch [5/200]  Batch [  70/123]  Loss: -11.5990  LR: 2.00e-04
  Epoch [5/200]  Batch [  80/123]  Loss: -11.5536  LR: 2.00e-04
  Epoch [5/200]  Batch [  90/123]  Loss: -11.8907  LR: 2.00e-04
  Epoch [5/200]  Batch [ 100/123]  Loss: -11.6199  LR: 2.00e-04
  Epoch [5/200]  Batch [ 110/123]  Loss: -11.4757  LR: 2.00e-04
  Epoch [5/200]  Batch [ 120/123]  Loss: -11.7135  LR: 2.00e-04

------------------------------------------------------------
  Epoch   5/200 complete  |  Avg Loss: -11.5444  |  LR: 2.40e-04
------------------------------------------------------------

  Epoch [6/200]  Batch [   0/123]  Loss: -11.6174  LR: 2.40e-04
  Epoch [6/200]  Batch [  10/123]  Loss: -11.7738  LR: 2.40e-04
  Epoch [6/200]  Batch [  20/123]  Loss: -11.7051  LR: 2.40e-04
  Epoch [6/200]  Batch [  30/123]  Loss: -11.5552  LR: 2.40e-04
  Epoch [6/200]  Batch [  40/123]  Loss: -11.4688  LR: 2.40e-04
  Epoch [6/200]  Batch [  50/123]  Loss: -11.7865  LR: 2.40e-04
  Epoch [6/200]  Batch [  60/123]  Loss: -11.7338  LR: 2.40e-04
  Epoch [6/200]  Batch [  70/123]  Loss: -11.6360  LR: 2.40e-04
  Epoch [6/200]  Batch [  80/123]  Loss: -11.8018  LR: 2.40e-04
  Epoch [6/200]  Batch [  90/123]  Loss: -11.5911  LR: 2.40e-04
  Epoch [6/200]  Batch [ 100/123]  Loss: -11.7033  LR: 2.40e-04
  Epoch [6/200]  Batch [ 110/123]  Loss: -11.8370  LR: 2.40e-04
  Epoch [6/200]  Batch [ 120/123]  Loss: -11.7684  LR: 2.40e-04

------------------------------------------------------------
  Epoch   6/200 complete  |  Avg Loss: -11.6594  |  LR: 2.80e-04
------------------------------------------------------------

  Epoch [7/200]  Batch [   0/123]  Loss: -11.7449  LR: 2.80e-04
  Epoch [7/200]  Batch [  10/123]  Loss: -11.8125  LR: 2.80e-04
  Epoch [7/200]  Batch [  20/123]  Loss: -11.6554  LR: 2.80e-04
  Epoch [7/200]  Batch [  30/123]  Loss: -11.7696  LR: 2.80e-04
  Epoch [7/200]  Batch [  40/123]  Loss: -11.7571  LR: 2.80e-04
  Epoch [7/200]  Batch [  50/123]  Loss: -11.7150  LR: 2.80e-04
  Epoch [7/200]  Batch [  60/123]  Loss: -11.8222  LR: 2.80e-04
  Epoch [7/200]  Batch [  70/123]  Loss: -11.8228  LR: 2.80e-04
  Epoch [7/200]  Batch [  80/123]  Loss: -11.6601  LR: 2.80e-04
  Epoch [7/200]  Batch [  90/123]  Loss: -11.7854  LR: 2.80e-04
  Epoch [7/200]  Batch [ 100/123]  Loss: -11.7809  LR: 2.80e-04
  Epoch [7/200]  Batch [ 110/123]  Loss: -11.8674  LR: 2.80e-04
  Epoch [7/200]  Batch [ 120/123]  Loss: -11.7695  LR: 2.80e-04

------------------------------------------------------------
  Epoch   7/200 complete  |  Avg Loss: -11.7325  |  LR: 3.20e-04
------------------------------------------------------------

  Epoch [8/200]  Batch [   0/123]  Loss: -11.7396  LR: 3.20e-04
  Epoch [8/200]  Batch [  10/123]  Loss: -11.8043  LR: 3.20e-04
  Epoch [8/200]  Batch [  20/123]  Loss: -11.7010  LR: 3.20e-04
  Epoch [8/200]  Batch [  30/123]  Loss: -11.8341  LR: 3.20e-04
  Epoch [8/200]  Batch [  40/123]  Loss: -11.8719  LR: 3.20e-04
  Epoch [8/200]  Batch [  50/123]  Loss: -11.7975  LR: 3.20e-04
  Epoch [8/200]  Batch [  60/123]  Loss: -11.8499  LR: 3.20e-04
  Epoch [8/200]  Batch [  70/123]  Loss: -11.8844  LR: 3.20e-04
  Epoch [8/200]  Batch [  80/123]  Loss: -11.8840  LR: 3.20e-04
  Epoch [8/200]  Batch [  90/123]  Loss: -11.8923  LR: 3.20e-04
  Epoch [8/200]  Batch [ 100/123]  Loss: -11.7196  LR: 3.20e-04
  Epoch [8/200]  Batch [ 110/123]  Loss: -11.8048  LR: 3.20e-04
  Epoch [8/200]  Batch [ 120/123]  Loss: -11.6620  LR: 3.20e-04

------------------------------------------------------------
  Epoch   8/200 complete  |  Avg Loss: -11.7956  |  LR: 3.60e-04
------------------------------------------------------------

  Epoch [9/200]  Batch [   0/123]  Loss: -11.8206  LR: 3.60e-04
  Epoch [9/200]  Batch [  10/123]  Loss: -11.6510  LR: 3.60e-04
  Epoch [9/200]  Batch [  20/123]  Loss: -11.6745  LR: 3.60e-04
  Epoch [9/200]  Batch [  30/123]  Loss: -11.8339  LR: 3.60e-04
  Epoch [9/200]  Batch [  40/123]  Loss: -11.9390  LR: 3.60e-04
  Epoch [9/200]  Batch [  50/123]  Loss: -11.7644  LR: 3.60e-04
  Epoch [9/200]  Batch [  60/123]  Loss: -11.8571  LR: 3.60e-04
  Epoch [9/200]  Batch [  70/123]  Loss: -11.9700  LR: 3.60e-04
  Epoch [9/200]  Batch [  80/123]  Loss: -11.8980  LR: 3.60e-04
  Epoch [9/200]  Batch [  90/123]  Loss: -11.9223  LR: 3.60e-04
  Epoch [9/200]  Batch [ 100/123]  Loss: -11.9541  LR: 3.60e-04
  Epoch [9/200]  Batch [ 110/123]  Loss: -11.9249  LR: 3.60e-04
  Epoch [9/200]  Batch [ 120/123]  Loss: -11.9755  LR: 3.60e-04

------------------------------------------------------------
  Epoch   9/200 complete  |  Avg Loss: -11.8648  |  LR: 4.00e-04
------------------------------------------------------------

  Epoch [10/200]  Batch [   0/123]  Loss: -11.8751  LR: 4.00e-04
  Epoch [10/200]  Batch [  10/123]  Loss: -11.8742  LR: 4.00e-04
  Epoch [10/200]  Batch [  20/123]  Loss: -11.8181  LR: 4.00e-04
  Epoch [10/200]  Batch [  30/123]  Loss: -11.8749  LR: 4.00e-04
  Epoch [10/200]  Batch [  40/123]  Loss: -11.8469  LR: 4.00e-04
  Epoch [10/200]  Batch [  50/123]  Loss: -12.0242  LR: 4.00e-04
  Epoch [10/200]  Batch [  60/123]  Loss: -11.9389  LR: 4.00e-04
  Epoch [10/200]  Batch [  70/123]  Loss: -11.8038  LR: 4.00e-04
  Epoch [10/200]  Batch [  80/123]  Loss: -11.9417  LR: 4.00e-04
  Epoch [10/200]  Batch [  90/123]  Loss: -11.9182  LR: 4.00e-04
  Epoch [10/200]  Batch [ 100/123]  Loss: -11.7317  LR: 4.00e-04
  Epoch [10/200]  Batch [ 110/123]  Loss: -11.9345  LR: 4.00e-04
  Epoch [10/200]  Batch [ 120/123]  Loss: -11.8978  LR: 4.00e-04

------------------------------------------------------------
  Epoch  10/200 complete  |  Avg Loss: -11.9235  |  LR: 4.00e-04
------------------------------------------------------------

  Epoch [11/200]  Batch [   0/123]  Loss: -11.9380  LR: 4.00e-04
  Epoch [11/200]  Batch [  10/123]  Loss: -11.9774  LR: 4.00e-04
  Epoch [11/200]  Batch [  20/123]  Loss: -11.9488  LR: 4.00e-04
  Epoch [11/200]  Batch [  30/123]  Loss: -11.9791  LR: 4.00e-04
  Epoch [11/200]  Batch [  40/123]  Loss: -12.0002  LR: 4.00e-04
  Epoch [11/200]  Batch [  50/123]  Loss: -11.8909  LR: 4.00e-04
  Epoch [11/200]  Batch [  60/123]  Loss: -12.0294  LR: 4.00e-04
  Epoch [11/200]  Batch [  70/123]  Loss: -12.0373  LR: 4.00e-04
  Epoch [11/200]  Batch [  80/123]  Loss: -11.9814  LR: 4.00e-04
  Epoch [11/200]  Batch [  90/123]  Loss: -12.0908  LR: 4.00e-04
  Epoch [11/200]  Batch [ 100/123]  Loss: -12.0376  LR: 4.00e-04
  Epoch [11/200]  Batch [ 110/123]  Loss: -11.9484  LR: 4.00e-04
  Epoch [11/200]  Batch [ 120/123]  Loss: -12.0723  LR: 4.00e-04

------------------------------------------------------------
  Epoch  11/200 complete  |  Avg Loss: -11.9934  |  LR: 4.00e-04
------------------------------------------------------------

  Epoch [12/200]  Batch [   0/123]  Loss: -12.0930  LR: 4.00e-04
  Epoch [12/200]  Batch [  10/123]  Loss: -12.1206  LR: 4.00e-04
  Epoch [12/200]  Batch [  20/123]  Loss: -12.0284  LR: 4.00e-04
  Epoch [12/200]  Batch [  30/123]  Loss: -12.1023  LR: 4.00e-04
  Epoch [12/200]  Batch [  40/123]  Loss: -12.0645  LR: 4.00e-04
  Epoch [12/200]  Batch [  50/123]  Loss: -12.1287  LR: 4.00e-04
  Epoch [12/200]  Batch [  60/123]  Loss: -12.1250  LR: 4.00e-04
  Epoch [12/200]  Batch [  70/123]  Loss: -12.1552  LR: 4.00e-04
  Epoch [12/200]  Batch [  80/123]  Loss: -12.1354  LR: 4.00e-04
  Epoch [12/200]  Batch [  90/123]  Loss: -12.1738  LR: 4.00e-04
  Epoch [12/200]  Batch [ 100/123]  Loss: -12.1503  LR: 4.00e-04
  Epoch [12/200]  Batch [ 110/123]  Loss: -12.1755  LR: 4.00e-04
  Epoch [12/200]  Batch [ 120/123]  Loss: -12.0900  LR: 4.00e-04

------------------------------------------------------------
  Epoch  12/200 complete  |  Avg Loss: -12.1088  |  LR: 4.00e-04
------------------------------------------------------------

  Epoch [13/200]  Batch [   0/123]  Loss: -12.1162  LR: 4.00e-04
  Epoch [13/200]  Batch [  10/123]  Loss: -12.0331  LR: 4.00e-04
  Epoch [13/200]  Batch [  20/123]  Loss: -12.2036  LR: 4.00e-04
  Epoch [13/200]  Batch [  30/123]  Loss: -12.1439  LR: 4.00e-04
  Epoch [13/200]  Batch [  40/123]  Loss: -12.1711  LR: 4.00e-04
  Epoch [13/200]  Batch [  50/123]  Loss: -12.0379  LR: 4.00e-04
  Epoch [13/200]  Batch [  60/123]  Loss: -12.2216  LR: 4.00e-04
  Epoch [13/200]  Batch [  70/123]  Loss: -12.1798  LR: 4.00e-04
  Epoch [13/200]  Batch [  80/123]  Loss: -12.2174  LR: 4.00e-04
  Epoch [13/200]  Batch [  90/123]  Loss: -12.2015  LR: 4.00e-04
  Epoch [13/200]  Batch [ 100/123]  Loss: -12.2341  LR: 4.00e-04
  Epoch [13/200]  Batch [ 110/123]  Loss: -12.1993  LR: 4.00e-04
  Epoch [13/200]  Batch [ 120/123]  Loss: -12.1488  LR: 4.00e-04

------------------------------------------------------------
  Epoch  13/200 complete  |  Avg Loss: -12.1717  |  LR: 4.00e-04
------------------------------------------------------------

  Epoch [14/200]  Batch [   0/123]  Loss: -12.1391  LR: 4.00e-04
  Epoch [14/200]  Batch [  10/123]  Loss: -12.2344  LR: 4.00e-04
  Epoch [14/200]  Batch [  20/123]  Loss: -12.2689  LR: 4.00e-04
  Epoch [14/200]  Batch [  30/123]  Loss: -12.2115  LR: 4.00e-04
  Epoch [14/200]  Batch [  40/123]  Loss: -12.1880  LR: 4.00e-04
  Epoch [14/200]  Batch [  50/123]  Loss: -12.2050  LR: 4.00e-04
  Epoch [14/200]  Batch [  60/123]  Loss: -12.2961  LR: 4.00e-04
  Epoch [14/200]  Batch [  70/123]  Loss: -12.2334  LR: 4.00e-04
  Epoch [14/200]  Batch [  80/123]  Loss: -12.2947  LR: 4.00e-04
  Epoch [14/200]  Batch [  90/123]  Loss: -12.2087  LR: 4.00e-04
  Epoch [14/200]  Batch [ 100/123]  Loss: -12.2918  LR: 4.00e-04
  Epoch [14/200]  Batch [ 110/123]  Loss: -12.2202  LR: 4.00e-04
  Epoch [14/200]  Batch [ 120/123]  Loss: -12.2865  LR: 4.00e-04

------------------------------------------------------------
  Epoch  14/200 complete  |  Avg Loss: -12.2437  |  LR: 4.00e-04
------------------------------------------------------------

  Epoch [15/200]  Batch [   0/123]  Loss: -12.2859  LR: 4.00e-04
  Epoch [15/200]  Batch [  10/123]  Loss: -12.2921  LR: 4.00e-04
  Epoch [15/200]  Batch [  20/123]  Loss: -12.2719  LR: 4.00e-04
  Epoch [15/200]  Batch [  30/123]  Loss: -12.2716  LR: 4.00e-04
  Epoch [15/200]  Batch [  40/123]  Loss: -12.2912  LR: 4.00e-04
  Epoch [15/200]  Batch [  50/123]  Loss: -12.2669  LR: 4.00e-04
  Epoch [15/200]  Batch [  60/123]  Loss: -12.3027  LR: 4.00e-04
  Epoch [15/200]  Batch [  70/123]  Loss: -12.3006  LR: 4.00e-04
  Epoch [15/200]  Batch [  80/123]  Loss: -12.3396  LR: 4.00e-04
  Epoch [15/200]  Batch [  90/123]  Loss: -12.2684  LR: 4.00e-04
  Epoch [15/200]  Batch [ 100/123]  Loss: -12.2685  LR: 4.00e-04
  Epoch [15/200]  Batch [ 110/123]  Loss: -12.2557  LR: 4.00e-04
  Epoch [15/200]  Batch [ 120/123]  Loss: -12.3279  LR: 4.00e-04

------------------------------------------------------------
  Epoch  15/200 complete  |  Avg Loss: -12.2877  |  LR: 3.99e-04
------------------------------------------------------------

  Epoch [16/200]  Batch [   0/123]  Loss: -12.2806  LR: 3.99e-04
  Epoch [16/200]  Batch [  10/123]  Loss: -12.2803  LR: 3.99e-04
  Epoch [16/200]  Batch [  20/123]  Loss: -12.2558  LR: 3.99e-04
  Epoch [16/200]  Batch [  30/123]  Loss: -12.3196  LR: 3.99e-04
  Epoch [16/200]  Batch [  40/123]  Loss: -12.3295  LR: 3.99e-04
  Epoch [16/200]  Batch [  50/123]  Loss: -12.3078  LR: 3.99e-04
  Epoch [16/200]  Batch [  60/123]  Loss: -12.3175  LR: 3.99e-04
  Epoch [16/200]  Batch [  70/123]  Loss: -12.1652  LR: 3.99e-04
  Epoch [16/200]  Batch [  80/123]  Loss: -12.2782  LR: 3.99e-04
  Epoch [16/200]  Batch [  90/123]  Loss: -12.3234  LR: 3.99e-04
  Epoch [16/200]  Batch [ 100/123]  Loss: -12.2941  LR: 3.99e-04
  Epoch [16/200]  Batch [ 110/123]  Loss: -12.3654  LR: 3.99e-04
  Epoch [16/200]  Batch [ 120/123]  Loss: -12.3478  LR: 3.99e-04

------------------------------------------------------------
  Epoch  16/200 complete  |  Avg Loss: -12.3089  |  LR: 3.99e-04
------------------------------------------------------------

  Epoch [17/200]  Batch [   0/123]  Loss: -12.3671  LR: 3.99e-04
  Epoch [17/200]  Batch [  10/123]  Loss: -12.3507  LR: 3.99e-04
  Epoch [17/200]  Batch [  20/123]  Loss: -12.3446  LR: 3.99e-04
  Epoch [17/200]  Batch [  30/123]  Loss: -12.2418  LR: 3.99e-04
  Epoch [17/200]  Batch [  40/123]  Loss: -12.2805  LR: 3.99e-04
  Epoch [17/200]  Batch [  50/123]  Loss: -12.3611  LR: 3.99e-04
  Epoch [17/200]  Batch [  60/123]  Loss: -12.3693  LR: 3.99e-04
  Epoch [17/200]  Batch [  70/123]  Loss: -12.3772  LR: 3.99e-04
  Epoch [17/200]  Batch [  80/123]  Loss: -12.2976  LR: 3.99e-04
  Epoch [17/200]  Batch [  90/123]  Loss: -12.3440  LR: 3.99e-04
  Epoch [17/200]  Batch [ 100/123]  Loss: -12.3730  LR: 3.99e-04
  Epoch [17/200]  Batch [ 110/123]  Loss: -12.3487  LR: 3.99e-04
  Epoch [17/200]  Batch [ 120/123]  Loss: -12.3526  LR: 3.99e-04

------------------------------------------------------------
  Epoch  17/200 complete  |  Avg Loss: -12.3324  |  LR: 3.99e-04
------------------------------------------------------------

  Epoch [18/200]  Batch [   0/123]  Loss: -12.3720  LR: 3.99e-04
  Epoch [18/200]  Batch [  10/123]  Loss: -12.3651  LR: 3.99e-04
  Epoch [18/200]  Batch [  20/123]  Loss: -12.3778  LR: 3.99e-04
  Epoch [18/200]  Batch [  30/123]  Loss: -12.3704  LR: 3.99e-04
  Epoch [18/200]  Batch [  40/123]  Loss: -12.3315  LR: 3.99e-04
  Epoch [18/200]  Batch [  50/123]  Loss: -12.3730  LR: 3.99e-04
  Epoch [18/200]  Batch [  60/123]  Loss: -12.3930  LR: 3.99e-04
  Epoch [18/200]  Batch [  70/123]  Loss: -12.3783  LR: 3.99e-04
  Epoch [18/200]  Batch [  80/123]  Loss: -12.3466  LR: 3.99e-04
  Epoch [18/200]  Batch [  90/123]  Loss: -12.3728  LR: 3.99e-04
  Epoch [18/200]  Batch [ 100/123]  Loss: -12.3665  LR: 3.99e-04
  Epoch [18/200]  Batch [ 110/123]  Loss: -12.3230  LR: 3.99e-04
  Epoch [18/200]  Batch [ 120/123]  Loss: -12.3920  LR: 3.99e-04

------------------------------------------------------------
  Epoch  18/200 complete  |  Avg Loss: -12.3545  |  LR: 3.98e-04
------------------------------------------------------------

  Epoch [19/200]  Batch [   0/123]  Loss: -12.3800  LR: 3.98e-04
  Epoch [19/200]  Batch [  10/123]  Loss: -12.3843  LR: 3.98e-04
  Epoch [19/200]  Batch [  20/123]  Loss: -12.3606  LR: 3.98e-04
  Epoch [19/200]  Batch [  30/123]  Loss: -12.3859  LR: 3.98e-04
  Epoch [19/200]  Batch [  40/123]  Loss: -12.3670  LR: 3.98e-04
  Epoch [19/200]  Batch [  50/123]  Loss: -12.4060  LR: 3.98e-04
  Epoch [19/200]  Batch [  60/123]  Loss: -12.3955  LR: 3.98e-04
  Epoch [19/200]  Batch [  70/123]  Loss: -12.3910  LR: 3.98e-04
  Epoch [19/200]  Batch [  80/123]  Loss: -12.3659  LR: 3.98e-04
  Epoch [19/200]  Batch [  90/123]  Loss: -12.3939  LR: 3.98e-04
  Epoch [19/200]  Batch [ 100/123]  Loss: -12.4057  LR: 3.98e-04
  Epoch [19/200]  Batch [ 110/123]  Loss: -12.3666  LR: 3.98e-04
  Epoch [19/200]  Batch [ 120/123]  Loss: -12.3660  LR: 3.98e-04

------------------------------------------------------------
  Epoch  19/200 complete  |  Avg Loss: -12.3722  |  LR: 3.98e-04
------------------------------------------------------------

  Epoch [20/200]  Batch [   0/123]  Loss: -12.4005  LR: 3.98e-04
  Epoch [20/200]  Batch [  10/123]  Loss: -12.3658  LR: 3.98e-04
  Epoch [20/200]  Batch [  20/123]  Loss: -12.3500  LR: 3.98e-04
  Epoch [20/200]  Batch [  30/123]  Loss: -12.2843  LR: 3.98e-04
  Epoch [20/200]  Batch [  40/123]  Loss: -12.2958  LR: 3.98e-04
  Epoch [20/200]  Batch [  50/123]  Loss: -12.3777  LR: 3.98e-04
  Epoch [20/200]  Batch [  60/123]  Loss: -12.3743  LR: 3.98e-04
  Epoch [20/200]  Batch [  70/123]  Loss: -12.4259  LR: 3.98e-04
  Epoch [20/200]  Batch [  80/123]  Loss: -12.3367  LR: 3.98e-04
  Epoch [20/200]  Batch [  90/123]  Loss: -12.2580  LR: 3.98e-04
  Epoch [20/200]  Batch [ 100/123]  Loss: -12.3916  LR: 3.98e-04
  Epoch [20/200]  Batch [ 110/123]  Loss: -12.3695  LR: 3.98e-04
  Epoch [20/200]  Batch [ 120/123]  Loss: -12.3823  LR: 3.98e-04

------------------------------------------------------------
  Epoch  20/200 complete  |  Avg Loss: -12.3842  |  LR: 3.97e-04
------------------------------------------------------------

  Epoch [21/200]  Batch [   0/123]  Loss: -12.4023  LR: 3.97e-04
  Epoch [21/200]  Batch [  10/123]  Loss: -12.4109  LR: 3.97e-04
  Epoch [21/200]  Batch [  20/123]  Loss: -12.4257  LR: 3.97e-04
  Epoch [21/200]  Batch [  30/123]  Loss: -12.4003  LR: 3.97e-04
  Epoch [21/200]  Batch [  40/123]  Loss: -12.3993  LR: 3.97e-04
  Epoch [21/200]  Batch [  50/123]  Loss: -12.3431  LR: 3.97e-04
  Epoch [21/200]  Batch [  60/123]  Loss: -12.4169  LR: 3.97e-04
  Epoch [21/200]  Batch [  70/123]  Loss: -12.4005  LR: 3.97e-04
  Epoch [21/200]  Batch [  80/123]  Loss: -12.3851  LR: 3.97e-04
  Epoch [21/200]  Batch [  90/123]  Loss: -12.4315  LR: 3.97e-04
  Epoch [21/200]  Batch [ 100/123]  Loss: -12.4205  LR: 3.97e-04
  Epoch [21/200]  Batch [ 110/123]  Loss: -12.4526  LR: 3.97e-04
  Epoch [21/200]  Batch [ 120/123]  Loss: -12.4107  LR: 3.97e-04

------------------------------------------------------------
  Epoch  21/200 complete  |  Avg Loss: -12.3935  |  LR: 3.97e-04
------------------------------------------------------------

  Epoch [22/200]  Batch [   0/123]  Loss: -12.3645  LR: 3.97e-04
  Epoch [22/200]  Batch [  10/123]  Loss: -12.3921  LR: 3.97e-04
  Epoch [22/200]  Batch [  20/123]  Loss: -12.3401  LR: 3.97e-04
  Epoch [22/200]  Batch [  30/123]  Loss: -12.3619  LR: 3.97e-04
  Epoch [22/200]  Batch [  40/123]  Loss: -12.4392  LR: 3.97e-04
  Epoch [22/200]  Batch [  50/123]  Loss: -12.3919  LR: 3.97e-04
  Epoch [22/200]  Batch [  60/123]  Loss: -12.3683  LR: 3.97e-04
  Epoch [22/200]  Batch [  70/123]  Loss: -12.4574  LR: 3.97e-04
  Epoch [22/200]  Batch [  80/123]  Loss: -12.4125  LR: 3.97e-04
  Epoch [22/200]  Batch [  90/123]  Loss: -12.4087  LR: 3.97e-04
  Epoch [22/200]  Batch [ 100/123]  Loss: -12.4313  LR: 3.97e-04
  Epoch [22/200]  Batch [ 110/123]  Loss: -12.4019  LR: 3.97e-04
  Epoch [22/200]  Batch [ 120/123]  Loss: -12.4205  LR: 3.97e-04

------------------------------------------------------------
  Epoch  22/200 complete  |  Avg Loss: -12.4056  |  LR: 3.96e-04
------------------------------------------------------------

  Epoch [23/200]  Batch [   0/123]  Loss: -12.4298  LR: 3.96e-04
  Epoch [23/200]  Batch [  10/123]  Loss: -12.4167  LR: 3.96e-04
  Epoch [23/200]  Batch [  20/123]  Loss: -12.3916  LR: 3.96e-04
  Epoch [23/200]  Batch [  30/123]  Loss: -12.4122  LR: 3.96e-04
  Epoch [23/200]  Batch [  40/123]  Loss: -12.4455  LR: 3.96e-04
  Epoch [23/200]  Batch [  50/123]  Loss: -12.4410  LR: 3.96e-04
  Epoch [23/200]  Batch [  60/123]  Loss: -12.4473  LR: 3.96e-04
  Epoch [23/200]  Batch [  70/123]  Loss: -12.4195  LR: 3.96e-04
  Epoch [23/200]  Batch [  80/123]  Loss: -12.4027  LR: 3.96e-04
  Epoch [23/200]  Batch [  90/123]  Loss: -12.4248  LR: 3.96e-04
  Epoch [23/200]  Batch [ 100/123]  Loss: -12.4310  LR: 3.96e-04
  Epoch [23/200]  Batch [ 110/123]  Loss: -12.4293  LR: 3.96e-04
  Epoch [23/200]  Batch [ 120/123]  Loss: -12.4377  LR: 3.96e-04

------------------------------------------------------------
  Epoch  23/200 complete  |  Avg Loss: -12.4169  |  LR: 3.95e-04
------------------------------------------------------------

  Epoch [24/200]  Batch [   0/123]  Loss: -12.4384  LR: 3.95e-04
  Epoch [24/200]  Batch [  10/123]  Loss: -12.4180  LR: 3.95e-04
  Epoch [24/200]  Batch [  20/123]  Loss: -12.4347  LR: 3.95e-04
  Epoch [24/200]  Batch [  30/123]  Loss: -12.4378  LR: 3.95e-04
  Epoch [24/200]  Batch [  40/123]  Loss: -12.4267  LR: 3.95e-04
  Epoch [24/200]  Batch [  50/123]  Loss: -12.4345  LR: 3.95e-04
  Epoch [24/200]  Batch [  60/123]  Loss: -12.4389  LR: 3.95e-04
  Epoch [24/200]  Batch [  70/123]  Loss: -12.4435  LR: 3.95e-04
  Epoch [24/200]  Batch [  80/123]  Loss: -12.3955  LR: 3.95e-04
  Epoch [24/200]  Batch [  90/123]  Loss: -12.3912  LR: 3.95e-04
  Epoch [24/200]  Batch [ 100/123]  Loss: -12.4499  LR: 3.95e-04
  Epoch [24/200]  Batch [ 110/123]  Loss: -12.4524  LR: 3.95e-04
  Epoch [24/200]  Batch [ 120/123]  Loss: -12.4498  LR: 3.95e-04

------------------------------------------------------------
  Epoch  24/200 complete  |  Avg Loss: -12.4230  |  LR: 3.95e-04
------------------------------------------------------------

  Epoch [25/200]  Batch [   0/123]  Loss: -12.4595  LR: 3.95e-04
  Epoch [25/200]  Batch [  10/123]  Loss: -12.4411  LR: 3.95e-04
  Epoch [25/200]  Batch [  20/123]  Loss: -12.4330  LR: 3.95e-04
  Epoch [25/200]  Batch [  30/123]  Loss: -12.4338  LR: 3.95e-04
  Epoch [25/200]  Batch [  40/123]  Loss: -12.4436  LR: 3.95e-04
  Epoch [25/200]  Batch [  50/123]  Loss: -12.4506  LR: 3.95e-04
  Epoch [25/200]  Batch [  60/123]  Loss: -12.4306  LR: 3.95e-04
  Epoch [25/200]  Batch [  70/123]  Loss: -12.4495  LR: 3.95e-04
  Epoch [25/200]  Batch [  80/123]  Loss: -12.3975  LR: 3.95e-04
  Epoch [25/200]  Batch [  90/123]  Loss: -12.4565  LR: 3.95e-04
  Epoch [25/200]  Batch [ 100/123]  Loss: -12.4386  LR: 3.95e-04
  Epoch [25/200]  Batch [ 110/123]  Loss: -12.4443  LR: 3.95e-04
  Epoch [25/200]  Batch [ 120/123]  Loss: -12.4730  LR: 3.95e-04

------------------------------------------------------------
  Epoch  25/200 complete  |  Avg Loss: -12.4337  |  LR: 3.94e-04
------------------------------------------------------------

  Epoch [26/200]  Batch [   0/123]  Loss: -12.3608  LR: 3.94e-04
  Epoch [26/200]  Batch [  10/123]  Loss: -12.3926  LR: 3.94e-04
  Epoch [26/200]  Batch [  20/123]  Loss: -12.4160  LR: 3.94e-04
  Epoch [26/200]  Batch [  30/123]  Loss: -12.4131  LR: 3.94e-04
  Epoch [26/200]  Batch [  40/123]  Loss: -12.4560  LR: 3.94e-04
  Epoch [26/200]  Batch [  50/123]  Loss: -12.4555  LR: 3.94e-04
  Epoch [26/200]  Batch [  60/123]  Loss: -12.4669  LR: 3.94e-04
  Epoch [26/200]  Batch [  70/123]  Loss: -12.4153  LR: 3.94e-04
  Epoch [26/200]  Batch [  80/123]  Loss: -12.4733  LR: 3.94e-04
  Epoch [26/200]  Batch [  90/123]  Loss: -12.4327  LR: 3.94e-04
  Epoch [26/200]  Batch [ 100/123]  Loss: -12.4520  LR: 3.94e-04
  Epoch [26/200]  Batch [ 110/123]  Loss: -12.4630  LR: 3.94e-04
  Epoch [26/200]  Batch [ 120/123]  Loss: -12.4498  LR: 3.94e-04

------------------------------------------------------------
  Epoch  26/200 complete  |  Avg Loss: -12.4380  |  LR: 3.93e-04
------------------------------------------------------------

  Epoch [27/200]  Batch [   0/123]  Loss: -12.4591  LR: 3.93e-04
  Epoch [27/200]  Batch [  10/123]  Loss: -12.4360  LR: 3.93e-04
  Epoch [27/200]  Batch [  20/123]  Loss: -12.4438  LR: 3.93e-04
  Epoch [27/200]  Batch [  30/123]  Loss: -12.4536  LR: 3.93e-04
  Epoch [27/200]  Batch [  40/123]  Loss: -12.4499  LR: 3.93e-04
  Epoch [27/200]  Batch [  50/123]  Loss: -12.4657  LR: 3.93e-04
  Epoch [27/200]  Batch [  60/123]  Loss: -12.4012  LR: 3.93e-04
  Epoch [27/200]  Batch [  70/123]  Loss: -12.4427  LR: 3.93e-04
  Epoch [27/200]  Batch [  80/123]  Loss: -12.4718  LR: 3.93e-04
  Epoch [27/200]  Batch [  90/123]  Loss: -12.4574  LR: 3.93e-04
  Epoch [27/200]  Batch [ 100/123]  Loss: -12.4600  LR: 3.93e-04
  Epoch [27/200]  Batch [ 110/123]  Loss: -12.4813  LR: 3.93e-04
  Epoch [27/200]  Batch [ 120/123]  Loss: -12.3989  LR: 3.93e-04

------------------------------------------------------------
  Epoch  27/200 complete  |  Avg Loss: -12.4450  |  LR: 3.92e-04
------------------------------------------------------------

  Epoch [28/200]  Batch [   0/123]  Loss: -12.4471  LR: 3.92e-04
  Epoch [28/200]  Batch [  10/123]  Loss: -12.4095  LR: 3.92e-04
  Epoch [28/200]  Batch [  20/123]  Loss: -12.4713  LR: 3.92e-04
  Epoch [28/200]  Batch [  30/123]  Loss: -12.3807  LR: 3.92e-04
  Epoch [28/200]  Batch [  40/123]  Loss: -12.4666  LR: 3.92e-04
  Epoch [28/200]  Batch [  50/123]  Loss: -12.4512  LR: 3.92e-04
  Epoch [28/200]  Batch [  60/123]  Loss: -12.4608  LR: 3.92e-04
  Epoch [28/200]  Batch [  70/123]  Loss: -12.4088  LR: 3.92e-04
  Epoch [28/200]  Batch [  80/123]  Loss: -12.4578  LR: 3.92e-04
  Epoch [28/200]  Batch [  90/123]  Loss: -12.4761  LR: 3.92e-04
  Epoch [28/200]  Batch [ 100/123]  Loss: -12.4375  LR: 3.92e-04
  Epoch [28/200]  Batch [ 110/123]  Loss: -12.4591  LR: 3.92e-04
  Epoch [28/200]  Batch [ 120/123]  Loss: -12.4676  LR: 3.92e-04

------------------------------------------------------------
  Epoch  28/200 complete  |  Avg Loss: -12.4450  |  LR: 3.91e-04
------------------------------------------------------------

  Epoch [29/200]  Batch [   0/123]  Loss: -12.4731  LR: 3.91e-04
  Epoch [29/200]  Batch [  10/123]  Loss: -12.4660  LR: 3.91e-04
  Epoch [29/200]  Batch [  20/123]  Loss: -12.4555  LR: 3.91e-04
  Epoch [29/200]  Batch [  30/123]  Loss: -12.4521  LR: 3.91e-04
  Epoch [29/200]  Batch [  40/123]  Loss: -12.3376  LR: 3.91e-04
  Epoch [29/200]  Batch [  50/123]  Loss: -12.4512  LR: 3.91e-04
  Epoch [29/200]  Batch [  60/123]  Loss: -12.4772  LR: 3.91e-04
  Epoch [29/200]  Batch [  70/123]  Loss: -12.4730  LR: 3.91e-04
  Epoch [29/200]  Batch [  80/123]  Loss: -12.4802  LR: 3.91e-04
  Epoch [29/200]  Batch [  90/123]  Loss: -12.4808  LR: 3.91e-04
  Epoch [29/200]  Batch [ 100/123]  Loss: -12.4760  LR: 3.91e-04
  Epoch [29/200]  Batch [ 110/123]  Loss: -12.4772  LR: 3.91e-04
  Epoch [29/200]  Batch [ 120/123]  Loss: -12.4386  LR: 3.91e-04

------------------------------------------------------------
  Epoch  29/200 complete  |  Avg Loss: -12.4555  |  LR: 3.90e-04
------------------------------------------------------------

  Epoch [30/200]  Batch [   0/123]  Loss: -12.4754  LR: 3.90e-04
  Epoch [30/200]  Batch [  10/123]  Loss: -12.4555  LR: 3.90e-04
  Epoch [30/200]  Batch [  20/123]  Loss: -12.4846  LR: 3.90e-04
  Epoch [30/200]  Batch [  30/123]  Loss: -12.4772  LR: 3.90e-04
  Epoch [30/200]  Batch [  40/123]  Loss: -12.4729  LR: 3.90e-04
  Epoch [30/200]  Batch [  50/123]  Loss: -12.4730  LR: 3.90e-04
  Epoch [30/200]  Batch [  60/123]  Loss: -12.4663  LR: 3.90e-04
  Epoch [30/200]  Batch [  70/123]  Loss: -12.4746  LR: 3.90e-04
  Epoch [30/200]  Batch [  80/123]  Loss: -12.4418  LR: 3.90e-04
  Epoch [30/200]  Batch [  90/123]  Loss: -12.4674  LR: 3.90e-04
  Epoch [30/200]  Batch [ 100/123]  Loss: -12.4663  LR: 3.90e-04
  Epoch [30/200]  Batch [ 110/123]  Loss: -12.4392  LR: 3.90e-04
  Epoch [30/200]  Batch [ 120/123]  Loss: -12.3994  LR: 3.90e-04

------------------------------------------------------------
  Epoch  30/200 complete  |  Avg Loss: -12.4558  |  LR: 3.89e-04
------------------------------------------------------------

  Epoch [31/200]  Batch [   0/123]  Loss: -12.4623  LR: 3.89e-04
  Epoch [31/200]  Batch [  10/123]  Loss: -12.4823  LR: 3.89e-04
  Epoch [31/200]  Batch [  20/123]  Loss: -12.4675  LR: 3.89e-04
  Epoch [31/200]  Batch [  30/123]  Loss: -12.4876  LR: 3.89e-04
  Epoch [31/200]  Batch [  40/123]  Loss: -12.4895  LR: 3.89e-04
  Epoch [31/200]  Batch [  50/123]  Loss: -12.4909  LR: 3.89e-04
  Epoch [31/200]  Batch [  60/123]  Loss: -12.4792  LR: 3.89e-04
  Epoch [31/200]  Batch [  70/123]  Loss: -12.4783  LR: 3.89e-04
  Epoch [31/200]  Batch [  80/123]  Loss: -12.4825  LR: 3.89e-04
  Epoch [31/200]  Batch [  90/123]  Loss: -12.4801  LR: 3.89e-04
  Epoch [31/200]  Batch [ 100/123]  Loss: -12.4541  LR: 3.89e-04
  Epoch [31/200]  Batch [ 110/123]  Loss: -12.4900  LR: 3.89e-04
  Epoch [31/200]  Batch [ 120/123]  Loss: -12.4662  LR: 3.89e-04

------------------------------------------------------------
  Epoch  31/200 complete  |  Avg Loss: -12.4639  |  LR: 3.88e-04
------------------------------------------------------------

  Epoch [32/200]  Batch [   0/123]  Loss: -12.4675  LR: 3.88e-04
  Epoch [32/200]  Batch [  10/123]  Loss: -12.4975  LR: 3.88e-04
  Epoch [32/200]  Batch [  20/123]  Loss: -12.4826  LR: 3.88e-04
  Epoch [32/200]  Batch [  30/123]  Loss: -12.4799  LR: 3.88e-04
  Epoch [32/200]  Batch [  40/123]  Loss: -12.4879  LR: 3.88e-04
  Epoch [32/200]  Batch [  50/123]  Loss: -12.4713  LR: 3.88e-04
  Epoch [32/200]  Batch [  60/123]  Loss: -12.4601  LR: 3.88e-04
  Epoch [32/200]  Batch [  70/123]  Loss: -12.4959  LR: 3.88e-04
  Epoch [32/200]  Batch [  80/123]  Loss: -12.4850  LR: 3.88e-04
  Epoch [32/200]  Batch [  90/123]  Loss: -12.4149  LR: 3.88e-04
  Epoch [32/200]  Batch [ 100/123]  Loss: -12.4015  LR: 3.88e-04
  Epoch [32/200]  Batch [ 110/123]  Loss: -12.4997  LR: 3.88e-04
  Epoch [32/200]  Batch [ 120/123]  Loss: -12.4547  LR: 3.88e-04

------------------------------------------------------------
  Epoch  32/200 complete  |  Avg Loss: -12.4725  |  LR: 3.87e-04
------------------------------------------------------------

  Epoch [33/200]  Batch [   0/123]  Loss: -12.4708  LR: 3.87e-04
  Epoch [33/200]  Batch [  10/123]  Loss: -12.4673  LR: 3.87e-04
  Epoch [33/200]  Batch [  20/123]  Loss: -12.5026  LR: 3.87e-04
  Epoch [33/200]  Batch [  30/123]  Loss: -12.4693  LR: 3.87e-04
  Epoch [33/200]  Batch [  40/123]  Loss: -12.4809  LR: 3.87e-04
  Epoch [33/200]  Batch [  50/123]  Loss: -12.4163  LR: 3.87e-04
  Epoch [33/200]  Batch [  60/123]  Loss: -12.4420  LR: 3.87e-04
  Epoch [33/200]  Batch [  70/123]  Loss: -12.4842  LR: 3.87e-04
  Epoch [33/200]  Batch [  80/123]  Loss: -12.4573  LR: 3.87e-04
  Epoch [33/200]  Batch [  90/123]  Loss: -12.4693  LR: 3.87e-04
  Epoch [33/200]  Batch [ 100/123]  Loss: -12.4681  LR: 3.87e-04
  Epoch [33/200]  Batch [ 110/123]  Loss: -12.4425  LR: 3.87e-04
  Epoch [33/200]  Batch [ 120/123]  Loss: -12.4965  LR: 3.87e-04

------------------------------------------------------------
  Epoch  33/200 complete  |  Avg Loss: -12.4670  |  LR: 3.86e-04
------------------------------------------------------------

  Epoch [34/200]  Batch [   0/123]  Loss: -12.4433  LR: 3.86e-04
  Epoch [34/200]  Batch [  10/123]  Loss: -12.4782  LR: 3.86e-04
  Epoch [34/200]  Batch [  20/123]  Loss: -12.4972  LR: 3.86e-04
  Epoch [34/200]  Batch [  30/123]  Loss: -12.5046  LR: 3.86e-04
  Epoch [34/200]  Batch [  40/123]  Loss: -12.4818  LR: 3.86e-04
  Epoch [34/200]  Batch [  50/123]  Loss: -12.4388  LR: 3.86e-04
  Epoch [34/200]  Batch [  60/123]  Loss: -12.3995  LR: 3.86e-04
  Epoch [34/200]  Batch [  70/123]  Loss: -12.4851  LR: 3.86e-04
  Epoch [34/200]  Batch [  80/123]  Loss: -12.4708  LR: 3.86e-04
  Epoch [34/200]  Batch [  90/123]  Loss: -12.4547  LR: 3.86e-04
  Epoch [34/200]  Batch [ 100/123]  Loss: -12.5020  LR: 3.86e-04
  Epoch [34/200]  Batch [ 110/123]  Loss: -12.4925  LR: 3.86e-04
  Epoch [34/200]  Batch [ 120/123]  Loss: -12.5041  LR: 3.86e-04

------------------------------------------------------------
  Epoch  34/200 complete  |  Avg Loss: -12.4755  |  LR: 3.84e-04
------------------------------------------------------------

  Epoch [35/200]  Batch [   0/123]  Loss: -12.4835  LR: 3.84e-04
  Epoch [35/200]  Batch [  10/123]  Loss: -12.4724  LR: 3.84e-04
  Epoch [35/200]  Batch [  20/123]  Loss: -12.4975  LR: 3.84e-04
  Epoch [35/200]  Batch [  30/123]  Loss: -12.4745  LR: 3.84e-04
  Epoch [35/200]  Batch [  40/123]  Loss: -12.4985  LR: 3.84e-04
  Epoch [35/200]  Batch [  50/123]  Loss: -12.5064  LR: 3.84e-04
  Epoch [35/200]  Batch [  60/123]  Loss: -12.4813  LR: 3.84e-04
  Epoch [35/200]  Batch [  70/123]  Loss: -12.4880  LR: 3.84e-04
  Epoch [35/200]  Batch [  80/123]  Loss: -12.5031  LR: 3.84e-04
  Epoch [35/200]  Batch [  90/123]  Loss: -12.4715  LR: 3.84e-04
  Epoch [35/200]  Batch [ 100/123]  Loss: -12.4919  LR: 3.84e-04
  Epoch [35/200]  Batch [ 110/123]  Loss: -12.4977  LR: 3.84e-04
  Epoch [35/200]  Batch [ 120/123]  Loss: -12.4820  LR: 3.84e-04

------------------------------------------------------------
  Epoch  35/200 complete  |  Avg Loss: -12.4836  |  LR: 3.83e-04
------------------------------------------------------------

  Epoch [36/200]  Batch [   0/123]  Loss: -12.4982  LR: 3.83e-04
  Epoch [36/200]  Batch [  10/123]  Loss: -12.5149  LR: 3.83e-04
  Epoch [36/200]  Batch [  20/123]  Loss: -12.4892  LR: 3.83e-04
  Epoch [36/200]  Batch [  30/123]  Loss: -12.5023  LR: 3.83e-04
  Epoch [36/200]  Batch [  40/123]  Loss: -12.4731  LR: 3.83e-04
  Epoch [36/200]  Batch [  50/123]  Loss: -12.4830  LR: 3.83e-04
  Epoch [36/200]  Batch [  60/123]  Loss: -12.4869  LR: 3.83e-04
  Epoch [36/200]  Batch [  70/123]  Loss: -12.5061  LR: 3.83e-04
  Epoch [36/200]  Batch [  80/123]  Loss: -12.5012  LR: 3.83e-04
  Epoch [36/200]  Batch [  90/123]  Loss: -12.4974  LR: 3.83e-04
  Epoch [36/200]  Batch [ 100/123]  Loss: -12.4539  LR: 3.83e-04
  Epoch [36/200]  Batch [ 110/123]  Loss: -12.5165  LR: 3.83e-04
  Epoch [36/200]  Batch [ 120/123]  Loss: -12.4970  LR: 3.83e-04

------------------------------------------------------------
  Epoch  36/200 complete  |  Avg Loss: -12.4835  |  LR: 3.82e-04
------------------------------------------------------------

  Epoch [37/200]  Batch [   0/123]  Loss: -12.4895  LR: 3.82e-04
  Epoch [37/200]  Batch [  10/123]  Loss: -12.4901  LR: 3.82e-04
  Epoch [37/200]  Batch [  20/123]  Loss: -12.4817  LR: 3.82e-04
  Epoch [37/200]  Batch [  30/123]  Loss: -12.5122  LR: 3.82e-04
  Epoch [37/200]  Batch [  40/123]  Loss: -12.5150  LR: 3.82e-04
  Epoch [37/200]  Batch [  50/123]  Loss: -12.5130  LR: 3.82e-04
  Epoch [37/200]  Batch [  60/123]  Loss: -12.4746  LR: 3.82e-04
  Epoch [37/200]  Batch [  70/123]  Loss: -12.5102  LR: 3.82e-04
  Epoch [37/200]  Batch [  80/123]  Loss: -12.4679  LR: 3.82e-04
  Epoch [37/200]  Batch [  90/123]  Loss: -12.4853  LR: 3.82e-04
  Epoch [37/200]  Batch [ 100/123]  Loss: -12.4877  LR: 3.82e-04
  Epoch [37/200]  Batch [ 110/123]  Loss: -12.5019  LR: 3.82e-04
  Epoch [37/200]  Batch [ 120/123]  Loss: -12.5092  LR: 3.82e-04

------------------------------------------------------------
  Epoch  37/200 complete  |  Avg Loss: -12.4917  |  LR: 3.80e-04
------------------------------------------------------------

  Epoch [38/200]  Batch [   0/123]  Loss: -12.5112  LR: 3.80e-04
  Epoch [38/200]  Batch [  10/123]  Loss: -12.4569  LR: 3.80e-04
  Epoch [38/200]  Batch [  20/123]  Loss: -12.5157  LR: 3.80e-04
  Epoch [38/200]  Batch [  30/123]  Loss: -12.4440  LR: 3.80e-04
  Epoch [38/200]  Batch [  40/123]  Loss: -12.5077  LR: 3.80e-04
  Epoch [38/200]  Batch [  50/123]  Loss: -12.4936  LR: 3.80e-04
  Epoch [38/200]  Batch [  60/123]  Loss: -12.4221  LR: 3.80e-04
  Epoch [38/200]  Batch [  70/123]  Loss: -12.4769  LR: 3.80e-04
  Epoch [38/200]  Batch [  80/123]  Loss: -12.3537  LR: 3.80e-04
  Epoch [38/200]  Batch [  90/123]  Loss: -12.4194  LR: 3.80e-04
  Epoch [38/200]  Batch [ 100/123]  Loss: -12.4683  LR: 3.80e-04
  Epoch [38/200]  Batch [ 110/123]  Loss: -12.4933  LR: 3.80e-04
  Epoch [38/200]  Batch [ 120/123]  Loss: -12.5149  LR: 3.80e-04

------------------------------------------------------------
  Epoch  38/200 complete  |  Avg Loss: -12.4885  |  LR: 3.79e-04
------------------------------------------------------------

  Epoch [39/200]  Batch [   0/123]  Loss: -12.5160  LR: 3.79e-04
  Epoch [39/200]  Batch [  10/123]  Loss: -12.5067  LR: 3.79e-04
  Epoch [39/200]  Batch [  20/123]  Loss: -12.4961  LR: 3.79e-04
  Epoch [39/200]  Batch [  30/123]  Loss: -12.5124  LR: 3.79e-04
  Epoch [39/200]  Batch [  40/123]  Loss: -12.5032  LR: 3.79e-04
  Epoch [39/200]  Batch [  50/123]  Loss: -12.5204  LR: 3.79e-04
  Epoch [39/200]  Batch [  60/123]  Loss: -12.5110  LR: 3.79e-04
  Epoch [39/200]  Batch [  70/123]  Loss: -12.5032  LR: 3.79e-04
  Epoch [39/200]  Batch [  80/123]  Loss: -12.4047  LR: 3.79e-04
  Epoch [39/200]  Batch [  90/123]  Loss: -12.4862  LR: 3.79e-04
  Epoch [39/200]  Batch [ 100/123]  Loss: -12.5028  LR: 3.79e-04
  Epoch [39/200]  Batch [ 110/123]  Loss: -12.4762  LR: 3.79e-04
  Epoch [39/200]  Batch [ 120/123]  Loss: -12.5065  LR: 3.79e-04

------------------------------------------------------------
  Epoch  39/200 complete  |  Avg Loss: -12.4904  |  LR: 3.77e-04
------------------------------------------------------------

  Epoch [40/200]  Batch [   0/123]  Loss: -12.4407  LR: 3.77e-04
  Epoch [40/200]  Batch [  10/123]  Loss: -12.5216  LR: 3.77e-04
  Epoch [40/200]  Batch [  20/123]  Loss: -12.4508  LR: 3.77e-04
  Epoch [40/200]  Batch [  30/123]  Loss: -12.4975  LR: 3.77e-04
  Epoch [40/200]  Batch [  40/123]  Loss: -12.5091  LR: 3.77e-04
  Epoch [40/200]  Batch [  50/123]  Loss: -12.4843  LR: 3.77e-04
  Epoch [40/200]  Batch [  60/123]  Loss: -12.5077  LR: 3.77e-04
  Epoch [40/200]  Batch [  70/123]  Loss: -12.4728  LR: 3.77e-04
  Epoch [40/200]  Batch [  80/123]  Loss: -12.4724  LR: 3.77e-04
  Epoch [40/200]  Batch [  90/123]  Loss: -12.5265  LR: 3.77e-04
  Epoch [40/200]  Batch [ 100/123]  Loss: -12.4501  LR: 3.77e-04
  Epoch [40/200]  Batch [ 110/123]  Loss: -12.4921  LR: 3.77e-04
  Epoch [40/200]  Batch [ 120/123]  Loss: -12.5136  LR: 3.77e-04

------------------------------------------------------------
  Epoch  40/200 complete  |  Avg Loss: -12.4904  |  LR: 3.76e-04
------------------------------------------------------------

  Epoch [41/200]  Batch [   0/123]  Loss: -12.5027  LR: 3.76e-04
  Epoch [41/200]  Batch [  10/123]  Loss: -12.5129  LR: 3.76e-04
  Epoch [41/200]  Batch [  20/123]  Loss: -12.5290  LR: 3.76e-04
  Epoch [41/200]  Batch [  30/123]  Loss: -12.3965  LR: 3.76e-04
  Epoch [41/200]  Batch [  40/123]  Loss: -12.5090  LR: 3.76e-04
  Epoch [41/200]  Batch [  50/123]  Loss: -12.5042  LR: 3.76e-04
  Epoch [41/200]  Batch [  60/123]  Loss: -12.5013  LR: 3.76e-04
  Epoch [41/200]  Batch [  70/123]  Loss: -12.4825  LR: 3.76e-04
  Epoch [41/200]  Batch [  80/123]  Loss: -12.5159  LR: 3.76e-04
  Epoch [41/200]  Batch [  90/123]  Loss: -12.4989  LR: 3.76e-04
  Epoch [41/200]  Batch [ 100/123]  Loss: -12.4946  LR: 3.76e-04
  Epoch [41/200]  Batch [ 110/123]  Loss: -12.4920  LR: 3.76e-04
  Epoch [41/200]  Batch [ 120/123]  Loss: -12.5057  LR: 3.76e-04

------------------------------------------------------------
  Epoch  41/200 complete  |  Avg Loss: -12.4998  |  LR: 3.74e-04
------------------------------------------------------------

  Epoch [42/200]  Batch [   0/123]  Loss: -12.5034  LR: 3.74e-04
  Epoch [42/200]  Batch [  10/123]  Loss: -12.4988  LR: 3.74e-04
  Epoch [42/200]  Batch [  20/123]  Loss: -12.5208  LR: 3.74e-04
  Epoch [42/200]  Batch [  30/123]  Loss: -12.5115  LR: 3.74e-04
  Epoch [42/200]  Batch [  40/123]  Loss: -12.5101  LR: 3.74e-04
  Epoch [42/200]  Batch [  50/123]  Loss: -12.5045  LR: 3.74e-04
  Epoch [42/200]  Batch [  60/123]  Loss: -12.5236  LR: 3.74e-04
  Epoch [42/200]  Batch [  70/123]  Loss: -12.5135  LR: 3.74e-04
  Epoch [42/200]  Batch [  80/123]  Loss: -12.5205  LR: 3.74e-04
  Epoch [42/200]  Batch [  90/123]  Loss: -12.5236  LR: 3.74e-04
  Epoch [42/200]  Batch [ 100/123]  Loss: -12.4340  LR: 3.74e-04
  Epoch [42/200]  Batch [ 110/123]  Loss: -12.5048  LR: 3.74e-04
  Epoch [42/200]  Batch [ 120/123]  Loss: -12.5154  LR: 3.74e-04

------------------------------------------------------------
  Epoch  42/200 complete  |  Avg Loss: -12.5054  |  LR: 3.73e-04
------------------------------------------------------------

  Epoch [43/200]  Batch [   0/123]  Loss: -12.5211  LR: 3.73e-04
  Epoch [43/200]  Batch [  10/123]  Loss: -12.5153  LR: 3.73e-04
  Epoch [43/200]  Batch [  20/123]  Loss: -12.4946  LR: 3.73e-04
  Epoch [43/200]  Batch [  30/123]  Loss: -12.5159  LR: 3.73e-04
  Epoch [43/200]  Batch [  40/123]  Loss: -12.5320  LR: 3.73e-04
  Epoch [43/200]  Batch [  50/123]  Loss: -12.5195  LR: 3.73e-04
  Epoch [43/200]  Batch [  60/123]  Loss: -12.4973  LR: 3.73e-04
  Epoch [43/200]  Batch [  70/123]  Loss: -12.5202  LR: 3.73e-04
  Epoch [43/200]  Batch [  80/123]  Loss: -12.4918  LR: 3.73e-04
  Epoch [43/200]  Batch [  90/123]  Loss: -12.5042  LR: 3.73e-04
  Epoch [43/200]  Batch [ 100/123]  Loss: -12.5077  LR: 3.73e-04
  Epoch [43/200]  Batch [ 110/123]  Loss: -12.5199  LR: 3.73e-04
  Epoch [43/200]  Batch [ 120/123]  Loss: -12.5155  LR: 3.73e-04

------------------------------------------------------------
  Epoch  43/200 complete  |  Avg Loss: -12.5072  |  LR: 3.71e-04
------------------------------------------------------------

  Epoch [44/200]  Batch [   0/123]  Loss: -12.4893  LR: 3.71e-04
  Epoch [44/200]  Batch [  10/123]  Loss: -12.5287  LR: 3.71e-04
  Epoch [44/200]  Batch [  20/123]  Loss: -12.5083  LR: 3.71e-04
  Epoch [44/200]  Batch [  30/123]  Loss: -12.4924  LR: 3.71e-04
  Epoch [44/200]  Batch [  40/123]  Loss: -12.4716  LR: 3.71e-04
  Epoch [44/200]  Batch [  50/123]  Loss: -12.5127  LR: 3.71e-04
  Epoch [44/200]  Batch [  60/123]  Loss: -12.5089  LR: 3.71e-04
  Epoch [44/200]  Batch [  70/123]  Loss: -12.5027  LR: 3.71e-04
  Epoch [44/200]  Batch [  80/123]  Loss: -12.5022  LR: 3.71e-04
  Epoch [44/200]  Batch [  90/123]  Loss: -12.5119  LR: 3.71e-04
  Epoch [44/200]  Batch [ 100/123]  Loss: -12.5145  LR: 3.71e-04
  Epoch [44/200]  Batch [ 110/123]  Loss: -12.5221  LR: 3.71e-04
  Epoch [44/200]  Batch [ 120/123]  Loss: -12.5316  LR: 3.71e-04

------------------------------------------------------------
  Epoch  44/200 complete  |  Avg Loss: -12.5093  |  LR: 3.69e-04
------------------------------------------------------------

  Epoch [45/200]  Batch [   0/123]  Loss: -12.5065  LR: 3.69e-04
  Epoch [45/200]  Batch [  10/123]  Loss: -12.5092  LR: 3.69e-04
  Epoch [45/200]  Batch [  20/123]  Loss: -12.5229  LR: 3.69e-04
  Epoch [45/200]  Batch [  30/123]  Loss: -12.5294  LR: 3.69e-04
  Epoch [45/200]  Batch [  40/123]  Loss: -12.4697  LR: 3.69e-04
  Epoch [45/200]  Batch [  50/123]  Loss: -12.5297  LR: 3.69e-04
  Epoch [45/200]  Batch [  60/123]  Loss: -12.5207  LR: 3.69e-04
  Epoch [45/200]  Batch [  70/123]  Loss: -12.5265  LR: 3.69e-04
  Epoch [45/200]  Batch [  80/123]  Loss: -12.5075  LR: 3.69e-04
  Epoch [45/200]  Batch [  90/123]  Loss: -12.5221  LR: 3.69e-04
  Epoch [45/200]  Batch [ 100/123]  Loss: -12.5045  LR: 3.69e-04
  Epoch [45/200]  Batch [ 110/123]  Loss: -12.5373  LR: 3.69e-04
  Epoch [45/200]  Batch [ 120/123]  Loss: -12.4560  LR: 3.69e-04

------------------------------------------------------------
  Epoch  45/200 complete  |  Avg Loss: -12.5121  |  LR: 3.67e-04
------------------------------------------------------------

  Epoch [46/200]  Batch [   0/123]  Loss: -12.5278  LR: 3.67e-04
  Epoch [46/200]  Batch [  10/123]  Loss: -12.5221  LR: 3.67e-04
  Epoch [46/200]  Batch [  20/123]  Loss: -12.5375  LR: 3.67e-04
  Epoch [46/200]  Batch [  30/123]  Loss: -12.5259  LR: 3.67e-04
  Epoch [46/200]  Batch [  40/123]  Loss: -12.3665  LR: 3.67e-04
  Epoch [46/200]  Batch [  50/123]  Loss: -12.5288  LR: 3.67e-04
  Epoch [46/200]  Batch [  60/123]  Loss: -12.5315  LR: 3.67e-04
  Epoch [46/200]  Batch [  70/123]  Loss: -12.5360  LR: 3.67e-04
  Epoch [46/200]  Batch [  80/123]  Loss: -12.5004  LR: 3.67e-04
  Epoch [46/200]  Batch [  90/123]  Loss: -12.5201  LR: 3.67e-04
  Epoch [46/200]  Batch [ 100/123]  Loss: -12.5150  LR: 3.67e-04
  Epoch [46/200]  Batch [ 110/123]  Loss: -12.4720  LR: 3.67e-04
  Epoch [46/200]  Batch [ 120/123]  Loss: -12.5027  LR: 3.67e-04

------------------------------------------------------------
  Epoch  46/200 complete  |  Avg Loss: -12.5150  |  LR: 3.66e-04
------------------------------------------------------------

  Epoch [47/200]  Batch [   0/123]  Loss: -12.5392  LR: 3.66e-04
  Epoch [47/200]  Batch [  10/123]  Loss: -12.5366  LR: 3.66e-04
  Epoch [47/200]  Batch [  20/123]  Loss: -12.5118  LR: 3.66e-04
  Epoch [47/200]  Batch [  30/123]  Loss: -12.5265  LR: 3.66e-04
  Epoch [47/200]  Batch [  40/123]  Loss: -12.5131  LR: 3.66e-04
  Epoch [47/200]  Batch [  50/123]  Loss: -12.4983  LR: 3.66e-04
  Epoch [47/200]  Batch [  60/123]  Loss: -12.5307  LR: 3.66e-04
  Epoch [47/200]  Batch [  70/123]  Loss: -12.5449  LR: 3.66e-04
  Epoch [47/200]  Batch [  80/123]  Loss: -12.5130  LR: 3.66e-04
  Epoch [47/200]  Batch [  90/123]  Loss: -12.5299  LR: 3.66e-04
  Epoch [47/200]  Batch [ 100/123]  Loss: -12.5270  LR: 3.66e-04
  Epoch [47/200]  Batch [ 110/123]  Loss: -12.5319  LR: 3.66e-04
  Epoch [47/200]  Batch [ 120/123]  Loss: -12.5064  LR: 3.66e-04

------------------------------------------------------------
  Epoch  47/200 complete  |  Avg Loss: -12.5190  |  LR: 3.64e-04
------------------------------------------------------------

  Epoch [48/200]  Batch [   0/123]  Loss: -12.5316  LR: 3.64e-04
  Epoch [48/200]  Batch [  10/123]  Loss: -12.5195  LR: 3.64e-04
  Epoch [48/200]  Batch [  20/123]  Loss: -12.5321  LR: 3.64e-04
  Epoch [48/200]  Batch [  30/123]  Loss: -12.5263  LR: 3.64e-04
  Epoch [48/200]  Batch [  40/123]  Loss: -12.5326  LR: 3.64e-04
  Epoch [48/200]  Batch [  50/123]  Loss: -12.5363  LR: 3.64e-04
  Epoch [48/200]  Batch [  60/123]  Loss: -12.5206  LR: 3.64e-04
  Epoch [48/200]  Batch [  70/123]  Loss: -12.5180  LR: 3.64e-04
  Epoch [48/200]  Batch [  80/123]  Loss: -12.4678  LR: 3.64e-04
  Epoch [48/200]  Batch [  90/123]  Loss: -12.5374  LR: 3.64e-04
  Epoch [48/200]  Batch [ 100/123]  Loss: -12.5390  LR: 3.64e-04
  Epoch [48/200]  Batch [ 110/123]  Loss: -12.5364  LR: 3.64e-04
  Epoch [48/200]  Batch [ 120/123]  Loss: -12.5112  LR: 3.64e-04

------------------------------------------------------------
  Epoch  48/200 complete  |  Avg Loss: -12.5232  |  LR: 3.62e-04
------------------------------------------------------------

  Epoch [49/200]  Batch [   0/123]  Loss: -12.5443  LR: 3.62e-04
  Epoch [49/200]  Batch [  10/123]  Loss: -12.5429  LR: 3.62e-04
  Epoch [49/200]  Batch [  20/123]  Loss: -12.5169  LR: 3.62e-04
  Epoch [49/200]  Batch [  30/123]  Loss: -12.5301  LR: 3.62e-04
  Epoch [49/200]  Batch [  40/123]  Loss: -12.5351  LR: 3.62e-04
  Epoch [49/200]  Batch [  50/123]  Loss: -12.5408  LR: 3.62e-04
  Epoch [49/200]  Batch [  60/123]  Loss: -12.5429  LR: 3.62e-04
  Epoch [49/200]  Batch [  70/123]  Loss: -12.5346  LR: 3.62e-04
  Epoch [49/200]  Batch [  80/123]  Loss: -12.5149  LR: 3.62e-04
  Epoch [49/200]  Batch [  90/123]  Loss: -12.5385  LR: 3.62e-04
  Epoch [49/200]  Batch [ 100/123]  Loss: -12.5289  LR: 3.62e-04
  Epoch [49/200]  Batch [ 110/123]  Loss: -12.5412  LR: 3.62e-04
  Epoch [49/200]  Batch [ 120/123]  Loss: -12.5338  LR: 3.62e-04

------------------------------------------------------------
  Epoch  49/200 complete  |  Avg Loss: -12.5251  |  LR: 3.60e-04
------------------------------------------------------------

  Epoch [50/200]  Batch [   0/123]  Loss: -12.5182  LR: 3.60e-04
  Epoch [50/200]  Batch [  10/123]  Loss: -12.5325  LR: 3.60e-04
  Epoch [50/200]  Batch [  20/123]  Loss: -12.5260  LR: 3.60e-04
  Epoch [50/200]  Batch [  30/123]  Loss: -12.5170  LR: 3.60e-04
  Epoch [50/200]  Batch [  40/123]  Loss: -12.5510  LR: 3.60e-04
  Epoch [50/200]  Batch [  50/123]  Loss: -12.5246  LR: 3.60e-04
  Epoch [50/200]  Batch [  60/123]  Loss: -12.5134  LR: 3.60e-04
  Epoch [50/200]  Batch [  70/123]  Loss: -12.5323  LR: 3.60e-04
  Epoch [50/200]  Batch [  80/123]  Loss: -12.4974  LR: 3.60e-04
  Epoch [50/200]  Batch [  90/123]  Loss: -12.5286  LR: 3.60e-04
  Epoch [50/200]  Batch [ 100/123]  Loss: -12.5450  LR: 3.60e-04
  Epoch [50/200]  Batch [ 110/123]  Loss: -12.3990  LR: 3.60e-04
  Epoch [50/200]  Batch [ 120/123]  Loss: -12.5430  LR: 3.60e-04

------------------------------------------------------------
  Epoch  50/200 complete  |  Avg Loss: -12.5268  |  LR: 3.58e-04
------------------------------------------------------------

  Epoch [51/200]  Batch [   0/123]  Loss: -12.5307  LR: 3.58e-04
  Epoch [51/200]  Batch [  10/123]  Loss: -12.5351  LR: 3.58e-04
  Epoch [51/200]  Batch [  20/123]  Loss: -12.5330  LR: 3.58e-04
  Epoch [51/200]  Batch [  30/123]  Loss: -12.5048  LR: 3.58e-04
  Epoch [51/200]  Batch [  40/123]  Loss: -12.5275  LR: 3.58e-04
  Epoch [51/200]  Batch [  50/123]  Loss: -12.5443  LR: 3.58e-04
  Epoch [51/200]  Batch [  60/123]  Loss: -12.5381  LR: 3.58e-04
  Epoch [51/200]  Batch [  70/123]  Loss: -12.5333  LR: 3.58e-04
  Epoch [51/200]  Batch [  80/123]  Loss: -12.5337  LR: 3.58e-04
  Epoch [51/200]  Batch [  90/123]  Loss: -12.5321  LR: 3.58e-04
  Epoch [51/200]  Batch [ 100/123]  Loss: -12.5238  LR: 3.58e-04
  Epoch [51/200]  Batch [ 110/123]  Loss: -12.5251  LR: 3.58e-04
  Epoch [51/200]  Batch [ 120/123]  Loss: -12.5276  LR: 3.58e-04

------------------------------------------------------------
  Epoch  51/200 complete  |  Avg Loss: -12.5281  |  LR: 3.56e-04
------------------------------------------------------------

  Epoch [52/200]  Batch [   0/123]  Loss: -12.5119  LR: 3.56e-04
  Epoch [52/200]  Batch [  10/123]  Loss: -12.5596  LR: 3.56e-04
  Epoch [52/200]  Batch [  20/123]  Loss: -12.5403  LR: 3.56e-04
  Epoch [52/200]  Batch [  30/123]  Loss: -12.5330  LR: 3.56e-04
  Epoch [52/200]  Batch [  40/123]  Loss: -12.5478  LR: 3.56e-04
  Epoch [52/200]  Batch [  50/123]  Loss: -12.5271  LR: 3.56e-04
  Epoch [52/200]  Batch [  60/123]  Loss: -12.5344  LR: 3.56e-04
  Epoch [52/200]  Batch [  70/123]  Loss: -12.5157  LR: 3.56e-04
  Epoch [52/200]  Batch [  80/123]  Loss: -12.5360  LR: 3.56e-04
  Epoch [52/200]  Batch [  90/123]  Loss: -12.5519  LR: 3.56e-04
  Epoch [52/200]  Batch [ 100/123]  Loss: -12.5418  LR: 3.56e-04
  Epoch [52/200]  Batch [ 110/123]  Loss: -12.4436  LR: 3.56e-04
  Epoch [52/200]  Batch [ 120/123]  Loss: -12.5281  LR: 3.56e-04

------------------------------------------------------------
  Epoch  52/200 complete  |  Avg Loss: -12.5337  |  LR: 3.54e-04
------------------------------------------------------------

  Epoch [53/200]  Batch [   0/123]  Loss: -12.5429  LR: 3.54e-04
  Epoch [53/200]  Batch [  10/123]  Loss: -12.5402  LR: 3.54e-04
  Epoch [53/200]  Batch [  20/123]  Loss: -12.5277  LR: 3.54e-04
  Epoch [53/200]  Batch [  30/123]  Loss: -12.5434  LR: 3.54e-04
  Epoch [53/200]  Batch [  40/123]  Loss: -12.5272  LR: 3.54e-04
  Epoch [53/200]  Batch [  50/123]  Loss: -12.5289  LR: 3.54e-04
  Epoch [53/200]  Batch [  60/123]  Loss: -12.5306  LR: 3.54e-04
  Epoch [53/200]  Batch [  70/123]  Loss: -12.5492  LR: 3.54e-04
  Epoch [53/200]  Batch [  80/123]  Loss: -12.5596  LR: 3.54e-04
  Epoch [53/200]  Batch [  90/123]  Loss: -12.5499  LR: 3.54e-04
  Epoch [53/200]  Batch [ 100/123]  Loss: -12.5134  LR: 3.54e-04
  Epoch [53/200]  Batch [ 110/123]  Loss: -12.4915  LR: 3.54e-04
  Epoch [53/200]  Batch [ 120/123]  Loss: -12.5510  LR: 3.54e-04

------------------------------------------------------------
  Epoch  53/200 complete  |  Avg Loss: -12.5306  |  LR: 3.52e-04
------------------------------------------------------------

  Epoch [54/200]  Batch [   0/123]  Loss: -12.5596  LR: 3.52e-04
  Epoch [54/200]  Batch [  10/123]  Loss: -12.5306  LR: 3.52e-04
  Epoch [54/200]  Batch [  20/123]  Loss: -12.5007  LR: 3.52e-04
  Epoch [54/200]  Batch [  30/123]  Loss: -12.5376  LR: 3.52e-04
  Epoch [54/200]  Batch [  40/123]  Loss: -12.4806  LR: 3.52e-04
  Epoch [54/200]  Batch [  50/123]  Loss: -12.5383  LR: 3.52e-04
  Epoch [54/200]  Batch [  60/123]  Loss: -12.5015  LR: 3.52e-04
  Epoch [54/200]  Batch [  70/123]  Loss: -12.5216  LR: 3.52e-04
  Epoch [54/200]  Batch [  80/123]  Loss: -12.5334  LR: 3.52e-04
  Epoch [54/200]  Batch [  90/123]  Loss: -12.5363  LR: 3.52e-04
  Epoch [54/200]  Batch [ 100/123]  Loss: -12.5220  LR: 3.52e-04
  Epoch [54/200]  Batch [ 110/123]  Loss: -12.5342  LR: 3.52e-04
  Epoch [54/200]  Batch [ 120/123]  Loss: -12.5219  LR: 3.52e-04

------------------------------------------------------------
  Epoch  54/200 complete  |  Avg Loss: -12.5306  |  LR: 3.49e-04
------------------------------------------------------------

  Epoch [55/200]  Batch [   0/123]  Loss: -12.5250  LR: 3.49e-04
  Epoch [55/200]  Batch [  10/123]  Loss: -12.5343  LR: 3.49e-04
  Epoch [55/200]  Batch [  20/123]  Loss: -12.5490  LR: 3.49e-04
  Epoch [55/200]  Batch [  30/123]  Loss: -12.5405  LR: 3.49e-04
  Epoch [55/200]  Batch [  40/123]  Loss: -12.5375  LR: 3.49e-04
  Epoch [55/200]  Batch [  50/123]  Loss: -12.5503  LR: 3.49e-04
  Epoch [55/200]  Batch [  60/123]  Loss: -12.5380  LR: 3.49e-04
  Epoch [55/200]  Batch [  70/123]  Loss: -12.5432  LR: 3.49e-04
  Epoch [55/200]  Batch [  80/123]  Loss: -12.4705  LR: 3.49e-04
  Epoch [55/200]  Batch [  90/123]  Loss: -12.5516  LR: 3.49e-04
  Epoch [55/200]  Batch [ 100/123]  Loss: -12.5461  LR: 3.49e-04
  Epoch [55/200]  Batch [ 110/123]  Loss: -12.5433  LR: 3.49e-04
  Epoch [55/200]  Batch [ 120/123]  Loss: -12.5333  LR: 3.49e-04

------------------------------------------------------------
  Epoch  55/200 complete  |  Avg Loss: -12.5323  |  LR: 3.47e-04
------------------------------------------------------------

  Epoch [56/200]  Batch [   0/123]  Loss: -12.5394  LR: 3.47e-04
  Epoch [56/200]  Batch [  10/123]  Loss: -12.5495  LR: 3.47e-04
  Epoch [56/200]  Batch [  20/123]  Loss: -12.5365  LR: 3.47e-04
  Epoch [56/200]  Batch [  30/123]  Loss: -12.5512  LR: 3.47e-04
  Epoch [56/200]  Batch [  40/123]  Loss: -12.5478  LR: 3.47e-04
  Epoch [56/200]  Batch [  50/123]  Loss: -12.5237  LR: 3.47e-04
  Epoch [56/200]  Batch [  60/123]  Loss: -12.5486  LR: 3.47e-04
  Epoch [56/200]  Batch [  70/123]  Loss: -12.5419  LR: 3.47e-04
  Epoch [56/200]  Batch [  80/123]  Loss: -12.5404  LR: 3.47e-04
  Epoch [56/200]  Batch [  90/123]  Loss: -12.5331  LR: 3.47e-04
  Epoch [56/200]  Batch [ 100/123]  Loss: -12.5507  LR: 3.47e-04
  Epoch [56/200]  Batch [ 110/123]  Loss: -12.5530  LR: 3.47e-04
  Epoch [56/200]  Batch [ 120/123]  Loss: -12.5301  LR: 3.47e-04

------------------------------------------------------------
  Epoch  56/200 complete  |  Avg Loss: -12.5393  |  LR: 3.45e-04
------------------------------------------------------------

  Epoch [57/200]  Batch [   0/123]  Loss: -12.5647  LR: 3.45e-04
  Epoch [57/200]  Batch [  10/123]  Loss: -12.5614  LR: 3.45e-04
  Epoch [57/200]  Batch [  20/123]  Loss: -12.5524  LR: 3.45e-04
  Epoch [57/200]  Batch [  30/123]  Loss: -12.5556  LR: 3.45e-04
  Epoch [57/200]  Batch [  40/123]  Loss: -12.5485  LR: 3.45e-04
  Epoch [57/200]  Batch [  50/123]  Loss: -12.5568  LR: 3.45e-04
  Epoch [57/200]  Batch [  60/123]  Loss: -12.5344  LR: 3.45e-04
  Epoch [57/200]  Batch [  70/123]  Loss: -12.5431  LR: 3.45e-04
  Epoch [57/200]  Batch [  80/123]  Loss: -12.5572  LR: 3.45e-04
  Epoch [57/200]  Batch [  90/123]  Loss: -12.5600  LR: 3.45e-04
  Epoch [57/200]  Batch [ 100/123]  Loss: -12.5193  LR: 3.45e-04
  Epoch [57/200]  Batch [ 110/123]  Loss: -12.5511  LR: 3.45e-04
  Epoch [57/200]  Batch [ 120/123]  Loss: -12.5274  LR: 3.45e-04

------------------------------------------------------------
  Epoch  57/200 complete  |  Avg Loss: -12.5412  |  LR: 3.43e-04
------------------------------------------------------------

  Epoch [58/200]  Batch [   0/123]  Loss: -12.5539  LR: 3.43e-04
  Epoch [58/200]  Batch [  10/123]  Loss: -12.5626  LR: 3.43e-04
  Epoch [58/200]  Batch [  20/123]  Loss: -12.5442  LR: 3.43e-04
  Epoch [58/200]  Batch [  30/123]  Loss: -12.5479  LR: 3.43e-04
  Epoch [58/200]  Batch [  40/123]  Loss: -12.5560  LR: 3.43e-04
  Epoch [58/200]  Batch [  50/123]  Loss: -12.5473  LR: 3.43e-04
  Epoch [58/200]  Batch [  60/123]  Loss: -12.5511  LR: 3.43e-04
  Epoch [58/200]  Batch [  70/123]  Loss: -12.5185  LR: 3.43e-04
  Epoch [58/200]  Batch [  80/123]  Loss: -12.5528  LR: 3.43e-04
  Epoch [58/200]  Batch [  90/123]  Loss: -12.5583  LR: 3.43e-04
  Epoch [58/200]  Batch [ 100/123]  Loss: -12.5536  LR: 3.43e-04
  Epoch [58/200]  Batch [ 110/123]  Loss: -12.5212  LR: 3.43e-04
  Epoch [58/200]  Batch [ 120/123]  Loss: -12.5348  LR: 3.43e-04

------------------------------------------------------------
  Epoch  58/200 complete  |  Avg Loss: -12.5443  |  LR: 3.40e-04
------------------------------------------------------------

  Epoch [59/200]  Batch [   0/123]  Loss: -12.5528  LR: 3.40e-04
  Epoch [59/200]  Batch [  10/123]  Loss: -12.5513  LR: 3.40e-04
  Epoch [59/200]  Batch [  20/123]  Loss: -12.5365  LR: 3.40e-04
  Epoch [59/200]  Batch [  30/123]  Loss: -12.5555  LR: 3.40e-04
  Epoch [59/200]  Batch [  40/123]  Loss: -12.5670  LR: 3.40e-04
  Epoch [59/200]  Batch [  50/123]  Loss: -12.5256  LR: 3.40e-04
  Epoch [59/200]  Batch [  60/123]  Loss: -12.5393  LR: 3.40e-04
  Epoch [59/200]  Batch [  70/123]  Loss: -12.5488  LR: 3.40e-04
  Epoch [59/200]  Batch [  80/123]  Loss: -12.5370  LR: 3.40e-04
  Epoch [59/200]  Batch [  90/123]  Loss: -12.5602  LR: 3.40e-04
  Epoch [59/200]  Batch [ 100/123]  Loss: -12.5392  LR: 3.40e-04
  Epoch [59/200]  Batch [ 110/123]  Loss: -12.4852  LR: 3.40e-04
  Epoch [59/200]  Batch [ 120/123]  Loss: -12.5551  LR: 3.40e-04

------------------------------------------------------------
  Epoch  59/200 complete  |  Avg Loss: -12.5452  |  LR: 3.38e-04
------------------------------------------------------------

  Epoch [60/200]  Batch [   0/123]  Loss: -12.5644  LR: 3.38e-04
  Epoch [60/200]  Batch [  10/123]  Loss: -12.5565  LR: 3.38e-04
  Epoch [60/200]  Batch [  20/123]  Loss: -12.5613  LR: 3.38e-04
  Epoch [60/200]  Batch [  30/123]  Loss: -12.5503  LR: 3.38e-04
  Epoch [60/200]  Batch [  40/123]  Loss: -12.4177  LR: 3.38e-04
  Epoch [60/200]  Batch [  50/123]  Loss: -12.5518  LR: 3.38e-04
  Epoch [60/200]  Batch [  60/123]  Loss: -12.5637  LR: 3.38e-04
  Epoch [60/200]  Batch [  70/123]  Loss: -12.5397  LR: 3.38e-04
  Epoch [60/200]  Batch [  80/123]  Loss: -12.5635  LR: 3.38e-04
  Epoch [60/200]  Batch [  90/123]  Loss: -12.5369  LR: 3.38e-04
  Epoch [60/200]  Batch [ 100/123]  Loss: -12.5614  LR: 3.38e-04
  Epoch [60/200]  Batch [ 110/123]  Loss: -12.5728  LR: 3.38e-04
  Epoch [60/200]  Batch [ 120/123]  Loss: -12.5389  LR: 3.38e-04

------------------------------------------------------------
  Epoch  60/200 complete  |  Avg Loss: -12.5517  |  LR: 3.35e-04
------------------------------------------------------------

  Epoch [61/200]  Batch [   0/123]  Loss: -12.5669  LR: 3.35e-04
  Epoch [61/200]  Batch [  10/123]  Loss: -12.5218  LR: 3.35e-04
  Epoch [61/200]  Batch [  20/123]  Loss: -12.5585  LR: 3.35e-04
  Epoch [61/200]  Batch [  30/123]  Loss: -12.5558  LR: 3.35e-04
  Epoch [61/200]  Batch [  40/123]  Loss: -12.5480  LR: 3.35e-04
  Epoch [61/200]  Batch [  50/123]  Loss: -12.5381  LR: 3.35e-04
  Epoch [61/200]  Batch [  60/123]  Loss: -12.5699  LR: 3.35e-04
  Epoch [61/200]  Batch [  70/123]  Loss: -12.5297  LR: 3.35e-04
  Epoch [61/200]  Batch [  80/123]  Loss: -12.5445  LR: 3.35e-04
  Epoch [61/200]  Batch [  90/123]  Loss: -12.5468  LR: 3.35e-04
  Epoch [61/200]  Batch [ 100/123]  Loss: -12.5586  LR: 3.35e-04
  Epoch [61/200]  Batch [ 110/123]  Loss: -12.5546  LR: 3.35e-04
  Epoch [61/200]  Batch [ 120/123]  Loss: -12.5741  LR: 3.35e-04

------------------------------------------------------------
  Epoch  61/200 complete  |  Avg Loss: -12.5537  |  LR: 3.33e-04
------------------------------------------------------------

  Epoch [62/200]  Batch [   0/123]  Loss: -12.5450  LR: 3.33e-04
  Epoch [62/200]  Batch [  10/123]  Loss: -12.5496  LR: 3.33e-04
  Epoch [62/200]  Batch [  20/123]  Loss: -12.5495  LR: 3.33e-04
  Epoch [62/200]  Batch [  30/123]  Loss: -12.5635  LR: 3.33e-04
  Epoch [62/200]  Batch [  40/123]  Loss: -12.5525  LR: 3.33e-04
  Epoch [62/200]  Batch [  50/123]  Loss: -12.5572  LR: 3.33e-04
  Epoch [62/200]  Batch [  60/123]  Loss: -12.5730  LR: 3.33e-04
  Epoch [62/200]  Batch [  70/123]  Loss: -12.5704  LR: 3.33e-04
  Epoch [62/200]  Batch [  80/123]  Loss: -12.5643  LR: 3.33e-04
  Epoch [62/200]  Batch [  90/123]  Loss: -12.5746  LR: 3.33e-04
  Epoch [62/200]  Batch [ 100/123]  Loss: -12.5540  LR: 3.33e-04
  Epoch [62/200]  Batch [ 110/123]  Loss: -12.5636  LR: 3.33e-04
  Epoch [62/200]  Batch [ 120/123]  Loss: -12.5431  LR: 3.33e-04

------------------------------------------------------------
  Epoch  62/200 complete  |  Avg Loss: -12.5554  |  LR: 3.31e-04
------------------------------------------------------------

  Epoch [63/200]  Batch [   0/123]  Loss: -12.5602  LR: 3.31e-04
  Epoch [63/200]  Batch [  10/123]  Loss: -12.5586  LR: 3.31e-04
  Epoch [63/200]  Batch [  20/123]  Loss: -12.5410  LR: 3.31e-04
  Epoch [63/200]  Batch [  30/123]  Loss: -12.5477  LR: 3.31e-04
  Epoch [63/200]  Batch [  40/123]  Loss: -12.5613  LR: 3.31e-04
  Epoch [63/200]  Batch [  50/123]  Loss: -12.5454  LR: 3.31e-04
  Epoch [63/200]  Batch [  60/123]  Loss: -12.4828  LR: 3.31e-04
  Epoch [63/200]  Batch [  70/123]  Loss: -12.5583  LR: 3.31e-04
  Epoch [63/200]  Batch [  80/123]  Loss: -12.5544  LR: 3.31e-04
  Epoch [63/200]  Batch [  90/123]  Loss: -12.5519  LR: 3.31e-04
  Epoch [63/200]  Batch [ 100/123]  Loss: -12.4831  LR: 3.31e-04
  Epoch [63/200]  Batch [ 110/123]  Loss: -12.5505  LR: 3.31e-04
  Epoch [63/200]  Batch [ 120/123]  Loss: -12.5498  LR: 3.31e-04

------------------------------------------------------------
  Epoch  63/200 complete  |  Avg Loss: -12.5552  |  LR: 3.28e-04
------------------------------------------------------------

  Epoch [64/200]  Batch [   0/123]  Loss: -12.5431  LR: 3.28e-04
  Epoch [64/200]  Batch [  10/123]  Loss: -12.5658  LR: 3.28e-04
  Epoch [64/200]  Batch [  20/123]  Loss: -12.5661  LR: 3.28e-04
  Epoch [64/200]  Batch [  30/123]  Loss: -12.5565  LR: 3.28e-04
  Epoch [64/200]  Batch [  40/123]  Loss: -12.5590  LR: 3.28e-04
  Epoch [64/200]  Batch [  50/123]  Loss: -12.5520  LR: 3.28e-04
  Epoch [64/200]  Batch [  60/123]  Loss: -12.5564  LR: 3.28e-04
  Epoch [64/200]  Batch [  70/123]  Loss: -12.5707  LR: 3.28e-04
  Epoch [64/200]  Batch [  80/123]  Loss: -12.5514  LR: 3.28e-04
  Epoch [64/200]  Batch [  90/123]  Loss: -12.5806  LR: 3.28e-04
  Epoch [64/200]  Batch [ 100/123]  Loss: -12.5671  LR: 3.28e-04
  Epoch [64/200]  Batch [ 110/123]  Loss: -12.5646  LR: 3.28e-04
  Epoch [64/200]  Batch [ 120/123]  Loss: -12.5490  LR: 3.28e-04

------------------------------------------------------------
  Epoch  64/200 complete  |  Avg Loss: -12.5580  |  LR: 3.25e-04
------------------------------------------------------------

  Epoch [65/200]  Batch [   0/123]  Loss: -12.5416  LR: 3.25e-04
  Epoch [65/200]  Batch [  10/123]  Loss: -12.5591  LR: 3.25e-04
  Epoch [65/200]  Batch [  20/123]  Loss: -12.5663  LR: 3.25e-04
  Epoch [65/200]  Batch [  30/123]  Loss: -12.5727  LR: 3.25e-04
  Epoch [65/200]  Batch [  40/123]  Loss: -12.5594  LR: 3.25e-04
  Epoch [65/200]  Batch [  50/123]  Loss: -12.5830  LR: 3.25e-04
  Epoch [65/200]  Batch [  60/123]  Loss: -12.5527  LR: 3.25e-04
  Epoch [65/200]  Batch [  70/123]  Loss: -12.5497  LR: 3.25e-04
  Epoch [65/200]  Batch [  80/123]  Loss: -12.5729  LR: 3.25e-04
  Epoch [65/200]  Batch [  90/123]  Loss: -12.5595  LR: 3.25e-04
  Epoch [65/200]  Batch [ 100/123]  Loss: -12.5580  LR: 3.25e-04
  Epoch [65/200]  Batch [ 110/123]  Loss: -12.5580  LR: 3.25e-04
  Epoch [65/200]  Batch [ 120/123]  Loss: -12.5729  LR: 3.25e-04

------------------------------------------------------------
  Epoch  65/200 complete  |  Avg Loss: -12.5585  |  LR: 3.23e-04
------------------------------------------------------------

  Epoch [66/200]  Batch [   0/123]  Loss: -12.5862  LR: 3.23e-04
  Epoch [66/200]  Batch [  10/123]  Loss: -12.5798  LR: 3.23e-04
  Epoch [66/200]  Batch [  20/123]  Loss: -12.5605  LR: 3.23e-04
  Epoch [66/200]  Batch [  30/123]  Loss: -12.5619  LR: 3.23e-04
  Epoch [66/200]  Batch [  40/123]  Loss: -12.5816  LR: 3.23e-04
  Epoch [66/200]  Batch [  50/123]  Loss: -12.5813  LR: 3.23e-04
  Epoch [66/200]  Batch [  60/123]  Loss: -12.5693  LR: 3.23e-04
  Epoch [66/200]  Batch [  70/123]  Loss: -12.5479  LR: 3.23e-04
  Epoch [66/200]  Batch [  80/123]  Loss: -12.5568  LR: 3.23e-04
  Epoch [66/200]  Batch [  90/123]  Loss: -12.5347  LR: 3.23e-04
  Epoch [66/200]  Batch [ 100/123]  Loss: -12.5573  LR: 3.23e-04
  Epoch [66/200]  Batch [ 110/123]  Loss: -12.5533  LR: 3.23e-04
  Epoch [66/200]  Batch [ 120/123]  Loss: -12.5662  LR: 3.23e-04

------------------------------------------------------------
  Epoch  66/200 complete  |  Avg Loss: -12.5638  |  LR: 3.20e-04
------------------------------------------------------------

  Epoch [67/200]  Batch [   0/123]  Loss: -12.5605  LR: 3.20e-04
  Epoch [67/200]  Batch [  10/123]  Loss: -12.5569  LR: 3.20e-04
  Epoch [67/200]  Batch [  20/123]  Loss: -12.5523  LR: 3.20e-04
  Epoch [67/200]  Batch [  30/123]  Loss: -12.5884  LR: 3.20e-04
  Epoch [67/200]  Batch [  40/123]  Loss: -12.5658  LR: 3.20e-04
  Epoch [67/200]  Batch [  50/123]  Loss: -12.5751  LR: 3.20e-04
  Epoch [67/200]  Batch [  60/123]  Loss: -12.5557  LR: 3.20e-04
  Epoch [67/200]  Batch [  70/123]  Loss: -12.5842  LR: 3.20e-04
  Epoch [67/200]  Batch [  80/123]  Loss: -12.5611  LR: 3.20e-04
  Epoch [67/200]  Batch [  90/123]  Loss: -12.5901  LR: 3.20e-04
  Epoch [67/200]  Batch [ 100/123]  Loss: -12.5553  LR: 3.20e-04
  Epoch [67/200]  Batch [ 110/123]  Loss: -12.5619  LR: 3.20e-04
  Epoch [67/200]  Batch [ 120/123]  Loss: -12.5803  LR: 3.20e-04

------------------------------------------------------------
  Epoch  67/200 complete  |  Avg Loss: -12.5667  |  LR: 3.18e-04
------------------------------------------------------------

  Epoch [68/200]  Batch [   0/123]  Loss: -12.5164  LR: 3.18e-04
  Epoch [68/200]  Batch [  10/123]  Loss: -12.5619  LR: 3.18e-04
  Epoch [68/200]  Batch [  20/123]  Loss: -12.5754  LR: 3.18e-04
  Epoch [68/200]  Batch [  30/123]  Loss: -12.5609  LR: 3.18e-04
  Epoch [68/200]  Batch [  40/123]  Loss: -12.5536  LR: 3.18e-04
  Epoch [68/200]  Batch [  50/123]  Loss: -12.5860  LR: 3.18e-04
  Epoch [68/200]  Batch [  60/123]  Loss: -12.5726  LR: 3.18e-04
  Epoch [68/200]  Batch [  70/123]  Loss: -12.5688  LR: 3.18e-04
  Epoch [68/200]  Batch [  80/123]  Loss: -12.5370  LR: 3.18e-04
  Epoch [68/200]  Batch [  90/123]  Loss: -12.5699  LR: 3.18e-04
  Epoch [68/200]  Batch [ 100/123]  Loss: -12.5598  LR: 3.18e-04
  Epoch [68/200]  Batch [ 110/123]  Loss: -12.5404  LR: 3.18e-04
  Epoch [68/200]  Batch [ 120/123]  Loss: -12.5635  LR: 3.18e-04

------------------------------------------------------------
  Epoch  68/200 complete  |  Avg Loss: -12.5690  |  LR: 3.15e-04
------------------------------------------------------------

  Epoch [69/200]  Batch [   0/123]  Loss: -12.5855  LR: 3.15e-04
  Epoch [69/200]  Batch [  10/123]  Loss: -12.5705  LR: 3.15e-04
  Epoch [69/200]  Batch [  20/123]  Loss: -12.5788  LR: 3.15e-04
  Epoch [69/200]  Batch [  30/123]  Loss: -12.5695  LR: 3.15e-04
  Epoch [69/200]  Batch [  40/123]  Loss: -12.5741  LR: 3.15e-04
  Epoch [69/200]  Batch [  50/123]  Loss: -12.5833  LR: 3.15e-04
  Epoch [69/200]  Batch [  60/123]  Loss: -12.5668  LR: 3.15e-04
  Epoch [69/200]  Batch [  70/123]  Loss: -12.5899  LR: 3.15e-04
  Epoch [69/200]  Batch [  80/123]  Loss: -12.5699  LR: 3.15e-04
  Epoch [69/200]  Batch [  90/123]  Loss: -12.5547  LR: 3.15e-04
  Epoch [69/200]  Batch [ 100/123]  Loss: -12.5793  LR: 3.15e-04
  Epoch [69/200]  Batch [ 110/123]  Loss: -12.5743  LR: 3.15e-04
  Epoch [69/200]  Batch [ 120/123]  Loss: -12.5926  LR: 3.15e-04

------------------------------------------------------------
  Epoch  69/200 complete  |  Avg Loss: -12.5705  |  LR: 3.12e-04
------------------------------------------------------------

  Epoch [70/200]  Batch [   0/123]  Loss: -12.5667  LR: 3.12e-04
  Epoch [70/200]  Batch [  10/123]  Loss: -12.5760  LR: 3.12e-04
  Epoch [70/200]  Batch [  20/123]  Loss: -12.5703  LR: 3.12e-04
  Epoch [70/200]  Batch [  30/123]  Loss: -12.5648  LR: 3.12e-04
  Epoch [70/200]  Batch [  40/123]  Loss: -12.5713  LR: 3.12e-04
  Epoch [70/200]  Batch [  50/123]  Loss: -12.5777  LR: 3.12e-04
  Epoch [70/200]  Batch [  60/123]  Loss: -12.5617  LR: 3.12e-04
  Epoch [70/200]  Batch [  70/123]  Loss: -12.5757  LR: 3.12e-04
  Epoch [70/200]  Batch [  80/123]  Loss: -12.5767  LR: 3.12e-04
  Epoch [70/200]  Batch [  90/123]  Loss: -12.5820  LR: 3.12e-04
  Epoch [70/200]  Batch [ 100/123]  Loss: -12.5251  LR: 3.12e-04
  Epoch [70/200]  Batch [ 110/123]  Loss: -12.5861  LR: 3.12e-04
  Epoch [70/200]  Batch [ 120/123]  Loss: -12.5836  LR: 3.12e-04

------------------------------------------------------------
  Epoch  70/200 complete  |  Avg Loss: -12.5687  |  LR: 3.09e-04
------------------------------------------------------------

  Epoch [71/200]  Batch [   0/123]  Loss: -12.5806  LR: 3.09e-04
  Epoch [71/200]  Batch [  10/123]  Loss: -12.5782  LR: 3.09e-04
  Epoch [71/200]  Batch [  20/123]  Loss: -12.5839  LR: 3.09e-04
  Epoch [71/200]  Batch [  30/123]  Loss: -12.5243  LR: 3.09e-04
  Epoch [71/200]  Batch [  40/123]  Loss: -12.5544  LR: 3.09e-04
  Epoch [71/200]  Batch [  50/123]  Loss: -12.5567  LR: 3.09e-04
  Epoch [71/200]  Batch [  60/123]  Loss: -12.5695  LR: 3.09e-04
  Epoch [71/200]  Batch [  70/123]  Loss: -12.5687  LR: 3.09e-04
  Epoch [71/200]  Batch [  80/123]  Loss: -12.5803  LR: 3.09e-04
  Epoch [71/200]  Batch [  90/123]  Loss: -12.5768  LR: 3.09e-04
  Epoch [71/200]  Batch [ 100/123]  Loss: -12.5774  LR: 3.09e-04
  Epoch [71/200]  Batch [ 110/123]  Loss: -12.5642  LR: 3.09e-04
  Epoch [71/200]  Batch [ 120/123]  Loss: -12.5614  LR: 3.09e-04

------------------------------------------------------------
  Epoch  71/200 complete  |  Avg Loss: -12.5702  |  LR: 3.07e-04
------------------------------------------------------------

  Epoch [72/200]  Batch [   0/123]  Loss: -12.5125  LR: 3.07e-04
  Epoch [72/200]  Batch [  10/123]  Loss: -12.5760  LR: 3.07e-04
  Epoch [72/200]  Batch [  20/123]  Loss: -12.5876  LR: 3.07e-04
  Epoch [72/200]  Batch [  30/123]  Loss: -12.5862  LR: 3.07e-04
  Epoch [72/200]  Batch [  40/123]  Loss: -12.5723  LR: 3.07e-04
  Epoch [72/200]  Batch [  50/123]  Loss: -12.5531  LR: 3.07e-04
  Epoch [72/200]  Batch [  60/123]  Loss: -12.5743  LR: 3.07e-04
  Epoch [72/200]  Batch [  70/123]  Loss: -12.5682  LR: 3.07e-04
  Epoch [72/200]  Batch [  80/123]  Loss: -12.5864  LR: 3.07e-04
  Epoch [72/200]  Batch [  90/123]  Loss: -12.5888  LR: 3.07e-04
  Epoch [72/200]  Batch [ 100/123]  Loss: -12.5738  LR: 3.07e-04
  Epoch [72/200]  Batch [ 110/123]  Loss: -12.5703  LR: 3.07e-04
  Epoch [72/200]  Batch [ 120/123]  Loss: -12.5686  LR: 3.07e-04

------------------------------------------------------------
  Epoch  72/200 complete  |  Avg Loss: -12.5742  |  LR: 3.04e-04
------------------------------------------------------------

  Epoch [73/200]  Batch [   0/123]  Loss: -12.5227  LR: 3.04e-04
  Epoch [73/200]  Batch [  10/123]  Loss: -12.5476  LR: 3.04e-04
  Epoch [73/200]  Batch [  20/123]  Loss: -12.5963  LR: 3.04e-04
  Epoch [73/200]  Batch [  30/123]  Loss: -12.5916  LR: 3.04e-04
  Epoch [73/200]  Batch [  40/123]  Loss: -12.5905  LR: 3.04e-04
  Epoch [73/200]  Batch [  50/123]  Loss: -12.5776  LR: 3.04e-04
  Epoch [73/200]  Batch [  60/123]  Loss: -12.5744  LR: 3.04e-04
  Epoch [73/200]  Batch [  70/123]  Loss: -12.5680  LR: 3.04e-04
  Epoch [73/200]  Batch [  80/123]  Loss: -12.5713  LR: 3.04e-04
  Epoch [73/200]  Batch [  90/123]  Loss: -12.5891  LR: 3.04e-04
  Epoch [73/200]  Batch [ 100/123]  Loss: -12.5880  LR: 3.04e-04
  Epoch [73/200]  Batch [ 110/123]  Loss: -12.5681  LR: 3.04e-04
  Epoch [73/200]  Batch [ 120/123]  Loss: -12.5822  LR: 3.04e-04

------------------------------------------------------------
  Epoch  73/200 complete  |  Avg Loss: -12.5764  |  LR: 3.01e-04
------------------------------------------------------------

  Epoch [74/200]  Batch [   0/123]  Loss: -12.5793  LR: 3.01e-04
  Epoch [74/200]  Batch [  10/123]  Loss: -12.5640  LR: 3.01e-04
  Epoch [74/200]  Batch [  20/123]  Loss: -12.5747  LR: 3.01e-04
  Epoch [74/200]  Batch [  30/123]  Loss: -12.5787  LR: 3.01e-04
  Epoch [74/200]  Batch [  40/123]  Loss: -12.5626  LR: 3.01e-04
  Epoch [74/200]  Batch [  50/123]  Loss: -12.5689  LR: 3.01e-04
  Epoch [74/200]  Batch [  60/123]  Loss: -12.5701  LR: 3.01e-04
  Epoch [74/200]  Batch [  70/123]  Loss: -12.5837  LR: 3.01e-04
  Epoch [74/200]  Batch [  80/123]  Loss: -12.5551  LR: 3.01e-04
  Epoch [74/200]  Batch [  90/123]  Loss: -12.5668  LR: 3.01e-04
  Epoch [74/200]  Batch [ 100/123]  Loss: -12.5744  LR: 3.01e-04
  Epoch [74/200]  Batch [ 110/123]  Loss: -12.5773  LR: 3.01e-04
  Epoch [74/200]  Batch [ 120/123]  Loss: -12.5761  LR: 3.01e-04

------------------------------------------------------------
  Epoch  74/200 complete  |  Avg Loss: -12.5718  |  LR: 2.98e-04
------------------------------------------------------------

  Epoch [75/200]  Batch [   0/123]  Loss: -12.5686  LR: 2.98e-04
  Epoch [75/200]  Batch [  10/123]  Loss: -12.5937  LR: 2.98e-04
  Epoch [75/200]  Batch [  20/123]  Loss: -12.5788  LR: 2.98e-04
  Epoch [75/200]  Batch [  30/123]  Loss: -12.5845  LR: 2.98e-04
  Epoch [75/200]  Batch [  40/123]  Loss: -12.5708  LR: 2.98e-04
  Epoch [75/200]  Batch [  50/123]  Loss: -12.5861  LR: 2.98e-04
  Epoch [75/200]  Batch [  60/123]  Loss: -12.5821  LR: 2.98e-04
  Epoch [75/200]  Batch [  70/123]  Loss: -12.5727  LR: 2.98e-04
  Epoch [75/200]  Batch [  80/123]  Loss: -12.5772  LR: 2.98e-04
  Epoch [75/200]  Batch [  90/123]  Loss: -12.5923  LR: 2.98e-04
  Epoch [75/200]  Batch [ 100/123]  Loss: -12.5805  LR: 2.98e-04
  Epoch [75/200]  Batch [ 110/123]  Loss: -12.5891  LR: 2.98e-04
  Epoch [75/200]  Batch [ 120/123]  Loss: -12.5850  LR: 2.98e-04

------------------------------------------------------------
  Epoch  75/200 complete  |  Avg Loss: -12.5783  |  LR: 2.95e-04
------------------------------------------------------------

  Epoch [76/200]  Batch [   0/123]  Loss: -12.5702  LR: 2.95e-04
  Epoch [76/200]  Batch [  10/123]  Loss: -12.5901  LR: 2.95e-04
  Epoch [76/200]  Batch [  20/123]  Loss: -12.5821  LR: 2.95e-04
  Epoch [76/200]  Batch [  30/123]  Loss: -12.5097  LR: 2.95e-04
  Epoch [76/200]  Batch [  40/123]  Loss: -12.5921  LR: 2.95e-04
  Epoch [76/200]  Batch [  50/123]  Loss: -12.5869  LR: 2.95e-04
  Epoch [76/200]  Batch [  60/123]  Loss: -12.5889  LR: 2.95e-04
  Epoch [76/200]  Batch [  70/123]  Loss: -12.6010  LR: 2.95e-04
  Epoch [76/200]  Batch [  80/123]  Loss: -12.5828  LR: 2.95e-04
  Epoch [76/200]  Batch [  90/123]  Loss: -12.5876  LR: 2.95e-04
  Epoch [76/200]  Batch [ 100/123]  Loss: -12.5682  LR: 2.95e-04
  Epoch [76/200]  Batch [ 110/123]  Loss: -12.5922  LR: 2.95e-04
  Epoch [76/200]  Batch [ 120/123]  Loss: -12.5759  LR: 2.95e-04

------------------------------------------------------------
  Epoch  76/200 complete  |  Avg Loss: -12.5798  |  LR: 2.92e-04
------------------------------------------------------------

  Epoch [77/200]  Batch [   0/123]  Loss: -12.5709  LR: 2.92e-04
  Epoch [77/200]  Batch [  10/123]  Loss: -12.5751  LR: 2.92e-04
  Epoch [77/200]  Batch [  20/123]  Loss: -12.5725  LR: 2.92e-04
  Epoch [77/200]  Batch [  30/123]  Loss: -12.6024  LR: 2.92e-04
  Epoch [77/200]  Batch [  40/123]  Loss: -12.5041  LR: 2.92e-04
  Epoch [77/200]  Batch [  50/123]  Loss: -12.5060  LR: 2.92e-04
  Epoch [77/200]  Batch [  60/123]  Loss: -12.5786  LR: 2.92e-04
  Epoch [77/200]  Batch [  70/123]  Loss: -12.5828  LR: 2.92e-04
  Epoch [77/200]  Batch [  80/123]  Loss: -12.4841  LR: 2.92e-04
  Epoch [77/200]  Batch [  90/123]  Loss: -12.5797  LR: 2.92e-04
  Epoch [77/200]  Batch [ 100/123]  Loss: -12.5761  LR: 2.92e-04
  Epoch [77/200]  Batch [ 110/123]  Loss: -12.5970  LR: 2.92e-04
  Epoch [77/200]  Batch [ 120/123]  Loss: -12.5968  LR: 2.92e-04

------------------------------------------------------------
  Epoch  77/200 complete  |  Avg Loss: -12.5807  |  LR: 2.89e-04
------------------------------------------------------------

  Epoch [78/200]  Batch [   0/123]  Loss: -12.5879  LR: 2.89e-04
  Epoch [78/200]  Batch [  10/123]  Loss: -12.5806  LR: 2.89e-04
  Epoch [78/200]  Batch [  20/123]  Loss: -12.6052  LR: 2.89e-04
  Epoch [78/200]  Batch [  30/123]  Loss: -12.5651  LR: 2.89e-04
  Epoch [78/200]  Batch [  40/123]  Loss: -12.5946  LR: 2.89e-04
  Epoch [78/200]  Batch [  50/123]  Loss: -12.5981  LR: 2.89e-04
  Epoch [78/200]  Batch [  60/123]  Loss: -12.5900  LR: 2.89e-04
  Epoch [78/200]  Batch [  70/123]  Loss: -12.5693  LR: 2.89e-04
  Epoch [78/200]  Batch [  80/123]  Loss: -12.5796  LR: 2.89e-04
  Epoch [78/200]  Batch [  90/123]  Loss: -12.5923  LR: 2.89e-04
  Epoch [78/200]  Batch [ 100/123]  Loss: -12.5969  LR: 2.89e-04
  Epoch [78/200]  Batch [ 110/123]  Loss: -12.5983  LR: 2.89e-04
  Epoch [78/200]  Batch [ 120/123]  Loss: -12.5874  LR: 2.89e-04

------------------------------------------------------------
  Epoch  78/200 complete  |  Avg Loss: -12.5815  |  LR: 2.86e-04
------------------------------------------------------------

  Epoch [79/200]  Batch [   0/123]  Loss: -12.5823  LR: 2.86e-04
  Epoch [79/200]  Batch [  10/123]  Loss: -12.5687  LR: 2.86e-04
  Epoch [79/200]  Batch [  20/123]  Loss: -12.5806  LR: 2.86e-04
  Epoch [79/200]  Batch [  30/123]  Loss: -12.5924  LR: 2.86e-04
  Epoch [79/200]  Batch [  40/123]  Loss: -12.5824  LR: 2.86e-04
  Epoch [79/200]  Batch [  50/123]  Loss: -12.5844  LR: 2.86e-04
  Epoch [79/200]  Batch [  60/123]  Loss: -12.5723  LR: 2.86e-04
  Epoch [79/200]  Batch [  70/123]  Loss: -12.5017  LR: 2.86e-04
  Epoch [79/200]  Batch [  80/123]  Loss: -12.5905  LR: 2.86e-04
  Epoch [79/200]  Batch [  90/123]  Loss: -12.5820  LR: 2.86e-04
  Epoch [79/200]  Batch [ 100/123]  Loss: -12.5756  LR: 2.86e-04
  Epoch [79/200]  Batch [ 110/123]  Loss: -12.5875  LR: 2.86e-04
  Epoch [79/200]  Batch [ 120/123]  Loss: -12.5800  LR: 2.86e-04

------------------------------------------------------------
  Epoch  79/200 complete  |  Avg Loss: -12.5812  |  LR: 2.83e-04
------------------------------------------------------------

  Epoch [80/200]  Batch [   0/123]  Loss: -12.5977  LR: 2.83e-04
  Epoch [80/200]  Batch [  10/123]  Loss: -12.5895  LR: 2.83e-04
  Epoch [80/200]  Batch [  20/123]  Loss: -12.5937  LR: 2.83e-04
  Epoch [80/200]  Batch [  30/123]  Loss: -12.5816  LR: 2.83e-04
  Epoch [80/200]  Batch [  40/123]  Loss: -12.5990  LR: 2.83e-04
  Epoch [80/200]  Batch [  50/123]  Loss: -12.5975  LR: 2.83e-04
  Epoch [80/200]  Batch [  60/123]  Loss: -12.5897  LR: 2.83e-04
  Epoch [80/200]  Batch [  70/123]  Loss: -12.5993  LR: 2.83e-04
  Epoch [80/200]  Batch [  80/123]  Loss: -12.6027  LR: 2.83e-04
  Epoch [80/200]  Batch [  90/123]  Loss: -12.5810  LR: 2.83e-04
  Epoch [80/200]  Batch [ 100/123]  Loss: -12.5834  LR: 2.83e-04
  Epoch [80/200]  Batch [ 110/123]  Loss: -12.6048  LR: 2.83e-04
  Epoch [80/200]  Batch [ 120/123]  Loss: -12.5959  LR: 2.83e-04

------------------------------------------------------------
  Epoch  80/200 complete  |  Avg Loss: -12.5842  |  LR: 2.80e-04
------------------------------------------------------------

  Epoch [81/200]  Batch [   0/123]  Loss: -12.5881  LR: 2.80e-04
  Epoch [81/200]  Batch [  10/123]  Loss: -12.5963  LR: 2.80e-04
  Epoch [81/200]  Batch [  20/123]  Loss: -12.5923  LR: 2.80e-04
  Epoch [81/200]  Batch [  30/123]  Loss: -12.5964  LR: 2.80e-04
  Epoch [81/200]  Batch [  40/123]  Loss: -12.5974  LR: 2.80e-04
  Epoch [81/200]  Batch [  50/123]  Loss: -12.5971  LR: 2.80e-04
  Epoch [81/200]  Batch [  60/123]  Loss: -12.5797  LR: 2.80e-04
  Epoch [81/200]  Batch [  70/123]  Loss: -12.6047  LR: 2.80e-04
  Epoch [81/200]  Batch [  80/123]  Loss: -12.5933  LR: 2.80e-04
  Epoch [81/200]  Batch [  90/123]  Loss: -12.5922  LR: 2.80e-04
  Epoch [81/200]  Batch [ 100/123]  Loss: -12.5844  LR: 2.80e-04
  Epoch [81/200]  Batch [ 110/123]  Loss: -12.5894  LR: 2.80e-04
  Epoch [81/200]  Batch [ 120/123]  Loss: -12.5989  LR: 2.80e-04

------------------------------------------------------------
  Epoch  81/200 complete  |  Avg Loss: -12.5878  |  LR: 2.77e-04
------------------------------------------------------------

  Epoch [82/200]  Batch [   0/123]  Loss: -12.5882  LR: 2.77e-04
  Epoch [82/200]  Batch [  10/123]  Loss: -12.5983  LR: 2.77e-04
  Epoch [82/200]  Batch [  20/123]  Loss: -12.5846  LR: 2.77e-04
  Epoch [82/200]  Batch [  30/123]  Loss: -12.5895  LR: 2.77e-04
  Epoch [82/200]  Batch [  40/123]  Loss: -12.5988  LR: 2.77e-04
  Epoch [82/200]  Batch [  50/123]  Loss: -12.5973  LR: 2.77e-04
  Epoch [82/200]  Batch [  60/123]  Loss: -12.5909  LR: 2.77e-04
  Epoch [82/200]  Batch [  70/123]  Loss: -12.5924  LR: 2.77e-04
  Epoch [82/200]  Batch [  80/123]  Loss: -12.5995  LR: 2.77e-04
  Epoch [82/200]  Batch [  90/123]  Loss: -12.5900  LR: 2.77e-04
  Epoch [82/200]  Batch [ 100/123]  Loss: -12.5992  LR: 2.77e-04
  Epoch [82/200]  Batch [ 110/123]  Loss: -12.5909  LR: 2.77e-04
  Epoch [82/200]  Batch [ 120/123]  Loss: -12.5797  LR: 2.77e-04

------------------------------------------------------------
  Epoch  82/200 complete  |  Avg Loss: -12.5892  |  LR: 2.74e-04
------------------------------------------------------------

  Epoch [83/200]  Batch [   0/123]  Loss: -12.5921  LR: 2.74e-04
  Epoch [83/200]  Batch [  10/123]  Loss: -12.5869  LR: 2.74e-04
  Epoch [83/200]  Batch [  20/123]  Loss: -12.5874  LR: 2.74e-04
  Epoch [83/200]  Batch [  30/123]  Loss: -12.5781  LR: 2.74e-04
  Epoch [83/200]  Batch [  40/123]  Loss: -12.5899  LR: 2.74e-04
  Epoch [83/200]  Batch [  50/123]  Loss: -12.6034  LR: 2.74e-04
  Epoch [83/200]  Batch [  60/123]  Loss: -12.5943  LR: 2.74e-04
  Epoch [83/200]  Batch [  70/123]  Loss: -12.5972  LR: 2.74e-04
  Epoch [83/200]  Batch [  80/123]  Loss: -12.5906  LR: 2.74e-04
  Epoch [83/200]  Batch [  90/123]  Loss: -12.6056  LR: 2.74e-04
  Epoch [83/200]  Batch [ 100/123]  Loss: -12.5903  LR: 2.74e-04
  Epoch [83/200]  Batch [ 110/123]  Loss: -12.5849  LR: 2.74e-04
  Epoch [83/200]  Batch [ 120/123]  Loss: -12.5903  LR: 2.74e-04

------------------------------------------------------------
  Epoch  83/200 complete  |  Avg Loss: -12.5910  |  LR: 2.71e-04
------------------------------------------------------------

  Epoch [84/200]  Batch [   0/123]  Loss: -12.5977  LR: 2.71e-04
  Epoch [84/200]  Batch [  10/123]  Loss: -12.5828  LR: 2.71e-04
  Epoch [84/200]  Batch [  20/123]  Loss: -12.5870  LR: 2.71e-04
  Epoch [84/200]  Batch [  30/123]  Loss: -12.6062  LR: 2.71e-04
  Epoch [84/200]  Batch [  40/123]  Loss: -12.5934  LR: 2.71e-04
  Epoch [84/200]  Batch [  50/123]  Loss: -12.6068  LR: 2.71e-04
  Epoch [84/200]  Batch [  60/123]  Loss: -12.5953  LR: 2.71e-04
  Epoch [84/200]  Batch [  70/123]  Loss: -12.5701  LR: 2.71e-04
  Epoch [84/200]  Batch [  80/123]  Loss: -12.5838  LR: 2.71e-04
  Epoch [84/200]  Batch [  90/123]  Loss: -12.6008  LR: 2.71e-04
  Epoch [84/200]  Batch [ 100/123]  Loss: -12.6092  LR: 2.71e-04
  Epoch [84/200]  Batch [ 110/123]  Loss: -12.6075  LR: 2.71e-04
  Epoch [84/200]  Batch [ 120/123]  Loss: -12.5932  LR: 2.71e-04

------------------------------------------------------------
  Epoch  84/200 complete  |  Avg Loss: -12.5925  |  LR: 2.68e-04
------------------------------------------------------------

  Epoch [85/200]  Batch [   0/123]  Loss: -12.6148  LR: 2.68e-04
  Epoch [85/200]  Batch [  10/123]  Loss: -12.5832  LR: 2.68e-04
  Epoch [85/200]  Batch [  20/123]  Loss: -12.6061  LR: 2.68e-04
  Epoch [85/200]  Batch [  30/123]  Loss: -12.5959  LR: 2.68e-04
  Epoch [85/200]  Batch [  40/123]  Loss: -12.6095  LR: 2.68e-04
  Epoch [85/200]  Batch [  50/123]  Loss: -12.6163  LR: 2.68e-04
  Epoch [85/200]  Batch [  60/123]  Loss: -12.5835  LR: 2.68e-04
  Epoch [85/200]  Batch [  70/123]  Loss: -12.6083  LR: 2.68e-04
  Epoch [85/200]  Batch [  80/123]  Loss: -12.6029  LR: 2.68e-04
  Epoch [85/200]  Batch [  90/123]  Loss: -12.5836  LR: 2.68e-04
  Epoch [85/200]  Batch [ 100/123]  Loss: -12.5946  LR: 2.68e-04
  Epoch [85/200]  Batch [ 110/123]  Loss: -12.5938  LR: 2.68e-04
  Epoch [85/200]  Batch [ 120/123]  Loss: -12.5942  LR: 2.68e-04

------------------------------------------------------------
  Epoch  85/200 complete  |  Avg Loss: -12.5933  |  LR: 2.65e-04
------------------------------------------------------------

  Epoch [86/200]  Batch [   0/123]  Loss: -12.6001  LR: 2.65e-04
  Epoch [86/200]  Batch [  10/123]  Loss: -12.6002  LR: 2.65e-04
  Epoch [86/200]  Batch [  20/123]  Loss: -12.5843  LR: 2.65e-04
  Epoch [86/200]  Batch [  30/123]  Loss: -12.5945  LR: 2.65e-04
  Epoch [86/200]  Batch [  40/123]  Loss: -12.5950  LR: 2.65e-04
  Epoch [86/200]  Batch [  50/123]  Loss: -12.6157  LR: 2.65e-04
  Epoch [86/200]  Batch [  60/123]  Loss: -12.6022  LR: 2.65e-04
  Epoch [86/200]  Batch [  70/123]  Loss: -12.5717  LR: 2.65e-04
  Epoch [86/200]  Batch [  80/123]  Loss: -12.5834  LR: 2.65e-04
  Epoch [86/200]  Batch [  90/123]  Loss: -12.6000  LR: 2.65e-04
  Epoch [86/200]  Batch [ 100/123]  Loss: -12.6002  LR: 2.65e-04
  Epoch [86/200]  Batch [ 110/123]  Loss: -12.5964  LR: 2.65e-04
  Epoch [86/200]  Batch [ 120/123]  Loss: -12.5968  LR: 2.65e-04

------------------------------------------------------------
  Epoch  86/200 complete  |  Avg Loss: -12.5956  |  LR: 2.62e-04
------------------------------------------------------------

  Epoch [87/200]  Batch [   0/123]  Loss: -12.6062  LR: 2.62e-04
  Epoch [87/200]  Batch [  10/123]  Loss: -12.5791  LR: 2.62e-04
  Epoch [87/200]  Batch [  20/123]  Loss: -12.6144  LR: 2.62e-04
  Epoch [87/200]  Batch [  30/123]  Loss: -12.5862  LR: 2.62e-04
  Epoch [87/200]  Batch [  40/123]  Loss: -12.5996  LR: 2.62e-04
  Epoch [87/200]  Batch [  50/123]  Loss: -12.6071  LR: 2.62e-04
  Epoch [87/200]  Batch [  60/123]  Loss: -12.6052  LR: 2.62e-04
  Epoch [87/200]  Batch [  70/123]  Loss: -12.5792  LR: 2.62e-04
  Epoch [87/200]  Batch [  80/123]  Loss: -12.6035  LR: 2.62e-04
  Epoch [87/200]  Batch [  90/123]  Loss: -12.6033  LR: 2.62e-04
  Epoch [87/200]  Batch [ 100/123]  Loss: -12.5974  LR: 2.62e-04
  Epoch [87/200]  Batch [ 110/123]  Loss: -12.6103  LR: 2.62e-04
  Epoch [87/200]  Batch [ 120/123]  Loss: -12.6045  LR: 2.62e-04

------------------------------------------------------------
  Epoch  87/200 complete  |  Avg Loss: -12.5986  |  LR: 2.59e-04
------------------------------------------------------------

  Epoch [88/200]  Batch [   0/123]  Loss: -12.6062  LR: 2.59e-04
  Epoch [88/200]  Batch [  10/123]  Loss: -12.5995  LR: 2.59e-04
  Epoch [88/200]  Batch [  20/123]  Loss: -12.5851  LR: 2.59e-04
  Epoch [88/200]  Batch [  30/123]  Loss: -12.6041  LR: 2.59e-04
  Epoch [88/200]  Batch [  40/123]  Loss: -12.5904  LR: 2.59e-04
  Epoch [88/200]  Batch [  50/123]  Loss: -12.5988  LR: 2.59e-04
  Epoch [88/200]  Batch [  60/123]  Loss: -12.6077  LR: 2.59e-04
  Epoch [88/200]  Batch [  70/123]  Loss: -12.6104  LR: 2.59e-04
  Epoch [88/200]  Batch [  80/123]  Loss: -12.6135  LR: 2.59e-04
  Epoch [88/200]  Batch [  90/123]  Loss: -12.6037  LR: 2.59e-04
  Epoch [88/200]  Batch [ 100/123]  Loss: -12.6015  LR: 2.59e-04
  Epoch [88/200]  Batch [ 110/123]  Loss: -12.5982  LR: 2.59e-04
  Epoch [88/200]  Batch [ 120/123]  Loss: -12.5956  LR: 2.59e-04

------------------------------------------------------------
  Epoch  88/200 complete  |  Avg Loss: -12.5993  |  LR: 2.55e-04
------------------------------------------------------------

  Epoch [89/200]  Batch [   0/123]  Loss: -12.5787  LR: 2.55e-04
  Epoch [89/200]  Batch [  10/123]  Loss: -12.6049  LR: 2.55e-04
  Epoch [89/200]  Batch [  20/123]  Loss: -12.5965  LR: 2.55e-04
  Epoch [89/200]  Batch [  30/123]  Loss: -12.5912  LR: 2.55e-04
  Epoch [89/200]  Batch [  40/123]  Loss: -12.5881  LR: 2.55e-04
  Epoch [89/200]  Batch [  50/123]  Loss: -12.5968  LR: 2.55e-04
  Epoch [89/200]  Batch [  60/123]  Loss: -12.5908  LR: 2.55e-04
  Epoch [89/200]  Batch [  70/123]  Loss: -12.6084  LR: 2.55e-04
  Epoch [89/200]  Batch [  80/123]  Loss: -12.6019  LR: 2.55e-04
  Epoch [89/200]  Batch [  90/123]  Loss: -12.6050  LR: 2.55e-04
  Epoch [89/200]  Batch [ 100/123]  Loss: -12.5836  LR: 2.55e-04
  Epoch [89/200]  Batch [ 110/123]  Loss: -12.6129  LR: 2.55e-04
  Epoch [89/200]  Batch [ 120/123]  Loss: -12.5829  LR: 2.55e-04

------------------------------------------------------------
  Epoch  89/200 complete  |  Avg Loss: -12.5980  |  LR: 2.52e-04
------------------------------------------------------------

  Epoch [90/200]  Batch [   0/123]  Loss: -12.6060  LR: 2.52e-04
  Epoch [90/200]  Batch [  10/123]  Loss: -12.6108  LR: 2.52e-04
  Epoch [90/200]  Batch [  20/123]  Loss: -12.6072  LR: 2.52e-04
  Epoch [90/200]  Batch [  30/123]  Loss: -12.6121  LR: 2.52e-04
  Epoch [90/200]  Batch [  40/123]  Loss: -12.6096  LR: 2.52e-04
  Epoch [90/200]  Batch [  50/123]  Loss: -12.6005  LR: 2.52e-04
  Epoch [90/200]  Batch [  60/123]  Loss: -12.6070  LR: 2.52e-04
  Epoch [90/200]  Batch [  70/123]  Loss: -12.5795  LR: 2.52e-04
  Epoch [90/200]  Batch [  80/123]  Loss: -12.6028  LR: 2.52e-04
  Epoch [90/200]  Batch [  90/123]  Loss: -12.6216  LR: 2.52e-04
  Epoch [90/200]  Batch [ 100/123]  Loss: -12.6005  LR: 2.52e-04
  Epoch [90/200]  Batch [ 110/123]  Loss: -12.6072  LR: 2.52e-04
  Epoch [90/200]  Batch [ 120/123]  Loss: -12.5948  LR: 2.52e-04

------------------------------------------------------------
  Epoch  90/200 complete  |  Avg Loss: -12.6025  |  LR: 2.49e-04
------------------------------------------------------------

  Epoch [91/200]  Batch [   0/123]  Loss: -12.6007  LR: 2.49e-04
  Epoch [91/200]  Batch [  10/123]  Loss: -12.6074  LR: 2.49e-04
  Epoch [91/200]  Batch [  20/123]  Loss: -12.5950  LR: 2.49e-04
  Epoch [91/200]  Batch [  30/123]  Loss: -12.6129  LR: 2.49e-04
  Epoch [91/200]  Batch [  40/123]  Loss: -12.5928  LR: 2.49e-04
  Epoch [91/200]  Batch [  50/123]  Loss: -12.6004  LR: 2.49e-04
  Epoch [91/200]  Batch [  60/123]  Loss: -12.6053  LR: 2.49e-04
  Epoch [91/200]  Batch [  70/123]  Loss: -12.6086  LR: 2.49e-04
  Epoch [91/200]  Batch [  80/123]  Loss: -12.5788  LR: 2.49e-04
  Epoch [91/200]  Batch [  90/123]  Loss: -12.6040  LR: 2.49e-04
  Epoch [91/200]  Batch [ 100/123]  Loss: -12.6083  LR: 2.49e-04
  Epoch [91/200]  Batch [ 110/123]  Loss: -12.5983  LR: 2.49e-04
  Epoch [91/200]  Batch [ 120/123]  Loss: -12.6170  LR: 2.49e-04

------------------------------------------------------------
  Epoch  91/200 complete  |  Avg Loss: -12.6030  |  LR: 2.46e-04
------------------------------------------------------------

  Epoch [92/200]  Batch [   0/123]  Loss: -12.6136  LR: 2.46e-04
  Epoch [92/200]  Batch [  10/123]  Loss: -12.6065  LR: 2.46e-04
  Epoch [92/200]  Batch [  20/123]  Loss: -12.6111  LR: 2.46e-04
  Epoch [92/200]  Batch [  30/123]  Loss: -12.5242  LR: 2.46e-04
  Epoch [92/200]  Batch [  40/123]  Loss: -12.6040  LR: 2.46e-04
  Epoch [92/200]  Batch [  50/123]  Loss: -12.5967  LR: 2.46e-04
  Epoch [92/200]  Batch [  60/123]  Loss: -12.5962  LR: 2.46e-04
  Epoch [92/200]  Batch [  70/123]  Loss: -12.5993  LR: 2.46e-04
  Epoch [92/200]  Batch [  80/123]  Loss: -12.5977  LR: 2.46e-04
  Epoch [92/200]  Batch [  90/123]  Loss: -12.6069  LR: 2.46e-04
  Epoch [92/200]  Batch [ 100/123]  Loss: -12.6209  LR: 2.46e-04
  Epoch [92/200]  Batch [ 110/123]  Loss: -12.6048  LR: 2.46e-04
  Epoch [92/200]  Batch [ 120/123]  Loss: -12.6107  LR: 2.46e-04

------------------------------------------------------------
  Epoch  92/200 complete  |  Avg Loss: -12.6048  |  LR: 2.43e-04
------------------------------------------------------------

  Epoch [93/200]  Batch [   0/123]  Loss: -12.6048  LR: 2.43e-04
  Epoch [93/200]  Batch [  10/123]  Loss: -12.5995  LR: 2.43e-04
  Epoch [93/200]  Batch [  20/123]  Loss: -12.6083  LR: 2.43e-04
  Epoch [93/200]  Batch [  30/123]  Loss: -12.6070  LR: 2.43e-04
  Epoch [93/200]  Batch [  40/123]  Loss: -12.6180  LR: 2.43e-04
  Epoch [93/200]  Batch [  50/123]  Loss: -12.6123  LR: 2.43e-04
  Epoch [93/200]  Batch [  60/123]  Loss: -12.6073  LR: 2.43e-04
  Epoch [93/200]  Batch [  70/123]  Loss: -12.6204  LR: 2.43e-04
  Epoch [93/200]  Batch [  80/123]  Loss: -12.5883  LR: 2.43e-04
  Epoch [93/200]  Batch [  90/123]  Loss: -12.6130  LR: 2.43e-04
  Epoch [93/200]  Batch [ 100/123]  Loss: -12.6083  LR: 2.43e-04
  Epoch [93/200]  Batch [ 110/123]  Loss: -12.6007  LR: 2.43e-04
  Epoch [93/200]  Batch [ 120/123]  Loss: -12.5954  LR: 2.43e-04

------------------------------------------------------------
  Epoch  93/200 complete  |  Avg Loss: -12.6066  |  LR: 2.39e-04
------------------------------------------------------------

  Epoch [94/200]  Batch [   0/123]  Loss: -12.6015  LR: 2.39e-04
  Epoch [94/200]  Batch [  10/123]  Loss: -12.6067  LR: 2.39e-04
  Epoch [94/200]  Batch [  20/123]  Loss: -12.5827  LR: 2.39e-04
  Epoch [94/200]  Batch [  30/123]  Loss: -12.5999  LR: 2.39e-04
  Epoch [94/200]  Batch [  40/123]  Loss: -12.6173  LR: 2.39e-04
  Epoch [94/200]  Batch [  50/123]  Loss: -12.6013  LR: 2.39e-04
  Epoch [94/200]  Batch [  60/123]  Loss: -12.6068  LR: 2.39e-04
  Epoch [94/200]  Batch [  70/123]  Loss: -12.5903  LR: 2.39e-04
  Epoch [94/200]  Batch [  80/123]  Loss: -12.6072  LR: 2.39e-04
  Epoch [94/200]  Batch [  90/123]  Loss: -12.6175  LR: 2.39e-04
  Epoch [94/200]  Batch [ 100/123]  Loss: -12.6241  LR: 2.39e-04
  Epoch [94/200]  Batch [ 110/123]  Loss: -12.6155  LR: 2.39e-04
  Epoch [94/200]  Batch [ 120/123]  Loss: -12.6083  LR: 2.39e-04

------------------------------------------------------------
  Epoch  94/200 complete  |  Avg Loss: -12.6051  |  LR: 2.36e-04
------------------------------------------------------------

  Epoch [95/200]  Batch [   0/123]  Loss: -12.6220  LR: 2.36e-04
  Epoch [95/200]  Batch [  10/123]  Loss: -12.6064  LR: 2.36e-04
  Epoch [95/200]  Batch [  20/123]  Loss: -12.6143  LR: 2.36e-04
  Epoch [95/200]  Batch [  30/123]  Loss: -12.6143  LR: 2.36e-04
  Epoch [95/200]  Batch [  40/123]  Loss: -12.6069  LR: 2.36e-04
  Epoch [95/200]  Batch [  50/123]  Loss: -12.6266  LR: 2.36e-04
  Epoch [95/200]  Batch [  60/123]  Loss: -12.6094  LR: 2.36e-04
  Epoch [95/200]  Batch [  70/123]  Loss: -12.5998  LR: 2.36e-04
  Epoch [95/200]  Batch [  80/123]  Loss: -12.6123  LR: 2.36e-04
  Epoch [95/200]  Batch [  90/123]  Loss: -12.6137  LR: 2.36e-04
  Epoch [95/200]  Batch [ 100/123]  Loss: -12.5934  LR: 2.36e-04
  Epoch [95/200]  Batch [ 110/123]  Loss: -12.5969  LR: 2.36e-04
  Epoch [95/200]  Batch [ 120/123]  Loss: -12.5884  LR: 2.36e-04

------------------------------------------------------------
  Epoch  95/200 complete  |  Avg Loss: -12.6077  |  LR: 2.33e-04
------------------------------------------------------------

  Epoch [96/200]  Batch [   0/123]  Loss: -12.6271  LR: 2.33e-04
  Epoch [96/200]  Batch [  10/123]  Loss: -12.6262  LR: 2.33e-04
  Epoch [96/200]  Batch [  20/123]  Loss: -12.6053  LR: 2.33e-04
  Epoch [96/200]  Batch [  30/123]  Loss: -12.6209  LR: 2.33e-04
  Epoch [96/200]  Batch [  40/123]  Loss: -12.6218  LR: 2.33e-04
  Epoch [96/200]  Batch [  50/123]  Loss: -12.6248  LR: 2.33e-04
  Epoch [96/200]  Batch [  60/123]  Loss: -12.6111  LR: 2.33e-04
  Epoch [96/200]  Batch [  70/123]  Loss: -12.6125  LR: 2.33e-04
  Epoch [96/200]  Batch [  80/123]  Loss: -12.6179  LR: 2.33e-04
  Epoch [96/200]  Batch [  90/123]  Loss: -12.6125  LR: 2.33e-04
  Epoch [96/200]  Batch [ 100/123]  Loss: -12.6179  LR: 2.33e-04
  Epoch [96/200]  Batch [ 110/123]  Loss: -12.6044  LR: 2.33e-04
  Epoch [96/200]  Batch [ 120/123]  Loss: -12.6183  LR: 2.33e-04

------------------------------------------------------------
  Epoch  96/200 complete  |  Avg Loss: -12.6098  |  LR: 2.30e-04
------------------------------------------------------------

  Epoch [97/200]  Batch [   0/123]  Loss: -12.6170  LR: 2.30e-04
  Epoch [97/200]  Batch [  10/123]  Loss: -12.6267  LR: 2.30e-04
  Epoch [97/200]  Batch [  20/123]  Loss: -12.6162  LR: 2.30e-04
  Epoch [97/200]  Batch [  30/123]  Loss: -12.6100  LR: 2.30e-04
  Epoch [97/200]  Batch [  40/123]  Loss: -12.6181  LR: 2.30e-04
  Epoch [97/200]  Batch [  50/123]  Loss: -12.6163  LR: 2.30e-04
  Epoch [97/200]  Batch [  60/123]  Loss: -12.6075  LR: 2.30e-04
  Epoch [97/200]  Batch [  70/123]  Loss: -12.6150  LR: 2.30e-04
  Epoch [97/200]  Batch [  80/123]  Loss: -12.6220  LR: 2.30e-04
  Epoch [97/200]  Batch [  90/123]  Loss: -12.6193  LR: 2.30e-04
  Epoch [97/200]  Batch [ 100/123]  Loss: -12.6149  LR: 2.30e-04
  Epoch [97/200]  Batch [ 110/123]  Loss: -12.6247  LR: 2.30e-04
  Epoch [97/200]  Batch [ 120/123]  Loss: -12.6082  LR: 2.30e-04

------------------------------------------------------------
  Epoch  97/200 complete  |  Avg Loss: -12.6130  |  LR: 2.26e-04
------------------------------------------------------------

  Epoch [98/200]  Batch [   0/123]  Loss: -12.6076  LR: 2.26e-04
  Epoch [98/200]  Batch [  10/123]  Loss: -12.6122  LR: 2.26e-04
  Epoch [98/200]  Batch [  20/123]  Loss: -12.6196  LR: 2.26e-04
  Epoch [98/200]  Batch [  30/123]  Loss: -12.6062  LR: 2.26e-04
  Epoch [98/200]  Batch [  40/123]  Loss: -12.5978  LR: 2.26e-04
  Epoch [98/200]  Batch [  50/123]  Loss: -12.6087  LR: 2.26e-04
  Epoch [98/200]  Batch [  60/123]  Loss: -12.6001  LR: 2.26e-04
  Epoch [98/200]  Batch [  70/123]  Loss: -12.6093  LR: 2.26e-04
  Epoch [98/200]  Batch [  80/123]  Loss: -12.6276  LR: 2.26e-04
  Epoch [98/200]  Batch [  90/123]  Loss: -12.6174  LR: 2.26e-04
  Epoch [98/200]  Batch [ 100/123]  Loss: -12.5518  LR: 2.26e-04
  Epoch [98/200]  Batch [ 110/123]  Loss: -12.6132  LR: 2.26e-04
  Epoch [98/200]  Batch [ 120/123]  Loss: -12.6102  LR: 2.26e-04

------------------------------------------------------------
  Epoch  98/200 complete  |  Avg Loss: -12.6125  |  LR: 2.23e-04
------------------------------------------------------------

  Epoch [99/200]  Batch [   0/123]  Loss: -12.6168  LR: 2.23e-04
  Epoch [99/200]  Batch [  10/123]  Loss: -12.6204  LR: 2.23e-04
  Epoch [99/200]  Batch [  20/123]  Loss: -12.6233  LR: 2.23e-04
  Epoch [99/200]  Batch [  30/123]  Loss: -12.6118  LR: 2.23e-04
  Epoch [99/200]  Batch [  40/123]  Loss: -12.6199  LR: 2.23e-04
  Epoch [99/200]  Batch [  50/123]  Loss: -12.6246  LR: 2.23e-04
  Epoch [99/200]  Batch [  60/123]  Loss: -12.6129  LR: 2.23e-04
  Epoch [99/200]  Batch [  70/123]  Loss: -12.6255  LR: 2.23e-04
  Epoch [99/200]  Batch [  80/123]  Loss: -12.5964  LR: 2.23e-04
  Epoch [99/200]  Batch [  90/123]  Loss: -12.6212  LR: 2.23e-04
  Epoch [99/200]  Batch [ 100/123]  Loss: -12.6219  LR: 2.23e-04
  Epoch [99/200]  Batch [ 110/123]  Loss: -12.6221  LR: 2.23e-04
  Epoch [99/200]  Batch [ 120/123]  Loss: -12.6145  LR: 2.23e-04

------------------------------------------------------------
  Epoch  99/200 complete  |  Avg Loss: -12.6147  |  LR: 2.20e-04
------------------------------------------------------------

  Epoch [100/200]  Batch [   0/123]  Loss: -12.6221  LR: 2.20e-04
  Epoch [100/200]  Batch [  10/123]  Loss: -12.6219  LR: 2.20e-04
  Epoch [100/200]  Batch [  20/123]  Loss: -12.6061  LR: 2.20e-04
  Epoch [100/200]  Batch [  30/123]  Loss: -12.6231  LR: 2.20e-04
  Epoch [100/200]  Batch [  40/123]  Loss: -12.6235  LR: 2.20e-04
  Epoch [100/200]  Batch [  50/123]  Loss: -12.6218  LR: 2.20e-04
  Epoch [100/200]  Batch [  60/123]  Loss: -12.5478  LR: 2.20e-04
  Epoch [100/200]  Batch [  70/123]  Loss: -12.5384  LR: 2.20e-04
  Epoch [100/200]  Batch [  80/123]  Loss: -12.6204  LR: 2.20e-04
  Epoch [100/200]  Batch [  90/123]  Loss: -12.6293  LR: 2.20e-04
  Epoch [100/200]  Batch [ 100/123]  Loss: -12.6207  LR: 2.20e-04
  Epoch [100/200]  Batch [ 110/123]  Loss: -12.6241  LR: 2.20e-04
  Epoch [100/200]  Batch [ 120/123]  Loss: -12.6173  LR: 2.20e-04

------------------------------------------------------------
  Epoch 100/200 complete  |  Avg Loss: -12.6143  |  LR: 2.17e-04
------------------------------------------------------------

  Epoch [101/200]  Batch [   0/123]  Loss: -12.6274  LR: 2.17e-04
  Epoch [101/200]  Batch [  10/123]  Loss: -12.6117  LR: 2.17e-04
  Epoch [101/200]  Batch [  20/123]  Loss: -12.6184  LR: 2.17e-04
  Epoch [101/200]  Batch [  30/123]  Loss: -12.6299  LR: 2.17e-04
  Epoch [101/200]  Batch [  40/123]  Loss: -12.6189  LR: 2.17e-04
  Epoch [101/200]  Batch [  50/123]  Loss: -12.6102  LR: 2.17e-04
  Epoch [101/200]  Batch [  60/123]  Loss: -12.6175  LR: 2.17e-04
  Epoch [101/200]  Batch [  70/123]  Loss: -12.6121  LR: 2.17e-04
  Epoch [101/200]  Batch [  80/123]  Loss: -12.6234  LR: 2.17e-04
  Epoch [101/200]  Batch [  90/123]  Loss: -12.6199  LR: 2.17e-04
  Epoch [101/200]  Batch [ 100/123]  Loss: -12.6128  LR: 2.17e-04
  Epoch [101/200]  Batch [ 110/123]  Loss: -12.6211  LR: 2.17e-04
  Epoch [101/200]  Batch [ 120/123]  Loss: -12.6123  LR: 2.17e-04

------------------------------------------------------------
  Epoch 101/200 complete  |  Avg Loss: -12.6170  |  LR: 2.13e-04
------------------------------------------------------------

  Epoch [102/200]  Batch [   0/123]  Loss: -12.6114  LR: 2.13e-04
  Epoch [102/200]  Batch [  10/123]  Loss: -12.6338  LR: 2.13e-04
  Epoch [102/200]  Batch [  20/123]  Loss: -12.6310  LR: 2.13e-04
  Epoch [102/200]  Batch [  30/123]  Loss: -12.6214  LR: 2.13e-04
  Epoch [102/200]  Batch [  40/123]  Loss: -12.6210  LR: 2.13e-04
  Epoch [102/200]  Batch [  50/123]  Loss: -12.6280  LR: 2.13e-04
  Epoch [102/200]  Batch [  60/123]  Loss: -12.6251  LR: 2.13e-04
  Epoch [102/200]  Batch [  70/123]  Loss: -12.6246  LR: 2.13e-04
  Epoch [102/200]  Batch [  80/123]  Loss: -12.6228  LR: 2.13e-04
  Epoch [102/200]  Batch [  90/123]  Loss: -12.6171  LR: 2.13e-04
  Epoch [102/200]  Batch [ 100/123]  Loss: -12.6189  LR: 2.13e-04
  Epoch [102/200]  Batch [ 110/123]  Loss: -12.6241  LR: 2.13e-04
  Epoch [102/200]  Batch [ 120/123]  Loss: -12.6203  LR: 2.13e-04

------------------------------------------------------------
  Epoch 102/200 complete  |  Avg Loss: -12.6185  |  LR: 2.10e-04
------------------------------------------------------------

  Epoch [103/200]  Batch [   0/123]  Loss: -12.6296  LR: 2.10e-04
  Epoch [103/200]  Batch [  10/123]  Loss: -12.6002  LR: 2.10e-04
  Epoch [103/200]  Batch [  20/123]  Loss: -12.6375  LR: 2.10e-04
  Epoch [103/200]  Batch [  30/123]  Loss: -12.6186  LR: 2.10e-04
  Epoch [103/200]  Batch [  40/123]  Loss: -12.6322  LR: 2.10e-04
  Epoch [103/200]  Batch [  50/123]  Loss: -12.6311  LR: 2.10e-04
  Epoch [103/200]  Batch [  60/123]  Loss: -12.6138  LR: 2.10e-04
  Epoch [103/200]  Batch [  70/123]  Loss: -12.6083  LR: 2.10e-04
  Epoch [103/200]  Batch [  80/123]  Loss: -12.6099  LR: 2.10e-04
  Epoch [103/200]  Batch [  90/123]  Loss: -12.6290  LR: 2.10e-04
  Epoch [103/200]  Batch [ 100/123]  Loss: -12.6328  LR: 2.10e-04
  Epoch [103/200]  Batch [ 110/123]  Loss: -12.6241  LR: 2.10e-04
  Epoch [103/200]  Batch [ 120/123]  Loss: -12.6159  LR: 2.10e-04

------------------------------------------------------------
  Epoch 103/200 complete  |  Avg Loss: -12.6208  |  LR: 2.07e-04
------------------------------------------------------------

  Epoch [104/200]  Batch [   0/123]  Loss: -12.6224  LR: 2.07e-04
  Epoch [104/200]  Batch [  10/123]  Loss: -12.6232  LR: 2.07e-04
  Epoch [104/200]  Batch [  20/123]  Loss: -12.6249  LR: 2.07e-04
  Epoch [104/200]  Batch [  30/123]  Loss: -12.6261  LR: 2.07e-04
  Epoch [104/200]  Batch [  40/123]  Loss: -12.6116  LR: 2.07e-04
  Epoch [104/200]  Batch [  50/123]  Loss: -12.6209  LR: 2.07e-04
  Epoch [104/200]  Batch [  60/123]  Loss: -12.6165  LR: 2.07e-04
  Epoch [104/200]  Batch [  70/123]  Loss: -12.6204  LR: 2.07e-04
  Epoch [104/200]  Batch [  80/123]  Loss: -12.6254  LR: 2.07e-04
  Epoch [104/200]  Batch [  90/123]  Loss: -12.6357  LR: 2.07e-04
  Epoch [104/200]  Batch [ 100/123]  Loss: -12.6316  LR: 2.07e-04
  Epoch [104/200]  Batch [ 110/123]  Loss: -12.6182  LR: 2.07e-04
  Epoch [104/200]  Batch [ 120/123]  Loss: -12.6125  LR: 2.07e-04

------------------------------------------------------------
  Epoch 104/200 complete  |  Avg Loss: -12.6232  |  LR: 2.03e-04
------------------------------------------------------------

  Epoch [105/200]  Batch [   0/123]  Loss: -12.6132  LR: 2.03e-04
  Epoch [105/200]  Batch [  10/123]  Loss: -12.6189  LR: 2.03e-04
  Epoch [105/200]  Batch [  20/123]  Loss: -12.6192  LR: 2.03e-04
  Epoch [105/200]  Batch [  30/123]  Loss: -12.6288  LR: 2.03e-04
  Epoch [105/200]  Batch [  40/123]  Loss: -12.6395  LR: 2.03e-04
  Epoch [105/200]  Batch [  50/123]  Loss: -12.6046  LR: 2.03e-04
  Epoch [105/200]  Batch [  60/123]  Loss: -12.6244  LR: 2.03e-04
  Epoch [105/200]  Batch [  70/123]  Loss: -12.6291  LR: 2.03e-04
  Epoch [105/200]  Batch [  80/123]  Loss: -12.6393  LR: 2.03e-04
  Epoch [105/200]  Batch [  90/123]  Loss: -12.6358  LR: 2.03e-04
  Epoch [105/200]  Batch [ 100/123]  Loss: -12.6179  LR: 2.03e-04
  Epoch [105/200]  Batch [ 110/123]  Loss: -12.6165  LR: 2.03e-04
  Epoch [105/200]  Batch [ 120/123]  Loss: -12.6250  LR: 2.03e-04

------------------------------------------------------------
  Epoch 105/200 complete  |  Avg Loss: -12.6240  |  LR: 2.00e-04
------------------------------------------------------------

  Epoch [106/200]  Batch [   0/123]  Loss: -12.6192  LR: 2.00e-04
  Epoch [106/200]  Batch [  10/123]  Loss: -12.6379  LR: 2.00e-04
  Epoch [106/200]  Batch [  20/123]  Loss: -12.6159  LR: 2.00e-04
  Epoch [106/200]  Batch [  30/123]  Loss: -12.6227  LR: 2.00e-04
  Epoch [106/200]  Batch [  40/123]  Loss: -12.6187  LR: 2.00e-04
  Epoch [106/200]  Batch [  50/123]  Loss: -12.6332  LR: 2.00e-04
  Epoch [106/200]  Batch [  60/123]  Loss: -12.6196  LR: 2.00e-04
  Epoch [106/200]  Batch [  70/123]  Loss: -12.6345  LR: 2.00e-04
  Epoch [106/200]  Batch [  80/123]  Loss: -12.6186  LR: 2.00e-04
  Epoch [106/200]  Batch [  90/123]  Loss: -12.6084  LR: 2.00e-04
  Epoch [106/200]  Batch [ 100/123]  Loss: -12.6289  LR: 2.00e-04
  Epoch [106/200]  Batch [ 110/123]  Loss: -12.6149  LR: 2.00e-04
  Epoch [106/200]  Batch [ 120/123]  Loss: -12.6051  LR: 2.00e-04

------------------------------------------------------------
  Epoch 106/200 complete  |  Avg Loss: -12.6248  |  LR: 1.97e-04
------------------------------------------------------------

  Epoch [107/200]  Batch [   0/123]  Loss: -12.6332  LR: 1.97e-04
  Epoch [107/200]  Batch [  10/123]  Loss: -12.6259  LR: 1.97e-04
  Epoch [107/200]  Batch [  20/123]  Loss: -12.6395  LR: 1.97e-04
  Epoch [107/200]  Batch [  30/123]  Loss: -12.6363  LR: 1.97e-04
  Epoch [107/200]  Batch [  40/123]  Loss: -12.6157  LR: 1.97e-04
  Epoch [107/200]  Batch [  50/123]  Loss: -12.6219  LR: 1.97e-04
  Epoch [107/200]  Batch [  60/123]  Loss: -12.6245  LR: 1.97e-04
  Epoch [107/200]  Batch [  70/123]  Loss: -12.6370  LR: 1.97e-04
  Epoch [107/200]  Batch [  80/123]  Loss: -12.6317  LR: 1.97e-04
  Epoch [107/200]  Batch [  90/123]  Loss: -12.6364  LR: 1.97e-04
  Epoch [107/200]  Batch [ 100/123]  Loss: -12.6311  LR: 1.97e-04
  Epoch [107/200]  Batch [ 110/123]  Loss: -12.6257  LR: 1.97e-04
  Epoch [107/200]  Batch [ 120/123]  Loss: -12.6216  LR: 1.97e-04

------------------------------------------------------------
  Epoch 107/200 complete  |  Avg Loss: -12.6261  |  LR: 1.93e-04
------------------------------------------------------------

  Epoch [108/200]  Batch [   0/123]  Loss: -12.6345  LR: 1.93e-04
  Epoch [108/200]  Batch [  10/123]  Loss: -12.6333  LR: 1.93e-04
  Epoch [108/200]  Batch [  20/123]  Loss: -12.6276  LR: 1.93e-04
  Epoch [108/200]  Batch [  30/123]  Loss: -12.6325  LR: 1.93e-04
  Epoch [108/200]  Batch [  40/123]  Loss: -12.6199  LR: 1.93e-04
  Epoch [108/200]  Batch [  50/123]  Loss: -12.6418  LR: 1.93e-04
  Epoch [108/200]  Batch [  60/123]  Loss: -12.6432  LR: 1.93e-04
  Epoch [108/200]  Batch [  70/123]  Loss: -12.5736  LR: 1.93e-04
  Epoch [108/200]  Batch [  80/123]  Loss: -12.6299  LR: 1.93e-04
  Epoch [108/200]  Batch [  90/123]  Loss: -12.6244  LR: 1.93e-04
  Epoch [108/200]  Batch [ 100/123]  Loss: -12.6116  LR: 1.93e-04
  Epoch [108/200]  Batch [ 110/123]  Loss: -12.6171  LR: 1.93e-04
  Epoch [108/200]  Batch [ 120/123]  Loss: -12.6381  LR: 1.93e-04

------------------------------------------------------------
  Epoch 108/200 complete  |  Avg Loss: -12.6278  |  LR: 1.90e-04
------------------------------------------------------------

  Epoch [109/200]  Batch [   0/123]  Loss: -12.6261  LR: 1.90e-04
  Epoch [109/200]  Batch [  10/123]  Loss: -12.6176  LR: 1.90e-04
  Epoch [109/200]  Batch [  20/123]  Loss: -12.6316  LR: 1.90e-04
  Epoch [109/200]  Batch [  30/123]  Loss: -12.6306  LR: 1.90e-04
  Epoch [109/200]  Batch [  40/123]  Loss: -12.6317  LR: 1.90e-04
  Epoch [109/200]  Batch [  50/123]  Loss: -12.6122  LR: 1.90e-04
  Epoch [109/200]  Batch [  60/123]  Loss: -12.6279  LR: 1.90e-04
  Epoch [109/200]  Batch [  70/123]  Loss: -12.6169  LR: 1.90e-04
  Epoch [109/200]  Batch [  80/123]  Loss: -12.6253  LR: 1.90e-04
  Epoch [109/200]  Batch [  90/123]  Loss: -12.6297  LR: 1.90e-04
  Epoch [109/200]  Batch [ 100/123]  Loss: -12.6276  LR: 1.90e-04
  Epoch [109/200]  Batch [ 110/123]  Loss: -12.6294  LR: 1.90e-04
  Epoch [109/200]  Batch [ 120/123]  Loss: -12.6389  LR: 1.90e-04

------------------------------------------------------------
  Epoch 109/200 complete  |  Avg Loss: -12.6286  |  LR: 1.87e-04
------------------------------------------------------------

  Epoch [110/200]  Batch [   0/123]  Loss: -12.6180  LR: 1.87e-04
  Epoch [110/200]  Batch [  10/123]  Loss: -12.6315  LR: 1.87e-04
  Epoch [110/200]  Batch [  20/123]  Loss: -12.6250  LR: 1.87e-04
  Epoch [110/200]  Batch [  30/123]  Loss: -12.6283  LR: 1.87e-04
  Epoch [110/200]  Batch [  40/123]  Loss: -12.6271  LR: 1.87e-04
  Epoch [110/200]  Batch [  50/123]  Loss: -12.6238  LR: 1.87e-04
  Epoch [110/200]  Batch [  60/123]  Loss: -12.6349  LR: 1.87e-04
  Epoch [110/200]  Batch [  70/123]  Loss: -12.6341  LR: 1.87e-04
  Epoch [110/200]  Batch [  80/123]  Loss: -12.6248  LR: 1.87e-04
  Epoch [110/200]  Batch [  90/123]  Loss: -12.5728  LR: 1.87e-04
  Epoch [110/200]  Batch [ 100/123]  Loss: -12.6467  LR: 1.87e-04
  Epoch [110/200]  Batch [ 110/123]  Loss: -12.6462  LR: 1.87e-04
  Epoch [110/200]  Batch [ 120/123]  Loss: -12.6293  LR: 1.87e-04

------------------------------------------------------------
  Epoch 110/200 complete  |  Avg Loss: -12.6257  |  LR: 1.83e-04
------------------------------------------------------------

  Epoch [111/200]  Batch [   0/123]  Loss: -12.6368  LR: 1.83e-04
  Epoch [111/200]  Batch [  10/123]  Loss: -12.6213  LR: 1.83e-04
  Epoch [111/200]  Batch [  20/123]  Loss: -12.6407  LR: 1.83e-04
  Epoch [111/200]  Batch [  30/123]  Loss: -12.6341  LR: 1.83e-04
  Epoch [111/200]  Batch [  40/123]  Loss: -12.6322  LR: 1.83e-04
  Epoch [111/200]  Batch [  50/123]  Loss: -12.6222  LR: 1.83e-04
  Epoch [111/200]  Batch [  60/123]  Loss: -12.6250  LR: 1.83e-04
  Epoch [111/200]  Batch [  70/123]  Loss: -12.6283  LR: 1.83e-04
  Epoch [111/200]  Batch [  80/123]  Loss: -12.6396  LR: 1.83e-04
  Epoch [111/200]  Batch [  90/123]  Loss: -12.6425  LR: 1.83e-04
  Epoch [111/200]  Batch [ 100/123]  Loss: -12.6252  LR: 1.83e-04
  Epoch [111/200]  Batch [ 110/123]  Loss: -12.6341  LR: 1.83e-04
  Epoch [111/200]  Batch [ 120/123]  Loss: -12.6391  LR: 1.83e-04

------------------------------------------------------------
  Epoch 111/200 complete  |  Avg Loss: -12.6291  |  LR: 1.80e-04
------------------------------------------------------------

  Epoch [112/200]  Batch [   0/123]  Loss: -12.6320  LR: 1.80e-04
  Epoch [112/200]  Batch [  10/123]  Loss: -12.6488  LR: 1.80e-04
  Epoch [112/200]  Batch [  20/123]  Loss: -12.6401  LR: 1.80e-04
  Epoch [112/200]  Batch [  30/123]  Loss: -12.6340  LR: 1.80e-04
  Epoch [112/200]  Batch [  40/123]  Loss: -12.6302  LR: 1.80e-04
  Epoch [112/200]  Batch [  50/123]  Loss: -12.6398  LR: 1.80e-04
  Epoch [112/200]  Batch [  60/123]  Loss: -12.6286  LR: 1.80e-04
  Epoch [112/200]  Batch [  70/123]  Loss: -12.6387  LR: 1.80e-04
  Epoch [112/200]  Batch [  80/123]  Loss: -12.6342  LR: 1.80e-04
  Epoch [112/200]  Batch [  90/123]  Loss: -12.6399  LR: 1.80e-04
  Epoch [112/200]  Batch [ 100/123]  Loss: -12.6410  LR: 1.80e-04
  Epoch [112/200]  Batch [ 110/123]  Loss: -12.6314  LR: 1.80e-04
  Epoch [112/200]  Batch [ 120/123]  Loss: -12.6354  LR: 1.80e-04

------------------------------------------------------------
  Epoch 112/200 complete  |  Avg Loss: -12.6313  |  LR: 1.77e-04
------------------------------------------------------------

  Epoch [113/200]  Batch [   0/123]  Loss: -12.6455  LR: 1.77e-04
  Epoch [113/200]  Batch [  10/123]  Loss: -12.6396  LR: 1.77e-04
  Epoch [113/200]  Batch [  20/123]  Loss: -12.6355  LR: 1.77e-04
  Epoch [113/200]  Batch [  30/123]  Loss: -12.6237  LR: 1.77e-04
  Epoch [113/200]  Batch [  40/123]  Loss: -12.6281  LR: 1.77e-04
  Epoch [113/200]  Batch [  50/123]  Loss: -12.6496  LR: 1.77e-04
  Epoch [113/200]  Batch [  60/123]  Loss: -12.6278  LR: 1.77e-04
  Epoch [113/200]  Batch [  70/123]  Loss: -12.6316  LR: 1.77e-04
  Epoch [113/200]  Batch [  80/123]  Loss: -12.6493  LR: 1.77e-04
  Epoch [113/200]  Batch [  90/123]  Loss: -12.6242  LR: 1.77e-04
  Epoch [113/200]  Batch [ 100/123]  Loss: -12.6345  LR: 1.77e-04
  Epoch [113/200]  Batch [ 110/123]  Loss: -12.6367  LR: 1.77e-04
  Epoch [113/200]  Batch [ 120/123]  Loss: -12.6411  LR: 1.77e-04

------------------------------------------------------------
  Epoch 113/200 complete  |  Avg Loss: -12.6340  |  LR: 1.74e-04
------------------------------------------------------------

  Epoch [114/200]  Batch [   0/123]  Loss: -12.6373  LR: 1.74e-04
  Epoch [114/200]  Batch [  10/123]  Loss: -12.6280  LR: 1.74e-04
  Epoch [114/200]  Batch [  20/123]  Loss: -12.6442  LR: 1.74e-04
  Epoch [114/200]  Batch [  30/123]  Loss: -12.6364  LR: 1.74e-04
  Epoch [114/200]  Batch [  40/123]  Loss: -12.6415  LR: 1.74e-04
  Epoch [114/200]  Batch [  50/123]  Loss: -12.6343  LR: 1.74e-04
  Epoch [114/200]  Batch [  60/123]  Loss: -12.6462  LR: 1.74e-04
  Epoch [114/200]  Batch [  70/123]  Loss: -12.6307  LR: 1.74e-04
  Epoch [114/200]  Batch [  80/123]  Loss: -12.6473  LR: 1.74e-04
  Epoch [114/200]  Batch [  90/123]  Loss: -12.6355  LR: 1.74e-04
  Epoch [114/200]  Batch [ 100/123]  Loss: -12.6410  LR: 1.74e-04
  Epoch [114/200]  Batch [ 110/123]  Loss: -12.6366  LR: 1.74e-04
  Epoch [114/200]  Batch [ 120/123]  Loss: -12.5697  LR: 1.74e-04

------------------------------------------------------------
  Epoch 114/200 complete  |  Avg Loss: -12.6348  |  LR: 1.70e-04
------------------------------------------------------------

  Epoch [115/200]  Batch [   0/123]  Loss: -12.6468  LR: 1.70e-04
  Epoch [115/200]  Batch [  10/123]  Loss: -12.6321  LR: 1.70e-04
  Epoch [115/200]  Batch [  20/123]  Loss: -12.6419  LR: 1.70e-04
  Epoch [115/200]  Batch [  30/123]  Loss: -12.6375  LR: 1.70e-04
  Epoch [115/200]  Batch [  40/123]  Loss: -12.6351  LR: 1.70e-04
  Epoch [115/200]  Batch [  50/123]  Loss: -12.6348  LR: 1.70e-04
  Epoch [115/200]  Batch [  60/123]  Loss: -12.6309  LR: 1.70e-04
  Epoch [115/200]  Batch [  70/123]  Loss: -12.6335  LR: 1.70e-04
  Epoch [115/200]  Batch [  80/123]  Loss: -12.6393  LR: 1.70e-04
  Epoch [115/200]  Batch [  90/123]  Loss: -12.6252  LR: 1.70e-04
  Epoch [115/200]  Batch [ 100/123]  Loss: -12.6486  LR: 1.70e-04
  Epoch [115/200]  Batch [ 110/123]  Loss: -12.5666  LR: 1.70e-04
  Epoch [115/200]  Batch [ 120/123]  Loss: -12.6339  LR: 1.70e-04

------------------------------------------------------------
  Epoch 115/200 complete  |  Avg Loss: -12.6327  |  LR: 1.67e-04
------------------------------------------------------------

  Epoch [116/200]  Batch [   0/123]  Loss: -12.6262  LR: 1.67e-04
  Epoch [116/200]  Batch [  10/123]  Loss: -12.6318  LR: 1.67e-04
  Epoch [116/200]  Batch [  20/123]  Loss: -12.6467  LR: 1.67e-04
  Epoch [116/200]  Batch [  30/123]  Loss: -12.6459  LR: 1.67e-04
  Epoch [116/200]  Batch [  40/123]  Loss: -12.6465  LR: 1.67e-04
  Epoch [116/200]  Batch [  50/123]  Loss: -12.6453  LR: 1.67e-04
  Epoch [116/200]  Batch [  60/123]  Loss: -12.6262  LR: 1.67e-04
  Epoch [116/200]  Batch [  70/123]  Loss: -12.6308  LR: 1.67e-04
  Epoch [116/200]  Batch [  80/123]  Loss: -12.6510  LR: 1.67e-04
  Epoch [116/200]  Batch [  90/123]  Loss: -12.6478  LR: 1.67e-04
  Epoch [116/200]  Batch [ 100/123]  Loss: -12.6421  LR: 1.67e-04
  Epoch [116/200]  Batch [ 110/123]  Loss: -12.6490  LR: 1.67e-04
  Epoch [116/200]  Batch [ 120/123]  Loss: -12.6397  LR: 1.67e-04

------------------------------------------------------------
  Epoch 116/200 complete  |  Avg Loss: -12.6346  |  LR: 1.64e-04
------------------------------------------------------------

  Epoch [117/200]  Batch [   0/123]  Loss: -12.6282  LR: 1.64e-04
  Epoch [117/200]  Batch [  10/123]  Loss: -12.6247  LR: 1.64e-04
  Epoch [117/200]  Batch [  20/123]  Loss: -12.6280  LR: 1.64e-04
  Epoch [117/200]  Batch [  30/123]  Loss: -12.6345  LR: 1.64e-04
  Epoch [117/200]  Batch [  40/123]  Loss: -12.6464  LR: 1.64e-04
  Epoch [117/200]  Batch [  50/123]  Loss: -12.6332  LR: 1.64e-04
  Epoch [117/200]  Batch [  60/123]  Loss: -12.6434  LR: 1.64e-04
  Epoch [117/200]  Batch [  70/123]  Loss: -12.6434  LR: 1.64e-04
  Epoch [117/200]  Batch [  80/123]  Loss: -12.6576  LR: 1.64e-04
  Epoch [117/200]  Batch [  90/123]  Loss: -12.6378  LR: 1.64e-04
  Epoch [117/200]  Batch [ 100/123]  Loss: -12.6532  LR: 1.64e-04
  Epoch [117/200]  Batch [ 110/123]  Loss: -12.6437  LR: 1.64e-04
  Epoch [117/200]  Batch [ 120/123]  Loss: -12.6422  LR: 1.64e-04

------------------------------------------------------------
  Epoch 117/200 complete  |  Avg Loss: -12.6377  |  LR: 1.61e-04
------------------------------------------------------------

  Epoch [118/200]  Batch [   0/123]  Loss: -12.6543  LR: 1.61e-04
  Epoch [118/200]  Batch [  10/123]  Loss: -12.6472  LR: 1.61e-04
  Epoch [118/200]  Batch [  20/123]  Loss: -12.6269  LR: 1.61e-04
  Epoch [118/200]  Batch [  30/123]  Loss: -12.6427  LR: 1.61e-04
  Epoch [118/200]  Batch [  40/123]  Loss: -12.6457  LR: 1.61e-04
  Epoch [118/200]  Batch [  50/123]  Loss: -12.6511  LR: 1.61e-04
  Epoch [118/200]  Batch [  60/123]  Loss: -12.6366  LR: 1.61e-04
  Epoch [118/200]  Batch [  70/123]  Loss: -12.6251  LR: 1.61e-04
  Epoch [118/200]  Batch [  80/123]  Loss: -12.6443  LR: 1.61e-04
  Epoch [118/200]  Batch [  90/123]  Loss: -12.6389  LR: 1.61e-04
  Epoch [118/200]  Batch [ 100/123]  Loss: -12.6410  LR: 1.61e-04
  Epoch [118/200]  Batch [ 110/123]  Loss: -12.6323  LR: 1.61e-04
  Epoch [118/200]  Batch [ 120/123]  Loss: -12.6433  LR: 1.61e-04

------------------------------------------------------------
  Epoch 118/200 complete  |  Avg Loss: -12.6414  |  LR: 1.57e-04
------------------------------------------------------------

  Epoch [119/200]  Batch [   0/123]  Loss: -12.6417  LR: 1.57e-04
  Epoch [119/200]  Batch [  10/123]  Loss: -12.6270  LR: 1.57e-04
  Epoch [119/200]  Batch [  20/123]  Loss: -12.6337  LR: 1.57e-04
  Epoch [119/200]  Batch [  30/123]  Loss: -12.6495  LR: 1.57e-04
  Epoch [119/200]  Batch [  40/123]  Loss: -12.6561  LR: 1.57e-04
  Epoch [119/200]  Batch [  50/123]  Loss: -12.6426  LR: 1.57e-04
  Epoch [119/200]  Batch [  60/123]  Loss: -12.6410  LR: 1.57e-04
  Epoch [119/200]  Batch [  70/123]  Loss: -12.6365  LR: 1.57e-04
  Epoch [119/200]  Batch [  80/123]  Loss: -12.6413  LR: 1.57e-04
  Epoch [119/200]  Batch [  90/123]  Loss: -12.6487  LR: 1.57e-04
  Epoch [119/200]  Batch [ 100/123]  Loss: -12.6288  LR: 1.57e-04
  Epoch [119/200]  Batch [ 110/123]  Loss: -12.6355  LR: 1.57e-04
  Epoch [119/200]  Batch [ 120/123]  Loss: -12.6572  LR: 1.57e-04

------------------------------------------------------------
  Epoch 119/200 complete  |  Avg Loss: -12.6412  |  LR: 1.54e-04
------------------------------------------------------------

  Epoch [120/200]  Batch [   0/123]  Loss: -12.6467  LR: 1.54e-04
  Epoch [120/200]  Batch [  10/123]  Loss: -12.6416  LR: 1.54e-04
  Epoch [120/200]  Batch [  20/123]  Loss: -12.6489  LR: 1.54e-04
  Epoch [120/200]  Batch [  30/123]  Loss: -12.6502  LR: 1.54e-04
  Epoch [120/200]  Batch [  40/123]  Loss: -12.6533  LR: 1.54e-04
  Epoch [120/200]  Batch [  50/123]  Loss: -12.6557  LR: 1.54e-04
  Epoch [120/200]  Batch [  60/123]  Loss: -12.6388  LR: 1.54e-04
  Epoch [120/200]  Batch [  70/123]  Loss: -12.6542  LR: 1.54e-04
  Epoch [120/200]  Batch [  80/123]  Loss: -12.6463  LR: 1.54e-04
  Epoch [120/200]  Batch [  90/123]  Loss: -12.6419  LR: 1.54e-04
  Epoch [120/200]  Batch [ 100/123]  Loss: -12.6530  LR: 1.54e-04
  Epoch [120/200]  Batch [ 110/123]  Loss: -12.6477  LR: 1.54e-04
  Epoch [120/200]  Batch [ 120/123]  Loss: -12.6502  LR: 1.54e-04

------------------------------------------------------------
  Epoch 120/200 complete  |  Avg Loss: -12.6409  |  LR: 1.51e-04
------------------------------------------------------------

  Epoch [121/200]  Batch [   0/123]  Loss: -12.6506  LR: 1.51e-04
  Epoch [121/200]  Batch [  10/123]  Loss: -12.6459  LR: 1.51e-04
  Epoch [121/200]  Batch [  20/123]  Loss: -12.6472  LR: 1.51e-04
  Epoch [121/200]  Batch [  30/123]  Loss: -12.6391  LR: 1.51e-04
  Epoch [121/200]  Batch [  40/123]  Loss: -12.6026  LR: 1.51e-04
  Epoch [121/200]  Batch [  50/123]  Loss: -12.6402  LR: 1.51e-04
  Epoch [121/200]  Batch [  60/123]  Loss: -12.6489  LR: 1.51e-04
  Epoch [121/200]  Batch [  70/123]  Loss: -12.6365  LR: 1.51e-04
  Epoch [121/200]  Batch [  80/123]  Loss: -12.6472  LR: 1.51e-04
  Epoch [121/200]  Batch [  90/123]  Loss: -12.6452  LR: 1.51e-04
  Epoch [121/200]  Batch [ 100/123]  Loss: -12.6370  LR: 1.51e-04
  Epoch [121/200]  Batch [ 110/123]  Loss: -12.6318  LR: 1.51e-04
  Epoch [121/200]  Batch [ 120/123]  Loss: -12.6381  LR: 1.51e-04

------------------------------------------------------------
  Epoch 121/200 complete  |  Avg Loss: -12.6435  |  LR: 1.48e-04
------------------------------------------------------------

  Epoch [122/200]  Batch [   0/123]  Loss: -12.6452  LR: 1.48e-04
  Epoch [122/200]  Batch [  10/123]  Loss: -12.6682  LR: 1.48e-04
  Epoch [122/200]  Batch [  20/123]  Loss: -12.6432  LR: 1.48e-04
  Epoch [122/200]  Batch [  30/123]  Loss: -12.6548  LR: 1.48e-04
  Epoch [122/200]  Batch [  40/123]  Loss: -12.6465  LR: 1.48e-04
  Epoch [122/200]  Batch [  50/123]  Loss: -12.6548  LR: 1.48e-04
  Epoch [122/200]  Batch [  60/123]  Loss: -12.6644  LR: 1.48e-04
  Epoch [122/200]  Batch [  70/123]  Loss: -12.6343  LR: 1.48e-04
  Epoch [122/200]  Batch [  80/123]  Loss: -12.6505  LR: 1.48e-04
  Epoch [122/200]  Batch [  90/123]  Loss: -12.6535  LR: 1.48e-04
  Epoch [122/200]  Batch [ 100/123]  Loss: -12.6413  LR: 1.48e-04
  Epoch [122/200]  Batch [ 110/123]  Loss: -12.6480  LR: 1.48e-04
  Epoch [122/200]  Batch [ 120/123]  Loss: -12.6493  LR: 1.48e-04

------------------------------------------------------------
  Epoch 122/200 complete  |  Avg Loss: -12.6463  |  LR: 1.45e-04
------------------------------------------------------------

  Epoch [123/200]  Batch [   0/123]  Loss: -12.6560  LR: 1.45e-04
  Epoch [123/200]  Batch [  10/123]  Loss: -12.6565  LR: 1.45e-04
  Epoch [123/200]  Batch [  20/123]  Loss: -12.6335  LR: 1.45e-04
  Epoch [123/200]  Batch [  30/123]  Loss: -12.6509  LR: 1.45e-04
  Epoch [123/200]  Batch [  40/123]  Loss: -12.6360  LR: 1.45e-04
  Epoch [123/200]  Batch [  50/123]  Loss: -12.6564  LR: 1.45e-04
  Epoch [123/200]  Batch [  60/123]  Loss: -12.6595  LR: 1.45e-04
  Epoch [123/200]  Batch [  70/123]  Loss: -12.6547  LR: 1.45e-04
  Epoch [123/200]  Batch [  80/123]  Loss: -12.6438  LR: 1.45e-04
  Epoch [123/200]  Batch [  90/123]  Loss: -12.6397  LR: 1.45e-04
  Epoch [123/200]  Batch [ 100/123]  Loss: -12.6534  LR: 1.45e-04
  Epoch [123/200]  Batch [ 110/123]  Loss: -12.6489  LR: 1.45e-04
  Epoch [123/200]  Batch [ 120/123]  Loss: -12.6414  LR: 1.45e-04

------------------------------------------------------------
  Epoch 123/200 complete  |  Avg Loss: -12.6471  |  LR: 1.41e-04
------------------------------------------------------------

  Epoch [124/200]  Batch [   0/123]  Loss: -12.6454  LR: 1.41e-04
  Epoch [124/200]  Batch [  10/123]  Loss: -12.6369  LR: 1.41e-04
  Epoch [124/200]  Batch [  20/123]  Loss: -12.6498  LR: 1.41e-04
  Epoch [124/200]  Batch [  30/123]  Loss: -12.6499  LR: 1.41e-04
  Epoch [124/200]  Batch [  40/123]  Loss: -12.6481  LR: 1.41e-04
  Epoch [124/200]  Batch [  50/123]  Loss: -12.6307  LR: 1.41e-04
  Epoch [124/200]  Batch [  60/123]  Loss: -12.6606  LR: 1.41e-04
  Epoch [124/200]  Batch [  70/123]  Loss: -12.6433  LR: 1.41e-04
  Epoch [124/200]  Batch [  80/123]  Loss: -12.6533  LR: 1.41e-04
  Epoch [124/200]  Batch [  90/123]  Loss: -12.6509  LR: 1.41e-04
  Epoch [124/200]  Batch [ 100/123]  Loss: -12.6561  LR: 1.41e-04
  Epoch [124/200]  Batch [ 110/123]  Loss: -12.6298  LR: 1.41e-04
  Epoch [124/200]  Batch [ 120/123]  Loss: -12.6435  LR: 1.41e-04

------------------------------------------------------------
  Epoch 124/200 complete  |  Avg Loss: -12.6479  |  LR: 1.38e-04
------------------------------------------------------------

  Epoch [125/200]  Batch [   0/123]  Loss: -12.6571  LR: 1.38e-04
  Epoch [125/200]  Batch [  10/123]  Loss: -12.6484  LR: 1.38e-04
  Epoch [125/200]  Batch [  20/123]  Loss: -12.6586  LR: 1.38e-04
  Epoch [125/200]  Batch [  30/123]  Loss: -12.6498  LR: 1.38e-04
  Epoch [125/200]  Batch [  40/123]  Loss: -12.6356  LR: 1.38e-04
  Epoch [125/200]  Batch [  50/123]  Loss: -12.6413  LR: 1.38e-04
  Epoch [125/200]  Batch [  60/123]  Loss: -12.6440  LR: 1.38e-04
  Epoch [125/200]  Batch [  70/123]  Loss: -12.6473  LR: 1.38e-04
  Epoch [125/200]  Batch [  80/123]  Loss: -12.6625  LR: 1.38e-04
  Epoch [125/200]  Batch [  90/123]  Loss: -12.6605  LR: 1.38e-04
  Epoch [125/200]  Batch [ 100/123]  Loss: -12.6536  LR: 1.38e-04
  Epoch [125/200]  Batch [ 110/123]  Loss: -12.6511  LR: 1.38e-04
  Epoch [125/200]  Batch [ 120/123]  Loss: -12.6435  LR: 1.38e-04

------------------------------------------------------------
  Epoch 125/200 complete  |  Avg Loss: -12.6490  |  LR: 1.35e-04
------------------------------------------------------------

  Epoch [126/200]  Batch [   0/123]  Loss: -12.6495  LR: 1.35e-04
  Epoch [126/200]  Batch [  10/123]  Loss: -12.6410  LR: 1.35e-04
  Epoch [126/200]  Batch [  20/123]  Loss: -12.6523  LR: 1.35e-04
  Epoch [126/200]  Batch [  30/123]  Loss: -12.6448  LR: 1.35e-04
  Epoch [126/200]  Batch [  40/123]  Loss: -12.6487  LR: 1.35e-04
  Epoch [126/200]  Batch [  50/123]  Loss: -12.6541  LR: 1.35e-04
  Epoch [126/200]  Batch [  60/123]  Loss: -12.6338  LR: 1.35e-04
  Epoch [126/200]  Batch [  70/123]  Loss: -12.6502  LR: 1.35e-04
  Epoch [126/200]  Batch [  80/123]  Loss: -12.6509  LR: 1.35e-04
  Epoch [126/200]  Batch [  90/123]  Loss: -12.6484  LR: 1.35e-04
  Epoch [126/200]  Batch [ 100/123]  Loss: -12.6476  LR: 1.35e-04
  Epoch [126/200]  Batch [ 110/123]  Loss: -12.6537  LR: 1.35e-04
  Epoch [126/200]  Batch [ 120/123]  Loss: -12.6409  LR: 1.35e-04

------------------------------------------------------------
  Epoch 126/200 complete  |  Avg Loss: -12.6518  |  LR: 1.32e-04
------------------------------------------------------------

  Epoch [127/200]  Batch [   0/123]  Loss: -12.6404  LR: 1.32e-04
  Epoch [127/200]  Batch [  10/123]  Loss: -12.6465  LR: 1.32e-04
  Epoch [127/200]  Batch [  20/123]  Loss: -12.6569  LR: 1.32e-04
  Epoch [127/200]  Batch [  30/123]  Loss: -12.6415  LR: 1.32e-04
  Epoch [127/200]  Batch [  40/123]  Loss: -12.6479  LR: 1.32e-04
  Epoch [127/200]  Batch [  50/123]  Loss: -12.6489  LR: 1.32e-04
  Epoch [127/200]  Batch [  60/123]  Loss: -12.6506  LR: 1.32e-04
  Epoch [127/200]  Batch [  70/123]  Loss: -12.6617  LR: 1.32e-04
  Epoch [127/200]  Batch [  80/123]  Loss: -12.6536  LR: 1.32e-04
  Epoch [127/200]  Batch [  90/123]  Loss: -12.6535  LR: 1.32e-04
  Epoch [127/200]  Batch [ 100/123]  Loss: -12.6542  LR: 1.32e-04
  Epoch [127/200]  Batch [ 110/123]  Loss: -12.6488  LR: 1.32e-04
  Epoch [127/200]  Batch [ 120/123]  Loss: -12.6468  LR: 1.32e-04

------------------------------------------------------------
  Epoch 127/200 complete  |  Avg Loss: -12.6529  |  LR: 1.29e-04
------------------------------------------------------------

  Epoch [128/200]  Batch [   0/123]  Loss: -12.6307  LR: 1.29e-04
  Epoch [128/200]  Batch [  10/123]  Loss: -12.6559  LR: 1.29e-04
  Epoch [128/200]  Batch [  20/123]  Loss: -12.6637  LR: 1.29e-04
  Epoch [128/200]  Batch [  30/123]  Loss: -12.6512  LR: 1.29e-04
  Epoch [128/200]  Batch [  40/123]  Loss: -12.6442  LR: 1.29e-04
  Epoch [128/200]  Batch [  50/123]  Loss: -12.6663  LR: 1.29e-04
  Epoch [128/200]  Batch [  60/123]  Loss: -12.6602  LR: 1.29e-04
  Epoch [128/200]  Batch [  70/123]  Loss: -12.6599  LR: 1.29e-04
  Epoch [128/200]  Batch [  80/123]  Loss: -12.6592  LR: 1.29e-04
  Epoch [128/200]  Batch [  90/123]  Loss: -12.6521  LR: 1.29e-04
  Epoch [128/200]  Batch [ 100/123]  Loss: -12.6488  LR: 1.29e-04
  Epoch [128/200]  Batch [ 110/123]  Loss: -12.6598  LR: 1.29e-04
  Epoch [128/200]  Batch [ 120/123]  Loss: -12.6586  LR: 1.29e-04

------------------------------------------------------------
  Epoch 128/200 complete  |  Avg Loss: -12.6530  |  LR: 1.26e-04
------------------------------------------------------------

  Epoch [129/200]  Batch [   0/123]  Loss: -12.6546  LR: 1.26e-04
  Epoch [129/200]  Batch [  10/123]  Loss: -12.6553  LR: 1.26e-04
  Epoch [129/200]  Batch [  20/123]  Loss: -12.6637  LR: 1.26e-04
  Epoch [129/200]  Batch [  30/123]  Loss: -12.6349  LR: 1.26e-04
  Epoch [129/200]  Batch [  40/123]  Loss: -12.6585  LR: 1.26e-04
  Epoch [129/200]  Batch [  50/123]  Loss: -12.6582  LR: 1.26e-04
  Epoch [129/200]  Batch [  60/123]  Loss: -12.6542  LR: 1.26e-04
  Epoch [129/200]  Batch [  70/123]  Loss: -12.6513  LR: 1.26e-04
  Epoch [129/200]  Batch [  80/123]  Loss: -12.6474  LR: 1.26e-04
  Epoch [129/200]  Batch [  90/123]  Loss: -12.6536  LR: 1.26e-04
  Epoch [129/200]  Batch [ 100/123]  Loss: -12.6536  LR: 1.26e-04
  Epoch [129/200]  Batch [ 110/123]  Loss: -12.6468  LR: 1.26e-04
  Epoch [129/200]  Batch [ 120/123]  Loss: -12.6674  LR: 1.26e-04

------------------------------------------------------------
  Epoch 129/200 complete  |  Avg Loss: -12.6558  |  LR: 1.23e-04
------------------------------------------------------------

  Epoch [130/200]  Batch [   0/123]  Loss: -12.6560  LR: 1.23e-04
  Epoch [130/200]  Batch [  10/123]  Loss: -12.6660  LR: 1.23e-04
  Epoch [130/200]  Batch [  20/123]  Loss: -12.6457  LR: 1.23e-04
  Epoch [130/200]  Batch [  30/123]  Loss: -12.6663  LR: 1.23e-04
  Epoch [130/200]  Batch [  40/123]  Loss: -12.6706  LR: 1.23e-04
  Epoch [130/200]  Batch [  50/123]  Loss: -12.6242  LR: 1.23e-04
  Epoch [130/200]  Batch [  60/123]  Loss: -12.6528  LR: 1.23e-04
  Epoch [130/200]  Batch [  70/123]  Loss: -12.6549  LR: 1.23e-04
  Epoch [130/200]  Batch [  80/123]  Loss: -12.6483  LR: 1.23e-04
  Epoch [130/200]  Batch [  90/123]  Loss: -12.6567  LR: 1.23e-04
  Epoch [130/200]  Batch [ 100/123]  Loss: -12.6532  LR: 1.23e-04
  Epoch [130/200]  Batch [ 110/123]  Loss: -12.6473  LR: 1.23e-04
  Epoch [130/200]  Batch [ 120/123]  Loss: -12.6434  LR: 1.23e-04

------------------------------------------------------------
  Epoch 130/200 complete  |  Avg Loss: -12.6559  |  LR: 1.20e-04
------------------------------------------------------------

  Epoch [131/200]  Batch [   0/123]  Loss: -12.6579  LR: 1.20e-04
  Epoch [131/200]  Batch [  10/123]  Loss: -12.6664  LR: 1.20e-04
  Epoch [131/200]  Batch [  20/123]  Loss: -12.6535  LR: 1.20e-04
  Epoch [131/200]  Batch [  30/123]  Loss: -12.6466  LR: 1.20e-04
  Epoch [131/200]  Batch [  40/123]  Loss: -12.6646  LR: 1.20e-04
  Epoch [131/200]  Batch [  50/123]  Loss: -12.6606  LR: 1.20e-04
  Epoch [131/200]  Batch [  60/123]  Loss: -12.6638  LR: 1.20e-04
  Epoch [131/200]  Batch [  70/123]  Loss: -12.6531  LR: 1.20e-04
  Epoch [131/200]  Batch [  80/123]  Loss: -12.6673  LR: 1.20e-04
  Epoch [131/200]  Batch [  90/123]  Loss: -12.6473  LR: 1.20e-04
  Epoch [131/200]  Batch [ 100/123]  Loss: -12.6544  LR: 1.20e-04
  Epoch [131/200]  Batch [ 110/123]  Loss: -12.6672  LR: 1.20e-04
  Epoch [131/200]  Batch [ 120/123]  Loss: -12.6643  LR: 1.20e-04

------------------------------------------------------------
  Epoch 131/200 complete  |  Avg Loss: -12.6570  |  LR: 1.17e-04
------------------------------------------------------------

  Epoch [132/200]  Batch [   0/123]  Loss: -12.6665  LR: 1.17e-04
  Epoch [132/200]  Batch [  10/123]  Loss: -12.6675  LR: 1.17e-04
  Epoch [132/200]  Batch [  20/123]  Loss: -12.6686  LR: 1.17e-04
  Epoch [132/200]  Batch [  30/123]  Loss: -12.6662  LR: 1.17e-04
  Epoch [132/200]  Batch [  40/123]  Loss: -12.6688  LR: 1.17e-04
  Epoch [132/200]  Batch [  50/123]  Loss: -12.6553  LR: 1.17e-04
  Epoch [132/200]  Batch [  60/123]  Loss: -12.6529  LR: 1.17e-04
  Epoch [132/200]  Batch [  70/123]  Loss: -12.6625  LR: 1.17e-04
  Epoch [132/200]  Batch [  80/123]  Loss: -12.6577  LR: 1.17e-04
  Epoch [132/200]  Batch [  90/123]  Loss: -12.6625  LR: 1.17e-04
  Epoch [132/200]  Batch [ 100/123]  Loss: -12.6630  LR: 1.17e-04
  Epoch [132/200]  Batch [ 110/123]  Loss: -12.6615  LR: 1.17e-04
  Epoch [132/200]  Batch [ 120/123]  Loss: -12.6606  LR: 1.17e-04

------------------------------------------------------------
  Epoch 132/200 complete  |  Avg Loss: -12.6593  |  LR: 1.14e-04
------------------------------------------------------------

  Epoch [133/200]  Batch [   0/123]  Loss: -12.6534  LR: 1.14e-04
  Epoch [133/200]  Batch [  10/123]  Loss: -12.6640  LR: 1.14e-04
  Epoch [133/200]  Batch [  20/123]  Loss: -12.6595  LR: 1.14e-04
  Epoch [133/200]  Batch [  30/123]  Loss: -12.6671  LR: 1.14e-04
  Epoch [133/200]  Batch [  40/123]  Loss: -12.6500  LR: 1.14e-04
  Epoch [133/200]  Batch [  50/123]  Loss: -12.6695  LR: 1.14e-04
  Epoch [133/200]  Batch [  60/123]  Loss: -12.6511  LR: 1.14e-04
  Epoch [133/200]  Batch [  70/123]  Loss: -12.6641  LR: 1.14e-04
  Epoch [133/200]  Batch [  80/123]  Loss: -12.6561  LR: 1.14e-04
  Epoch [133/200]  Batch [  90/123]  Loss: -12.6587  LR: 1.14e-04
  Epoch [133/200]  Batch [ 100/123]  Loss: -12.6812  LR: 1.14e-04
  Epoch [133/200]  Batch [ 110/123]  Loss: -12.6681  LR: 1.14e-04
  Epoch [133/200]  Batch [ 120/123]  Loss: -12.6548  LR: 1.14e-04

------------------------------------------------------------
  Epoch 133/200 complete  |  Avg Loss: -12.6608  |  LR: 1.11e-04
------------------------------------------------------------

  Epoch [134/200]  Batch [   0/123]  Loss: -12.6793  LR: 1.11e-04
  Epoch [134/200]  Batch [  10/123]  Loss: -12.6616  LR: 1.11e-04
  Epoch [134/200]  Batch [  20/123]  Loss: -12.6643  LR: 1.11e-04
  Epoch [134/200]  Batch [  30/123]  Loss: -12.6509  LR: 1.11e-04
  Epoch [134/200]  Batch [  40/123]  Loss: -12.6573  LR: 1.11e-04
  Epoch [134/200]  Batch [  50/123]  Loss: -12.6759  LR: 1.11e-04
  Epoch [134/200]  Batch [  60/123]  Loss: -12.6648  LR: 1.11e-04
  Epoch [134/200]  Batch [  70/123]  Loss: -12.6624  LR: 1.11e-04
  Epoch [134/200]  Batch [  80/123]  Loss: -12.6648  LR: 1.11e-04
  Epoch [134/200]  Batch [  90/123]  Loss: -12.6676  LR: 1.11e-04
  Epoch [134/200]  Batch [ 100/123]  Loss: -12.6643  LR: 1.11e-04
  Epoch [134/200]  Batch [ 110/123]  Loss: -12.6665  LR: 1.11e-04
  Epoch [134/200]  Batch [ 120/123]  Loss: -12.6646  LR: 1.11e-04

------------------------------------------------------------
  Epoch 134/200 complete  |  Avg Loss: -12.6622  |  LR: 1.08e-04
------------------------------------------------------------

  Epoch [135/200]  Batch [   0/123]  Loss: -12.6687  LR: 1.08e-04
  Epoch [135/200]  Batch [  10/123]  Loss: -12.6581  LR: 1.08e-04
  Epoch [135/200]  Batch [  20/123]  Loss: -12.6749  LR: 1.08e-04
  Epoch [135/200]  Batch [  30/123]  Loss: -12.6690  LR: 1.08e-04
  Epoch [135/200]  Batch [  40/123]  Loss: -12.6649  LR: 1.08e-04
  Epoch [135/200]  Batch [  50/123]  Loss: -12.6580  LR: 1.08e-04
  Epoch [135/200]  Batch [  60/123]  Loss: -12.6632  LR: 1.08e-04
  Epoch [135/200]  Batch [  70/123]  Loss: -12.6592  LR: 1.08e-04
  Epoch [135/200]  Batch [  80/123]  Loss: -12.6621  LR: 1.08e-04
  Epoch [135/200]  Batch [  90/123]  Loss: -12.6561  LR: 1.08e-04
  Epoch [135/200]  Batch [ 100/123]  Loss: -12.6648  LR: 1.08e-04
  Epoch [135/200]  Batch [ 110/123]  Loss: -12.6767  LR: 1.08e-04
  Epoch [135/200]  Batch [ 120/123]  Loss: -12.6628  LR: 1.08e-04

------------------------------------------------------------
  Epoch 135/200 complete  |  Avg Loss: -12.6624  |  LR: 1.05e-04
------------------------------------------------------------

  Epoch [136/200]  Batch [   0/123]  Loss: -12.6652  LR: 1.05e-04
  Epoch [136/200]  Batch [  10/123]  Loss: -12.6705  LR: 1.05e-04
  Epoch [136/200]  Batch [  20/123]  Loss: -12.6615  LR: 1.05e-04
  Epoch [136/200]  Batch [  30/123]  Loss: -12.6718  LR: 1.05e-04
  Epoch [136/200]  Batch [  40/123]  Loss: -12.6737  LR: 1.05e-04
  Epoch [136/200]  Batch [  50/123]  Loss: -12.6644  LR: 1.05e-04
  Epoch [136/200]  Batch [  60/123]  Loss: -12.6657  LR: 1.05e-04
  Epoch [136/200]  Batch [  70/123]  Loss: -12.6602  LR: 1.05e-04
  Epoch [136/200]  Batch [  80/123]  Loss: -12.6733  LR: 1.05e-04
  Epoch [136/200]  Batch [  90/123]  Loss: -12.6694  LR: 1.05e-04
  Epoch [136/200]  Batch [ 100/123]  Loss: -12.6722  LR: 1.05e-04
  Epoch [136/200]  Batch [ 110/123]  Loss: -12.6667  LR: 1.05e-04
  Epoch [136/200]  Batch [ 120/123]  Loss: -12.6752  LR: 1.05e-04

------------------------------------------------------------
  Epoch 136/200 complete  |  Avg Loss: -12.6655  |  LR: 1.02e-04
------------------------------------------------------------

  Epoch [137/200]  Batch [   0/123]  Loss: -12.6739  LR: 1.02e-04
  Epoch [137/200]  Batch [  10/123]  Loss: -12.6628  LR: 1.02e-04
  Epoch [137/200]  Batch [  20/123]  Loss: -12.6776  LR: 1.02e-04
  Epoch [137/200]  Batch [  30/123]  Loss: -12.6050  LR: 1.02e-04
  Epoch [137/200]  Batch [  40/123]  Loss: -12.6759  LR: 1.02e-04
  Epoch [137/200]  Batch [  50/123]  Loss: -12.6681  LR: 1.02e-04
  Epoch [137/200]  Batch [  60/123]  Loss: -12.6615  LR: 1.02e-04
  Epoch [137/200]  Batch [  70/123]  Loss: -12.6677  LR: 1.02e-04
  Epoch [137/200]  Batch [  80/123]  Loss: -12.6726  LR: 1.02e-04
  Epoch [137/200]  Batch [  90/123]  Loss: -12.6668  LR: 1.02e-04
  Epoch [137/200]  Batch [ 100/123]  Loss: -12.6698  LR: 1.02e-04
  Epoch [137/200]  Batch [ 110/123]  Loss: -12.6756  LR: 1.02e-04
  Epoch [137/200]  Batch [ 120/123]  Loss: -12.6720  LR: 1.02e-04

------------------------------------------------------------
  Epoch 137/200 complete  |  Avg Loss: -12.6667  |  LR: 9.90e-05
------------------------------------------------------------

  Epoch [138/200]  Batch [   0/123]  Loss: -12.6594  LR: 9.90e-05
  Epoch [138/200]  Batch [  10/123]  Loss: -12.6727  LR: 9.90e-05
  Epoch [138/200]  Batch [  20/123]  Loss: -12.6638  LR: 9.90e-05
  Epoch [138/200]  Batch [  30/123]  Loss: -12.6714  LR: 9.90e-05
  Epoch [138/200]  Batch [  40/123]  Loss: -12.6739  LR: 9.90e-05
  Epoch [138/200]  Batch [  50/123]  Loss: -12.6722  LR: 9.90e-05
  Epoch [138/200]  Batch [  60/123]  Loss: -12.6636  LR: 9.90e-05
  Epoch [138/200]  Batch [  70/123]  Loss: -12.6670  LR: 9.90e-05
  Epoch [138/200]  Batch [  80/123]  Loss: -12.6726  LR: 9.90e-05
  Epoch [138/200]  Batch [  90/123]  Loss: -12.6670  LR: 9.90e-05
  Epoch [138/200]  Batch [ 100/123]  Loss: -12.6643  LR: 9.90e-05
  Epoch [138/200]  Batch [ 110/123]  Loss: -12.6801  LR: 9.90e-05
  Epoch [138/200]  Batch [ 120/123]  Loss: -12.6677  LR: 9.90e-05

------------------------------------------------------------
  Epoch 138/200 complete  |  Avg Loss: -12.6684  |  LR: 9.62e-05
------------------------------------------------------------

  Epoch [139/200]  Batch [   0/123]  Loss: -12.6762  LR: 9.62e-05
  Epoch [139/200]  Batch [  10/123]  Loss: -12.6741  LR: 9.62e-05
  Epoch [139/200]  Batch [  20/123]  Loss: -12.6767  LR: 9.62e-05
  Epoch [139/200]  Batch [  30/123]  Loss: -12.6802  LR: 9.62e-05
  Epoch [139/200]  Batch [  40/123]  Loss: -12.6676  LR: 9.62e-05
  Epoch [139/200]  Batch [  50/123]  Loss: -12.6731  LR: 9.62e-05
  Epoch [139/200]  Batch [  60/123]  Loss: -12.6717  LR: 9.62e-05
  Epoch [139/200]  Batch [  70/123]  Loss: -12.6551  LR: 9.62e-05
  Epoch [139/200]  Batch [  80/123]  Loss: -12.6718  LR: 9.62e-05
  Epoch [139/200]  Batch [  90/123]  Loss: -12.6533  LR: 9.62e-05
  Epoch [139/200]  Batch [ 100/123]  Loss: -12.6479  LR: 9.62e-05
  Epoch [139/200]  Batch [ 110/123]  Loss: -12.6615  LR: 9.62e-05
  Epoch [139/200]  Batch [ 120/123]  Loss: -12.6708  LR: 9.62e-05

------------------------------------------------------------
  Epoch 139/200 complete  |  Avg Loss: -12.6689  |  LR: 9.34e-05
------------------------------------------------------------

  Epoch [140/200]  Batch [   0/123]  Loss: -12.6786  LR: 9.34e-05
  Epoch [140/200]  Batch [  10/123]  Loss: -12.6727  LR: 9.34e-05
  Epoch [140/200]  Batch [  20/123]  Loss: -12.6766  LR: 9.34e-05
  Epoch [140/200]  Batch [  30/123]  Loss: -12.6794  LR: 9.34e-05
  Epoch [140/200]  Batch [  40/123]  Loss: -12.6701  LR: 9.34e-05
  Epoch [140/200]  Batch [  50/123]  Loss: -12.6796  LR: 9.34e-05
  Epoch [140/200]  Batch [  60/123]  Loss: -12.6653  LR: 9.34e-05
  Epoch [140/200]  Batch [  70/123]  Loss: -12.6655  LR: 9.34e-05
  Epoch [140/200]  Batch [  80/123]  Loss: -12.6732  LR: 9.34e-05
  Epoch [140/200]  Batch [  90/123]  Loss: -12.6856  LR: 9.34e-05
  Epoch [140/200]  Batch [ 100/123]  Loss: -12.6800  LR: 9.34e-05
  Epoch [140/200]  Batch [ 110/123]  Loss: -12.6553  LR: 9.34e-05
  Epoch [140/200]  Batch [ 120/123]  Loss: -12.6742  LR: 9.34e-05

------------------------------------------------------------
  Epoch 140/200 complete  |  Avg Loss: -12.6708  |  LR: 9.06e-05
------------------------------------------------------------

  Epoch [141/200]  Batch [   0/123]  Loss: -12.6761  LR: 9.06e-05
  Epoch [141/200]  Batch [  10/123]  Loss: -12.6824  LR: 9.06e-05
  Epoch [141/200]  Batch [  20/123]  Loss: -12.6644  LR: 9.06e-05
  Epoch [141/200]  Batch [  30/123]  Loss: -12.6660  LR: 9.06e-05
  Epoch [141/200]  Batch [  40/123]  Loss: -12.6715  LR: 9.06e-05
  Epoch [141/200]  Batch [  50/123]  Loss: -12.6874  LR: 9.06e-05
  Epoch [141/200]  Batch [  60/123]  Loss: -12.6769  LR: 9.06e-05
  Epoch [141/200]  Batch [  70/123]  Loss: -12.6778  LR: 9.06e-05
  Epoch [141/200]  Batch [  80/123]  Loss: -12.6706  LR: 9.06e-05
  Epoch [141/200]  Batch [  90/123]  Loss: -12.6606  LR: 9.06e-05
  Epoch [141/200]  Batch [ 100/123]  Loss: -12.6799  LR: 9.06e-05
  Epoch [141/200]  Batch [ 110/123]  Loss: -12.6845  LR: 9.06e-05
  Epoch [141/200]  Batch [ 120/123]  Loss: -12.6815  LR: 9.06e-05

------------------------------------------------------------
  Epoch 141/200 complete  |  Avg Loss: -12.6707  |  LR: 8.79e-05
------------------------------------------------------------

  Epoch [142/200]  Batch [   0/123]  Loss: -12.6801  LR: 8.79e-05
  Epoch [142/200]  Batch [  10/123]  Loss: -12.6666  LR: 8.79e-05
  Epoch [142/200]  Batch [  20/123]  Loss: -12.6728  LR: 8.79e-05
  Epoch [142/200]  Batch [  30/123]  Loss: -12.6820  LR: 8.79e-05
  Epoch [142/200]  Batch [  40/123]  Loss: -12.6726  LR: 8.79e-05
  Epoch [142/200]  Batch [  50/123]  Loss: -12.6740  LR: 8.79e-05
  Epoch [142/200]  Batch [  60/123]  Loss: -12.6567  LR: 8.79e-05
  Epoch [142/200]  Batch [  70/123]  Loss: -12.6776  LR: 8.79e-05
  Epoch [142/200]  Batch [  80/123]  Loss: -12.6733  LR: 8.79e-05
  Epoch [142/200]  Batch [  90/123]  Loss: -12.6770  LR: 8.79e-05
  Epoch [142/200]  Batch [ 100/123]  Loss: -12.6679  LR: 8.79e-05
  Epoch [142/200]  Batch [ 110/123]  Loss: -12.6696  LR: 8.79e-05
  Epoch [142/200]  Batch [ 120/123]  Loss: -12.6769  LR: 8.79e-05

------------------------------------------------------------
  Epoch 142/200 complete  |  Avg Loss: -12.6730  |  LR: 8.51e-05
------------------------------------------------------------

  Epoch [143/200]  Batch [   0/123]  Loss: -12.6648  LR: 8.51e-05
  Epoch [143/200]  Batch [  10/123]  Loss: -12.6880  LR: 8.51e-05
  Epoch [143/200]  Batch [  20/123]  Loss: -12.6798  LR: 8.51e-05
  Epoch [143/200]  Batch [  30/123]  Loss: -12.6867  LR: 8.51e-05
  Epoch [143/200]  Batch [  40/123]  Loss: -12.6852  LR: 8.51e-05
  Epoch [143/200]  Batch [  50/123]  Loss: -12.6797  LR: 8.51e-05
  Epoch [143/200]  Batch [  60/123]  Loss: -12.6740  LR: 8.51e-05
  Epoch [143/200]  Batch [  70/123]  Loss: -12.6784  LR: 8.51e-05
  Epoch [143/200]  Batch [  80/123]  Loss: -12.6858  LR: 8.51e-05
  Epoch [143/200]  Batch [  90/123]  Loss: -12.6756  LR: 8.51e-05
  Epoch [143/200]  Batch [ 100/123]  Loss: -12.6755  LR: 8.51e-05
  Epoch [143/200]  Batch [ 110/123]  Loss: -12.6796  LR: 8.51e-05
  Epoch [143/200]  Batch [ 120/123]  Loss: -12.6778  LR: 8.51e-05

------------------------------------------------------------
  Epoch 143/200 complete  |  Avg Loss: -12.6745  |  LR: 8.24e-05
------------------------------------------------------------

  Epoch [144/200]  Batch [   0/123]  Loss: -12.6680  LR: 8.24e-05
  Epoch [144/200]  Batch [  10/123]  Loss: -12.6854  LR: 8.24e-05
  Epoch [144/200]  Batch [  20/123]  Loss: -12.6788  LR: 8.24e-05
  Epoch [144/200]  Batch [  30/123]  Loss: -12.6783  LR: 8.24e-05
  Epoch [144/200]  Batch [  40/123]  Loss: -12.6641  LR: 8.24e-05
  Epoch [144/200]  Batch [  50/123]  Loss: -12.6731  LR: 8.24e-05
  Epoch [144/200]  Batch [  60/123]  Loss: -12.6737  LR: 8.24e-05
  Epoch [144/200]  Batch [  70/123]  Loss: -12.6700  LR: 8.24e-05
  Epoch [144/200]  Batch [  80/123]  Loss: -12.6795  LR: 8.24e-05
  Epoch [144/200]  Batch [  90/123]  Loss: -12.6725  LR: 8.24e-05
  Epoch [144/200]  Batch [ 100/123]  Loss: -12.6840  LR: 8.24e-05
  Epoch [144/200]  Batch [ 110/123]  Loss: -12.6789  LR: 8.24e-05
  Epoch [144/200]  Batch [ 120/123]  Loss: -12.6650  LR: 8.24e-05

------------------------------------------------------------
  Epoch 144/200 complete  |  Avg Loss: -12.6765  |  LR: 7.98e-05
------------------------------------------------------------

  Epoch [145/200]  Batch [   0/123]  Loss: -12.6769  LR: 7.98e-05
  Epoch [145/200]  Batch [  10/123]  Loss: -12.6756  LR: 7.98e-05
  Epoch [145/200]  Batch [  20/123]  Loss: -12.6700  LR: 7.98e-05
  Epoch [145/200]  Batch [  30/123]  Loss: -12.6947  LR: 7.98e-05
  Epoch [145/200]  Batch [  40/123]  Loss: -12.6859  LR: 7.98e-05
  Epoch [145/200]  Batch [  50/123]  Loss: -12.6831  LR: 7.98e-05
  Epoch [145/200]  Batch [  60/123]  Loss: -12.6752  LR: 7.98e-05
  Epoch [145/200]  Batch [  70/123]  Loss: -12.6775  LR: 7.98e-05
  Epoch [145/200]  Batch [  80/123]  Loss: -12.6789  LR: 7.98e-05
  Epoch [145/200]  Batch [  90/123]  Loss: -12.6771  LR: 7.98e-05
  Epoch [145/200]  Batch [ 100/123]  Loss: -12.6721  LR: 7.98e-05
  Epoch [145/200]  Batch [ 110/123]  Loss: -12.6806  LR: 7.98e-05
  Epoch [145/200]  Batch [ 120/123]  Loss: -12.6804  LR: 7.98e-05

------------------------------------------------------------
  Epoch 145/200 complete  |  Avg Loss: -12.6774  |  LR: 7.72e-05
------------------------------------------------------------

  Epoch [146/200]  Batch [   0/123]  Loss: -12.6709  LR: 7.72e-05
  Epoch [146/200]  Batch [  10/123]  Loss: -12.6820  LR: 7.72e-05
  Epoch [146/200]  Batch [  20/123]  Loss: -12.6865  LR: 7.72e-05
  Epoch [146/200]  Batch [  30/123]  Loss: -12.6892  LR: 7.72e-05
  Epoch [146/200]  Batch [  40/123]  Loss: -12.6725  LR: 7.72e-05
  Epoch [146/200]  Batch [  50/123]  Loss: -12.6871  LR: 7.72e-05
  Epoch [146/200]  Batch [  60/123]  Loss: -12.6858  LR: 7.72e-05
  Epoch [146/200]  Batch [  70/123]  Loss: -12.6805  LR: 7.72e-05
  Epoch [146/200]  Batch [  80/123]  Loss: -12.6751  LR: 7.72e-05
  Epoch [146/200]  Batch [  90/123]  Loss: -12.6877  LR: 7.72e-05
  Epoch [146/200]  Batch [ 100/123]  Loss: -12.6789  LR: 7.72e-05
  Epoch [146/200]  Batch [ 110/123]  Loss: -12.6738  LR: 7.72e-05
  Epoch [146/200]  Batch [ 120/123]  Loss: -12.6709  LR: 7.72e-05

------------------------------------------------------------
  Epoch 146/200 complete  |  Avg Loss: -12.6792  |  LR: 7.46e-05
------------------------------------------------------------

  Epoch [147/200]  Batch [   0/123]  Loss: -12.6922  LR: 7.46e-05
  Epoch [147/200]  Batch [  10/123]  Loss: -12.6834  LR: 7.46e-05
  Epoch [147/200]  Batch [  20/123]  Loss: -12.6917  LR: 7.46e-05
  Epoch [147/200]  Batch [  30/123]  Loss: -12.6821  LR: 7.46e-05
  Epoch [147/200]  Batch [  40/123]  Loss: -12.6912  LR: 7.46e-05
  Epoch [147/200]  Batch [  50/123]  Loss: -12.6823  LR: 7.46e-05
  Epoch [147/200]  Batch [  60/123]  Loss: -12.6851  LR: 7.46e-05
  Epoch [147/200]  Batch [  70/123]  Loss: -12.6790  LR: 7.46e-05
  Epoch [147/200]  Batch [  80/123]  Loss: -12.6759  LR: 7.46e-05
  Epoch [147/200]  Batch [  90/123]  Loss: -12.6834  LR: 7.46e-05
  Epoch [147/200]  Batch [ 100/123]  Loss: -12.6752  LR: 7.46e-05
  Epoch [147/200]  Batch [ 110/123]  Loss: -12.6734  LR: 7.46e-05
  Epoch [147/200]  Batch [ 120/123]  Loss: -12.6935  LR: 7.46e-05

------------------------------------------------------------
  Epoch 147/200 complete  |  Avg Loss: -12.6773  |  LR: 7.20e-05
------------------------------------------------------------

  Epoch [148/200]  Batch [   0/123]  Loss: -12.6756  LR: 7.20e-05
  Epoch [148/200]  Batch [  10/123]  Loss: -12.6885  LR: 7.20e-05
  Epoch [148/200]  Batch [  20/123]  Loss: -12.6738  LR: 7.20e-05
  Epoch [148/200]  Batch [  30/123]  Loss: -12.6620  LR: 7.20e-05
  Epoch [148/200]  Batch [  40/123]  Loss: -12.6837  LR: 7.20e-05
  Epoch [148/200]  Batch [  50/123]  Loss: -12.6728  LR: 7.20e-05
  Epoch [148/200]  Batch [  60/123]  Loss: -12.6819  LR: 7.20e-05
  Epoch [148/200]  Batch [  70/123]  Loss: -12.6851  LR: 7.20e-05
  Epoch [148/200]  Batch [  80/123]  Loss: -12.6889  LR: 7.20e-05
  Epoch [148/200]  Batch [  90/123]  Loss: -12.6793  LR: 7.20e-05
  Epoch [148/200]  Batch [ 100/123]  Loss: -12.6908  LR: 7.20e-05
  Epoch [148/200]  Batch [ 110/123]  Loss: -12.6799  LR: 7.20e-05
  Epoch [148/200]  Batch [ 120/123]  Loss: -12.6817  LR: 7.20e-05

------------------------------------------------------------
  Epoch 148/200 complete  |  Avg Loss: -12.6799  |  LR: 6.95e-05
------------------------------------------------------------

  Epoch [149/200]  Batch [   0/123]  Loss: -12.6841  LR: 6.95e-05
  Epoch [149/200]  Batch [  10/123]  Loss: -12.6706  LR: 6.95e-05
  Epoch [149/200]  Batch [  20/123]  Loss: -12.6884  LR: 6.95e-05
  Epoch [149/200]  Batch [  30/123]  Loss: -12.6798  LR: 6.95e-05
  Epoch [149/200]  Batch [  40/123]  Loss: -12.6730  LR: 6.95e-05
  Epoch [149/200]  Batch [  50/123]  Loss: -12.6854  LR: 6.95e-05
  Epoch [149/200]  Batch [  60/123]  Loss: -12.6844  LR: 6.95e-05
  Epoch [149/200]  Batch [  70/123]  Loss: -12.6750  LR: 6.95e-05
  Epoch [149/200]  Batch [  80/123]  Loss: -12.6672  LR: 6.95e-05
  Epoch [149/200]  Batch [  90/123]  Loss: -12.6789  LR: 6.95e-05
  Epoch [149/200]  Batch [ 100/123]  Loss: -12.6764  LR: 6.95e-05
  Epoch [149/200]  Batch [ 110/123]  Loss: -12.6876  LR: 6.95e-05
  Epoch [149/200]  Batch [ 120/123]  Loss: -12.6860  LR: 6.95e-05

------------------------------------------------------------
  Epoch 149/200 complete  |  Avg Loss: -12.6805  |  LR: 6.70e-05
------------------------------------------------------------

  Epoch [150/200]  Batch [   0/123]  Loss: -12.6757  LR: 6.70e-05
  Epoch [150/200]  Batch [  10/123]  Loss: -12.6686  LR: 6.70e-05
  Epoch [150/200]  Batch [  20/123]  Loss: -12.6702  LR: 6.70e-05
  Epoch [150/200]  Batch [  30/123]  Loss: -12.6671  LR: 6.70e-05
  Epoch [150/200]  Batch [  40/123]  Loss: -12.6296  LR: 6.70e-05
  Epoch [150/200]  Batch [  50/123]  Loss: -12.6821  LR: 6.70e-05
  Epoch [150/200]  Batch [  60/123]  Loss: -12.6815  LR: 6.70e-05
  Epoch [150/200]  Batch [  70/123]  Loss: -12.6833  LR: 6.70e-05
  Epoch [150/200]  Batch [  80/123]  Loss: -12.6786  LR: 6.70e-05
  Epoch [150/200]  Batch [  90/123]  Loss: -12.6799  LR: 6.70e-05
  Epoch [150/200]  Batch [ 100/123]  Loss: -12.6874  LR: 6.70e-05
  Epoch [150/200]  Batch [ 110/123]  Loss: -12.6874  LR: 6.70e-05
  Epoch [150/200]  Batch [ 120/123]  Loss: -12.6800  LR: 6.70e-05

------------------------------------------------------------
  Epoch 150/200 complete  |  Avg Loss: -12.6815  |  LR: 6.45e-05
------------------------------------------------------------

  Epoch [151/200]  Batch [   0/123]  Loss: -12.6954  LR: 6.45e-05
  Epoch [151/200]  Batch [  10/123]  Loss: -12.6800  LR: 6.45e-05
  Epoch [151/200]  Batch [  20/123]  Loss: -12.6817  LR: 6.45e-05
  Epoch [151/200]  Batch [  30/123]  Loss: -12.6846  LR: 6.45e-05
  Epoch [151/200]  Batch [  40/123]  Loss: -12.6843  LR: 6.45e-05
  Epoch [151/200]  Batch [  50/123]  Loss: -12.6923  LR: 6.45e-05
  Epoch [151/200]  Batch [  60/123]  Loss: -12.6920  LR: 6.45e-05
  Epoch [151/200]  Batch [  70/123]  Loss: -12.6753  LR: 6.45e-05
  Epoch [151/200]  Batch [  80/123]  Loss: -12.6812  LR: 6.45e-05
  Epoch [151/200]  Batch [  90/123]  Loss: -12.6857  LR: 6.45e-05
  Epoch [151/200]  Batch [ 100/123]  Loss: -12.6804  LR: 6.45e-05
  Epoch [151/200]  Batch [ 110/123]  Loss: -12.6752  LR: 6.45e-05
  Epoch [151/200]  Batch [ 120/123]  Loss: -12.6770  LR: 6.45e-05

------------------------------------------------------------
  Epoch 151/200 complete  |  Avg Loss: -12.6822  |  LR: 6.21e-05
------------------------------------------------------------

  Epoch [152/200]  Batch [   0/123]  Loss: -12.6856  LR: 6.21e-05
  Epoch [152/200]  Batch [  10/123]  Loss: -12.6956  LR: 6.21e-05
  Epoch [152/200]  Batch [  20/123]  Loss: -12.6942  LR: 6.21e-05
  Epoch [152/200]  Batch [  30/123]  Loss: -12.6754  LR: 6.21e-05
  Epoch [152/200]  Batch [  40/123]  Loss: -12.6896  LR: 6.21e-05
  Epoch [152/200]  Batch [  50/123]  Loss: -12.6866  LR: 6.21e-05
  Epoch [152/200]  Batch [  60/123]  Loss: -12.6817  LR: 6.21e-05
  Epoch [152/200]  Batch [  70/123]  Loss: -12.6845  LR: 6.21e-05
  Epoch [152/200]  Batch [  80/123]  Loss: -12.6741  LR: 6.21e-05
  Epoch [152/200]  Batch [  90/123]  Loss: -12.6877  LR: 6.21e-05
  Epoch [152/200]  Batch [ 100/123]  Loss: -12.6827  LR: 6.21e-05
  Epoch [152/200]  Batch [ 110/123]  Loss: -12.6917  LR: 6.21e-05
  Epoch [152/200]  Batch [ 120/123]  Loss: -12.6818  LR: 6.21e-05

------------------------------------------------------------
  Epoch 152/200 complete  |  Avg Loss: -12.6849  |  LR: 5.98e-05
------------------------------------------------------------

  Epoch [153/200]  Batch [   0/123]  Loss: -12.6820  LR: 5.98e-05
  Epoch [153/200]  Batch [  10/123]  Loss: -12.6828  LR: 5.98e-05
  Epoch [153/200]  Batch [  20/123]  Loss: -12.6818  LR: 5.98e-05
  Epoch [153/200]  Batch [  30/123]  Loss: -12.6935  LR: 5.98e-05
  Epoch [153/200]  Batch [  40/123]  Loss: -12.6875  LR: 5.98e-05
  Epoch [153/200]  Batch [  50/123]  Loss: -12.6801  LR: 5.98e-05
  Epoch [153/200]  Batch [  60/123]  Loss: -12.6863  LR: 5.98e-05
  Epoch [153/200]  Batch [  70/123]  Loss: -12.6887  LR: 5.98e-05
  Epoch [153/200]  Batch [  80/123]  Loss: -12.6928  LR: 5.98e-05
  Epoch [153/200]  Batch [  90/123]  Loss: -12.6773  LR: 5.98e-05
  Epoch [153/200]  Batch [ 100/123]  Loss: -12.6837  LR: 5.98e-05
  Epoch [153/200]  Batch [ 110/123]  Loss: -12.6890  LR: 5.98e-05
  Epoch [153/200]  Batch [ 120/123]  Loss: -12.6899  LR: 5.98e-05

------------------------------------------------------------
  Epoch 153/200 complete  |  Avg Loss: -12.6859  |  LR: 5.74e-05
------------------------------------------------------------

  Epoch [154/200]  Batch [   0/123]  Loss: -12.6912  LR: 5.74e-05
  Epoch [154/200]  Batch [  10/123]  Loss: -12.6936  LR: 5.74e-05
  Epoch [154/200]  Batch [  20/123]  Loss: -12.6803  LR: 5.74e-05
  Epoch [154/200]  Batch [  30/123]  Loss: -12.6755  LR: 5.74e-05
  Epoch [154/200]  Batch [  40/123]  Loss: -12.6946  LR: 5.74e-05
  Epoch [154/200]  Batch [  50/123]  Loss: -12.6781  LR: 5.74e-05
  Epoch [154/200]  Batch [  60/123]  Loss: -12.6755  LR: 5.74e-05
  Epoch [154/200]  Batch [  70/123]  Loss: -12.6841  LR: 5.74e-05
  Epoch [154/200]  Batch [  80/123]  Loss: -12.6932  LR: 5.74e-05
  Epoch [154/200]  Batch [  90/123]  Loss: -12.6884  LR: 5.74e-05
  Epoch [154/200]  Batch [ 100/123]  Loss: -12.6910  LR: 5.74e-05
  Epoch [154/200]  Batch [ 110/123]  Loss: -12.6867  LR: 5.74e-05
  Epoch [154/200]  Batch [ 120/123]  Loss: -12.6904  LR: 5.74e-05

------------------------------------------------------------
  Epoch 154/200 complete  |  Avg Loss: -12.6855  |  LR: 5.51e-05
------------------------------------------------------------

  Epoch [155/200]  Batch [   0/123]  Loss: -12.6870  LR: 5.51e-05
  Epoch [155/200]  Batch [  10/123]  Loss: -12.6819  LR: 5.51e-05
  Epoch [155/200]  Batch [  20/123]  Loss: -12.6857  LR: 5.51e-05
  Epoch [155/200]  Batch [  30/123]  Loss: -12.6946  LR: 5.51e-05
  Epoch [155/200]  Batch [  40/123]  Loss: -12.6929  LR: 5.51e-05
  Epoch [155/200]  Batch [  50/123]  Loss: -12.6864  LR: 5.51e-05
  Epoch [155/200]  Batch [  60/123]  Loss: -12.6911  LR: 5.51e-05
  Epoch [155/200]  Batch [  70/123]  Loss: -12.6835  LR: 5.51e-05
  Epoch [155/200]  Batch [  80/123]  Loss: -12.6903  LR: 5.51e-05
  Epoch [155/200]  Batch [  90/123]  Loss: -12.6810  LR: 5.51e-05
  Epoch [155/200]  Batch [ 100/123]  Loss: -12.6822  LR: 5.51e-05
  Epoch [155/200]  Batch [ 110/123]  Loss: -12.6930  LR: 5.51e-05
  Epoch [155/200]  Batch [ 120/123]  Loss: -12.6720  LR: 5.51e-05

------------------------------------------------------------
  Epoch 155/200 complete  |  Avg Loss: -12.6878  |  LR: 5.29e-05
------------------------------------------------------------

  Epoch [156/200]  Batch [   0/123]  Loss: -12.6883  LR: 5.29e-05
  Epoch [156/200]  Batch [  10/123]  Loss: -12.6926  LR: 5.29e-05
  Epoch [156/200]  Batch [  20/123]  Loss: -12.6794  LR: 5.29e-05
  Epoch [156/200]  Batch [  30/123]  Loss: -12.6981  LR: 5.29e-05
  Epoch [156/200]  Batch [  40/123]  Loss: -12.6991  LR: 5.29e-05
  Epoch [156/200]  Batch [  50/123]  Loss: -12.6331  LR: 5.29e-05
  Epoch [156/200]  Batch [  60/123]  Loss: -12.6911  LR: 5.29e-05
  Epoch [156/200]  Batch [  70/123]  Loss: -12.6956  LR: 5.29e-05
  Epoch [156/200]  Batch [  80/123]  Loss: -12.6949  LR: 5.29e-05
  Epoch [156/200]  Batch [  90/123]  Loss: -12.6926  LR: 5.29e-05
  Epoch [156/200]  Batch [ 100/123]  Loss: -12.6910  LR: 5.29e-05
  Epoch [156/200]  Batch [ 110/123]  Loss: -12.6934  LR: 5.29e-05
  Epoch [156/200]  Batch [ 120/123]  Loss: -12.6810  LR: 5.29e-05

------------------------------------------------------------
  Epoch 156/200 complete  |  Avg Loss: -12.6885  |  LR: 5.06e-05
------------------------------------------------------------

  Epoch [157/200]  Batch [   0/123]  Loss: -12.6970  LR: 5.06e-05
  Epoch [157/200]  Batch [  10/123]  Loss: -12.6842  LR: 5.06e-05
  Epoch [157/200]  Batch [  20/123]  Loss: -12.6940  LR: 5.06e-05
  Epoch [157/200]  Batch [  30/123]  Loss: -12.6869  LR: 5.06e-05
  Epoch [157/200]  Batch [  40/123]  Loss: -12.6977  LR: 5.06e-05
  Epoch [157/200]  Batch [  50/123]  Loss: -12.6897  LR: 5.06e-05
  Epoch [157/200]  Batch [  60/123]  Loss: -12.6919  LR: 5.06e-05
  Epoch [157/200]  Batch [  70/123]  Loss: -12.6884  LR: 5.06e-05
  Epoch [157/200]  Batch [  80/123]  Loss: -12.6830  LR: 5.06e-05
  Epoch [157/200]  Batch [  90/123]  Loss: -12.6931  LR: 5.06e-05
  Epoch [157/200]  Batch [ 100/123]  Loss: -12.6855  LR: 5.06e-05
  Epoch [157/200]  Batch [ 110/123]  Loss: -12.6937  LR: 5.06e-05
  Epoch [157/200]  Batch [ 120/123]  Loss: -12.6902  LR: 5.06e-05

------------------------------------------------------------
  Epoch 157/200 complete  |  Avg Loss: -12.6879  |  LR: 4.85e-05
------------------------------------------------------------

  Epoch [158/200]  Batch [   0/123]  Loss: -12.6933  LR: 4.85e-05
  Epoch [158/200]  Batch [  10/123]  Loss: -12.6853  LR: 4.85e-05
  Epoch [158/200]  Batch [  20/123]  Loss: -12.6977  LR: 4.85e-05
  Epoch [158/200]  Batch [  30/123]  Loss: -12.6852  LR: 4.85e-05
  Epoch [158/200]  Batch [  40/123]  Loss: -12.6979  LR: 4.85e-05
  Epoch [158/200]  Batch [  50/123]  Loss: -12.6906  LR: 4.85e-05
  Epoch [158/200]  Batch [  60/123]  Loss: -12.6886  LR: 4.85e-05
  Epoch [158/200]  Batch [  70/123]  Loss: -12.6950  LR: 4.85e-05
  Epoch [158/200]  Batch [  80/123]  Loss: -12.6977  LR: 4.85e-05
  Epoch [158/200]  Batch [  90/123]  Loss: -12.6952  LR: 4.85e-05
  Epoch [158/200]  Batch [ 100/123]  Loss: -12.6913  LR: 4.85e-05
  Epoch [158/200]  Batch [ 110/123]  Loss: -12.6845  LR: 4.85e-05
  Epoch [158/200]  Batch [ 120/123]  Loss: -12.6870  LR: 4.85e-05

------------------------------------------------------------
  Epoch 158/200 complete  |  Avg Loss: -12.6903  |  LR: 4.63e-05
------------------------------------------------------------

  Epoch [159/200]  Batch [   0/123]  Loss: -12.6962  LR: 4.63e-05
  Epoch [159/200]  Batch [  10/123]  Loss: -12.6997  LR: 4.63e-05
  Epoch [159/200]  Batch [  20/123]  Loss: -12.6948  LR: 4.63e-05
  Epoch [159/200]  Batch [  30/123]  Loss: -12.6856  LR: 4.63e-05
  Epoch [159/200]  Batch [  40/123]  Loss: -12.6899  LR: 4.63e-05
  Epoch [159/200]  Batch [  50/123]  Loss: -12.6891  LR: 4.63e-05
  Epoch [159/200]  Batch [  60/123]  Loss: -12.6836  LR: 4.63e-05
  Epoch [159/200]  Batch [  70/123]  Loss: -12.7011  LR: 4.63e-05
  Epoch [159/200]  Batch [  80/123]  Loss: -12.6851  LR: 4.63e-05
  Epoch [159/200]  Batch [  90/123]  Loss: -12.6966  LR: 4.63e-05
  Epoch [159/200]  Batch [ 100/123]  Loss: -12.6897  LR: 4.63e-05
  Epoch [159/200]  Batch [ 110/123]  Loss: -12.6945  LR: 4.63e-05
  Epoch [159/200]  Batch [ 120/123]  Loss: -12.6952  LR: 4.63e-05

------------------------------------------------------------
  Epoch 159/200 complete  |  Avg Loss: -12.6911  |  LR: 4.42e-05
------------------------------------------------------------

  Epoch [160/200]  Batch [   0/123]  Loss: -12.6919  LR: 4.42e-05
  Epoch [160/200]  Batch [  10/123]  Loss: -12.6989  LR: 4.42e-05
  Epoch [160/200]  Batch [  20/123]  Loss: -12.6933  LR: 4.42e-05
  Epoch [160/200]  Batch [  30/123]  Loss: -12.6821  LR: 4.42e-05
  Epoch [160/200]  Batch [  40/123]  Loss: -12.6954  LR: 4.42e-05
  Epoch [160/200]  Batch [  50/123]  Loss: -12.6833  LR: 4.42e-05
  Epoch [160/200]  Batch [  60/123]  Loss: -12.6827  LR: 4.42e-05
  Epoch [160/200]  Batch [  70/123]  Loss: -12.6885  LR: 4.42e-05
  Epoch [160/200]  Batch [  80/123]  Loss: -12.6968  LR: 4.42e-05
  Epoch [160/200]  Batch [  90/123]  Loss: -12.7003  LR: 4.42e-05
  Epoch [160/200]  Batch [ 100/123]  Loss: -12.6928  LR: 4.42e-05
  Epoch [160/200]  Batch [ 110/123]  Loss: -12.6923  LR: 4.42e-05
  Epoch [160/200]  Batch [ 120/123]  Loss: -12.6895  LR: 4.42e-05

------------------------------------------------------------
  Epoch 160/200 complete  |  Avg Loss: -12.6910  |  LR: 4.22e-05
------------------------------------------------------------

  Epoch [161/200]  Batch [   0/123]  Loss: -12.6917  LR: 4.22e-05
  Epoch [161/200]  Batch [  10/123]  Loss: -12.6949  LR: 4.22e-05
  Epoch [161/200]  Batch [  20/123]  Loss: -12.6948  LR: 4.22e-05
  Epoch [161/200]  Batch [  30/123]  Loss: -12.6963  LR: 4.22e-05
  Epoch [161/200]  Batch [  40/123]  Loss: -12.6954  LR: 4.22e-05
  Epoch [161/200]  Batch [  50/123]  Loss: -12.6892  LR: 4.22e-05
  Epoch [161/200]  Batch [  60/123]  Loss: -12.6956  LR: 4.22e-05
  Epoch [161/200]  Batch [  70/123]  Loss: -12.6992  LR: 4.22e-05
  Epoch [161/200]  Batch [  80/123]  Loss: -12.6884  LR: 4.22e-05
  Epoch [161/200]  Batch [  90/123]  Loss: -12.6948  LR: 4.22e-05
  Epoch [161/200]  Batch [ 100/123]  Loss: -12.6934  LR: 4.22e-05
  Epoch [161/200]  Batch [ 110/123]  Loss: -12.6918  LR: 4.22e-05
  Epoch [161/200]  Batch [ 120/123]  Loss: -12.6934  LR: 4.22e-05

------------------------------------------------------------
  Epoch 161/200 complete  |  Avg Loss: -12.6917  |  LR: 4.02e-05
------------------------------------------------------------

  Epoch [162/200]  Batch [   0/123]  Loss: -12.6898  LR: 4.02e-05
  Epoch [162/200]  Batch [  10/123]  Loss: -12.6782  LR: 4.02e-05
  Epoch [162/200]  Batch [  20/123]  Loss: -12.7002  LR: 4.02e-05
  Epoch [162/200]  Batch [  30/123]  Loss: -12.7035  LR: 4.02e-05
  Epoch [162/200]  Batch [  40/123]  Loss: -12.7024  LR: 4.02e-05
  Epoch [162/200]  Batch [  50/123]  Loss: -12.6963  LR: 4.02e-05
  Epoch [162/200]  Batch [  60/123]  Loss: -12.6850  LR: 4.02e-05
  Epoch [162/200]  Batch [  70/123]  Loss: -12.7037  LR: 4.02e-05
  Epoch [162/200]  Batch [  80/123]  Loss: -12.6998  LR: 4.02e-05
  Epoch [162/200]  Batch [  90/123]  Loss: -12.7000  LR: 4.02e-05
  Epoch [162/200]  Batch [ 100/123]  Loss: -12.6872  LR: 4.02e-05
  Epoch [162/200]  Batch [ 110/123]  Loss: -12.6984  LR: 4.02e-05
  Epoch [162/200]  Batch [ 120/123]  Loss: -12.6924  LR: 4.02e-05

------------------------------------------------------------
  Epoch 162/200 complete  |  Avg Loss: -12.6929  |  LR: 3.82e-05
------------------------------------------------------------

  Epoch [163/200]  Batch [   0/123]  Loss: -12.7006  LR: 3.82e-05
  Epoch [163/200]  Batch [  10/123]  Loss: -12.7012  LR: 3.82e-05
  Epoch [163/200]  Batch [  20/123]  Loss: -12.6983  LR: 3.82e-05
  Epoch [163/200]  Batch [  30/123]  Loss: -12.6985  LR: 3.82e-05
  Epoch [163/200]  Batch [  40/123]  Loss: -12.7010  LR: 3.82e-05
  Epoch [163/200]  Batch [  50/123]  Loss: -12.6946  LR: 3.82e-05
  Epoch [163/200]  Batch [  60/123]  Loss: -12.6964  LR: 3.82e-05
  Epoch [163/200]  Batch [  70/123]  Loss: -12.6890  LR: 3.82e-05
  Epoch [163/200]  Batch [  80/123]  Loss: -12.6689  LR: 3.82e-05
  Epoch [163/200]  Batch [  90/123]  Loss: -12.6908  LR: 3.82e-05
  Epoch [163/200]  Batch [ 100/123]  Loss: -12.7020  LR: 3.82e-05
  Epoch [163/200]  Batch [ 110/123]  Loss: -12.7002  LR: 3.82e-05
  Epoch [163/200]  Batch [ 120/123]  Loss: -12.6971  LR: 3.82e-05

------------------------------------------------------------
  Epoch 163/200 complete  |  Avg Loss: -12.6936  |  LR: 3.63e-05
------------------------------------------------------------

  Epoch [164/200]  Batch [   0/123]  Loss: -12.6940  LR: 3.63e-05
  Epoch [164/200]  Batch [  10/123]  Loss: -12.6985  LR: 3.63e-05
  Epoch [164/200]  Batch [  20/123]  Loss: -12.6927  LR: 3.63e-05
  Epoch [164/200]  Batch [  30/123]  Loss: -12.6991  LR: 3.63e-05
  Epoch [164/200]  Batch [  40/123]  Loss: -12.7025  LR: 3.63e-05
  Epoch [164/200]  Batch [  50/123]  Loss: -12.6927  LR: 3.63e-05
  Epoch [164/200]  Batch [  60/123]  Loss: -12.6871  LR: 3.63e-05
  Epoch [164/200]  Batch [  70/123]  Loss: -12.6967  LR: 3.63e-05
  Epoch [164/200]  Batch [  80/123]  Loss: -12.6933  LR: 3.63e-05
  Epoch [164/200]  Batch [  90/123]  Loss: -12.6885  LR: 3.63e-05
  Epoch [164/200]  Batch [ 100/123]  Loss: -12.6896  LR: 3.63e-05
  Epoch [164/200]  Batch [ 110/123]  Loss: -12.6996  LR: 3.63e-05
  Epoch [164/200]  Batch [ 120/123]  Loss: -12.6914  LR: 3.63e-05

------------------------------------------------------------
  Epoch 164/200 complete  |  Avg Loss: -12.6943  |  LR: 3.44e-05
------------------------------------------------------------

  Epoch [165/200]  Batch [   0/123]  Loss: -12.6949  LR: 3.44e-05
  Epoch [165/200]  Batch [  10/123]  Loss: -12.6942  LR: 3.44e-05
  Epoch [165/200]  Batch [  20/123]  Loss: -12.7065  LR: 3.44e-05
  Epoch [165/200]  Batch [  30/123]  Loss: -12.6973  LR: 3.44e-05
  Epoch [165/200]  Batch [  40/123]  Loss: -12.6948  LR: 3.44e-05
  Epoch [165/200]  Batch [  50/123]  Loss: -12.7020  LR: 3.44e-05
  Epoch [165/200]  Batch [  60/123]  Loss: -12.6837  LR: 3.44e-05
  Epoch [165/200]  Batch [  70/123]  Loss: -12.7012  LR: 3.44e-05
  Epoch [165/200]  Batch [  80/123]  Loss: -12.6916  LR: 3.44e-05
  Epoch [165/200]  Batch [  90/123]  Loss: -12.7023  LR: 3.44e-05
  Epoch [165/200]  Batch [ 100/123]  Loss: -12.6925  LR: 3.44e-05
  Epoch [165/200]  Batch [ 110/123]  Loss: -12.6916  LR: 3.44e-05
  Epoch [165/200]  Batch [ 120/123]  Loss: -12.6935  LR: 3.44e-05

------------------------------------------------------------
  Epoch 165/200 complete  |  Avg Loss: -12.6949  |  LR: 3.26e-05
------------------------------------------------------------

  Epoch [166/200]  Batch [   0/123]  Loss: -12.7046  LR: 3.26e-05
  Epoch [166/200]  Batch [  10/123]  Loss: -12.7067  LR: 3.26e-05
  Epoch [166/200]  Batch [  20/123]  Loss: -12.6878  LR: 3.26e-05
  Epoch [166/200]  Batch [  30/123]  Loss: -12.6956  LR: 3.26e-05
  Epoch [166/200]  Batch [  40/123]  Loss: -12.7001  LR: 3.26e-05
  Epoch [166/200]  Batch [  50/123]  Loss: -12.6990  LR: 3.26e-05
  Epoch [166/200]  Batch [  60/123]  Loss: -12.6981  LR: 3.26e-05
  Epoch [166/200]  Batch [  70/123]  Loss: -12.6964  LR: 3.26e-05
  Epoch [166/200]  Batch [  80/123]  Loss: -12.7040  LR: 3.26e-05
  Epoch [166/200]  Batch [  90/123]  Loss: -12.6950  LR: 3.26e-05
  Epoch [166/200]  Batch [ 100/123]  Loss: -12.7036  LR: 3.26e-05
  Epoch [166/200]  Batch [ 110/123]  Loss: -12.6891  LR: 3.26e-05
  Epoch [166/200]  Batch [ 120/123]  Loss: -12.6971  LR: 3.26e-05

------------------------------------------------------------
  Epoch 166/200 complete  |  Avg Loss: -12.6960  |  LR: 3.08e-05
------------------------------------------------------------

  Epoch [167/200]  Batch [   0/123]  Loss: -12.6875  LR: 3.08e-05
  Epoch [167/200]  Batch [  10/123]  Loss: -12.7017  LR: 3.08e-05
  Epoch [167/200]  Batch [  20/123]  Loss: -12.7093  LR: 3.08e-05
  Epoch [167/200]  Batch [  30/123]  Loss: -12.6923  LR: 3.08e-05
  Epoch [167/200]  Batch [  40/123]  Loss: -12.6943  LR: 3.08e-05
  Epoch [167/200]  Batch [  50/123]  Loss: -12.7012  LR: 3.08e-05
  Epoch [167/200]  Batch [  60/123]  Loss: -12.6895  LR: 3.08e-05
  Epoch [167/200]  Batch [  70/123]  Loss: -12.7028  LR: 3.08e-05
  Epoch [167/200]  Batch [  80/123]  Loss: -12.6992  LR: 3.08e-05
  Epoch [167/200]  Batch [  90/123]  Loss: -12.7034  LR: 3.08e-05
  Epoch [167/200]  Batch [ 100/123]  Loss: -12.6995  LR: 3.08e-05
  Epoch [167/200]  Batch [ 110/123]  Loss: -12.7008  LR: 3.08e-05
  Epoch [167/200]  Batch [ 120/123]  Loss: -12.6869  LR: 3.08e-05

------------------------------------------------------------
  Epoch 167/200 complete  |  Avg Loss: -12.6962  |  LR: 2.90e-05
------------------------------------------------------------

  Epoch [168/200]  Batch [   0/123]  Loss: -12.6934  LR: 2.90e-05
  Epoch [168/200]  Batch [  10/123]  Loss: -12.7039  LR: 2.90e-05
  Epoch [168/200]  Batch [  20/123]  Loss: -12.6933  LR: 2.90e-05
  Epoch [168/200]  Batch [  30/123]  Loss: -12.6957  LR: 2.90e-05
  Epoch [168/200]  Batch [  40/123]  Loss: -12.6901  LR: 2.90e-05
  Epoch [168/200]  Batch [  50/123]  Loss: -12.6933  LR: 2.90e-05
  Epoch [168/200]  Batch [  60/123]  Loss: -12.7041  LR: 2.90e-05
  Epoch [168/200]  Batch [  70/123]  Loss: -12.6988  LR: 2.90e-05
  Epoch [168/200]  Batch [  80/123]  Loss: -12.6818  LR: 2.90e-05
  Epoch [168/200]  Batch [  90/123]  Loss: -12.7050  LR: 2.90e-05
  Epoch [168/200]  Batch [ 100/123]  Loss: -12.6949  LR: 2.90e-05
  Epoch [168/200]  Batch [ 110/123]  Loss: -12.6859  LR: 2.90e-05
  Epoch [168/200]  Batch [ 120/123]  Loss: -12.7022  LR: 2.90e-05

------------------------------------------------------------
  Epoch 168/200 complete  |  Avg Loss: -12.6964  |  LR: 2.73e-05
------------------------------------------------------------

  Epoch [169/200]  Batch [   0/123]  Loss: -12.6964  LR: 2.73e-05
  Epoch [169/200]  Batch [  10/123]  Loss: -12.6995  LR: 2.73e-05
  Epoch [169/200]  Batch [  20/123]  Loss: -12.7013  LR: 2.73e-05
  Epoch [169/200]  Batch [  30/123]  Loss: -12.6947  LR: 2.73e-05
  Epoch [169/200]  Batch [  40/123]  Loss: -12.6981  LR: 2.73e-05
  Epoch [169/200]  Batch [  50/123]  Loss: -12.6985  LR: 2.73e-05
  Epoch [169/200]  Batch [  60/123]  Loss: -12.6961  LR: 2.73e-05
  Epoch [169/200]  Batch [  70/123]  Loss: -12.6949  LR: 2.73e-05
  Epoch [169/200]  Batch [  80/123]  Loss: -12.6953  LR: 2.73e-05
  Epoch [169/200]  Batch [  90/123]  Loss: -12.6890  LR: 2.73e-05
  Epoch [169/200]  Batch [ 100/123]  Loss: -12.6891  LR: 2.73e-05
  Epoch [169/200]  Batch [ 110/123]  Loss: -12.7041  LR: 2.73e-05
  Epoch [169/200]  Batch [ 120/123]  Loss: -12.6989  LR: 2.73e-05

------------------------------------------------------------
  Epoch 169/200 complete  |  Avg Loss: -12.6974  |  LR: 2.57e-05
------------------------------------------------------------

  Epoch [170/200]  Batch [   0/123]  Loss: -12.6969  LR: 2.57e-05
  Epoch [170/200]  Batch [  10/123]  Loss: -12.7037  LR: 2.57e-05
  Epoch [170/200]  Batch [  20/123]  Loss: -12.6913  LR: 2.57e-05
  Epoch [170/200]  Batch [  30/123]  Loss: -12.7063  LR: 2.57e-05
  Epoch [170/200]  Batch [  40/123]  Loss: -12.7015  LR: 2.57e-05
  Epoch [170/200]  Batch [  50/123]  Loss: -12.7024  LR: 2.57e-05
  Epoch [170/200]  Batch [  60/123]  Loss: -12.6937  LR: 2.57e-05
  Epoch [170/200]  Batch [  70/123]  Loss: -12.6907  LR: 2.57e-05
  Epoch [170/200]  Batch [  80/123]  Loss: -12.6774  LR: 2.57e-05
  Epoch [170/200]  Batch [  90/123]  Loss: -12.7051  LR: 2.57e-05
  Epoch [170/200]  Batch [ 100/123]  Loss: -12.6956  LR: 2.57e-05
  Epoch [170/200]  Batch [ 110/123]  Loss: -12.7013  LR: 2.57e-05
  Epoch [170/200]  Batch [ 120/123]  Loss: -12.7026  LR: 2.57e-05

------------------------------------------------------------
  Epoch 170/200 complete  |  Avg Loss: -12.6976  |  LR: 2.41e-05
------------------------------------------------------------

  Epoch [171/200]  Batch [   0/123]  Loss: -12.7049  LR: 2.41e-05
  Epoch [171/200]  Batch [  10/123]  Loss: -12.6927  LR: 2.41e-05
  Epoch [171/200]  Batch [  20/123]  Loss: -12.7073  LR: 2.41e-05
  Epoch [171/200]  Batch [  30/123]  Loss: -12.6940  LR: 2.41e-05
  Epoch [171/200]  Batch [  40/123]  Loss: -12.6993  LR: 2.41e-05
  Epoch [171/200]  Batch [  50/123]  Loss: -12.6920  LR: 2.41e-05
  Epoch [171/200]  Batch [  60/123]  Loss: -12.6934  LR: 2.41e-05
  Epoch [171/200]  Batch [  70/123]  Loss: -12.6993  LR: 2.41e-05
  Epoch [171/200]  Batch [  80/123]  Loss: -12.6965  LR: 2.41e-05
  Epoch [171/200]  Batch [  90/123]  Loss: -12.6885  LR: 2.41e-05
  Epoch [171/200]  Batch [ 100/123]  Loss: -12.7047  LR: 2.41e-05
  Epoch [171/200]  Batch [ 110/123]  Loss: -12.6952  LR: 2.41e-05
  Epoch [171/200]  Batch [ 120/123]  Loss: -12.7063  LR: 2.41e-05

------------------------------------------------------------
  Epoch 171/200 complete  |  Avg Loss: -12.6986  |  LR: 2.26e-05
------------------------------------------------------------

  Epoch [172/200]  Batch [   0/123]  Loss: -12.7036  LR: 2.26e-05
  Epoch [172/200]  Batch [  10/123]  Loss: -12.6982  LR: 2.26e-05
  Epoch [172/200]  Batch [  20/123]  Loss: -12.7040  LR: 2.26e-05
  Epoch [172/200]  Batch [  30/123]  Loss: -12.7092  LR: 2.26e-05
  Epoch [172/200]  Batch [  40/123]  Loss: -12.6923  LR: 2.26e-05
  Epoch [172/200]  Batch [  50/123]  Loss: -12.6964  LR: 2.26e-05
  Epoch [172/200]  Batch [  60/123]  Loss: -12.6934  LR: 2.26e-05
  Epoch [172/200]  Batch [  70/123]  Loss: -12.6959  LR: 2.26e-05
  Epoch [172/200]  Batch [  80/123]  Loss: -12.7065  LR: 2.26e-05
  Epoch [172/200]  Batch [  90/123]  Loss: -12.6877  LR: 2.26e-05
  Epoch [172/200]  Batch [ 100/123]  Loss: -12.6957  LR: 2.26e-05
  Epoch [172/200]  Batch [ 110/123]  Loss: -12.7068  LR: 2.26e-05
  Epoch [172/200]  Batch [ 120/123]  Loss: -12.6814  LR: 2.26e-05

------------------------------------------------------------
  Epoch 172/200 complete  |  Avg Loss: -12.6990  |  LR: 2.11e-05
------------------------------------------------------------

  Epoch [173/200]  Batch [   0/123]  Loss: -12.6955  LR: 2.11e-05
  Epoch [173/200]  Batch [  10/123]  Loss: -12.6997  LR: 2.11e-05
  Epoch [173/200]  Batch [  20/123]  Loss: -12.7038  LR: 2.11e-05
  Epoch [173/200]  Batch [  30/123]  Loss: -12.7021  LR: 2.11e-05
  Epoch [173/200]  Batch [  40/123]  Loss: -12.6901  LR: 2.11e-05
  Epoch [173/200]  Batch [  50/123]  Loss: -12.7026  LR: 2.11e-05
  Epoch [173/200]  Batch [  60/123]  Loss: -12.6931  LR: 2.11e-05
  Epoch [173/200]  Batch [  70/123]  Loss: -12.7025  LR: 2.11e-05
  Epoch [173/200]  Batch [  80/123]  Loss: -12.7061  LR: 2.11e-05
  Epoch [173/200]  Batch [  90/123]  Loss: -12.7053  LR: 2.11e-05
  Epoch [173/200]  Batch [ 100/123]  Loss: -12.7047  LR: 2.11e-05
  Epoch [173/200]  Batch [ 110/123]  Loss: -12.6873  LR: 2.11e-05
  Epoch [173/200]  Batch [ 120/123]  Loss: -12.6926  LR: 2.11e-05

------------------------------------------------------------
  Epoch 173/200 complete  |  Avg Loss: -12.6984  |  LR: 1.96e-05
------------------------------------------------------------

  Epoch [174/200]  Batch [   0/123]  Loss: -12.6964  LR: 1.96e-05
  Epoch [174/200]  Batch [  10/123]  Loss: -12.6973  LR: 1.96e-05
  Epoch [174/200]  Batch [  20/123]  Loss: -12.7027  LR: 1.96e-05
  Epoch [174/200]  Batch [  30/123]  Loss: -12.6927  LR: 1.96e-05
  Epoch [174/200]  Batch [  40/123]  Loss: -12.6971  LR: 1.96e-05
  Epoch [174/200]  Batch [  50/123]  Loss: -12.6948  LR: 1.96e-05
  Epoch [174/200]  Batch [  60/123]  Loss: -12.7004  LR: 1.96e-05
  Epoch [174/200]  Batch [  70/123]  Loss: -12.7039  LR: 1.96e-05
  Epoch [174/200]  Batch [  80/123]  Loss: -12.7096  LR: 1.96e-05
  Epoch [174/200]  Batch [  90/123]  Loss: -12.6851  LR: 1.96e-05
  Epoch [174/200]  Batch [ 100/123]  Loss: -12.6910  LR: 1.96e-05
  Epoch [174/200]  Batch [ 110/123]  Loss: -12.7067  LR: 1.96e-05
  Epoch [174/200]  Batch [ 120/123]  Loss: -12.7008  LR: 1.96e-05

------------------------------------------------------------
  Epoch 174/200 complete  |  Avg Loss: -12.7002  |  LR: 1.82e-05
------------------------------------------------------------

  Epoch [175/200]  Batch [   0/123]  Loss: -12.6977  LR: 1.82e-05
  Epoch [175/200]  Batch [  10/123]  Loss: -12.7118  LR: 1.82e-05
  Epoch [175/200]  Batch [  20/123]  Loss: -12.6919  LR: 1.82e-05
  Epoch [175/200]  Batch [  30/123]  Loss: -12.7073  LR: 1.82e-05
  Epoch [175/200]  Batch [  40/123]  Loss: -12.6969  LR: 1.82e-05
  Epoch [175/200]  Batch [  50/123]  Loss: -12.7026  LR: 1.82e-05
  Epoch [175/200]  Batch [  60/123]  Loss: -12.7059  LR: 1.82e-05
  Epoch [175/200]  Batch [  70/123]  Loss: -12.7017  LR: 1.82e-05
  Epoch [175/200]  Batch [  80/123]  Loss: -12.6932  LR: 1.82e-05
  Epoch [175/200]  Batch [  90/123]  Loss: -12.6954  LR: 1.82e-05
  Epoch [175/200]  Batch [ 100/123]  Loss: -12.6998  LR: 1.82e-05
  Epoch [175/200]  Batch [ 110/123]  Loss: -12.7013  LR: 1.82e-05
  Epoch [175/200]  Batch [ 120/123]  Loss: -12.6973  LR: 1.82e-05

------------------------------------------------------------
  Epoch 175/200 complete  |  Avg Loss: -12.7001  |  LR: 1.68e-05
------------------------------------------------------------

  Epoch [176/200]  Batch [   0/123]  Loss: -12.7050  LR: 1.68e-05
  Epoch [176/200]  Batch [  10/123]  Loss: -12.6953  LR: 1.68e-05
  Epoch [176/200]  Batch [  20/123]  Loss: -12.6963  LR: 1.68e-05
  Epoch [176/200]  Batch [  30/123]  Loss: -12.7041  LR: 1.68e-05
  Epoch [176/200]  Batch [  40/123]  Loss: -12.6924  LR: 1.68e-05
  Epoch [176/200]  Batch [  50/123]  Loss: -12.7048  LR: 1.68e-05
  Epoch [176/200]  Batch [  60/123]  Loss: -12.7019  LR: 1.68e-05
  Epoch [176/200]  Batch [  70/123]  Loss: -12.7050  LR: 1.68e-05
  Epoch [176/200]  Batch [  80/123]  Loss: -12.7101  LR: 1.68e-05
  Epoch [176/200]  Batch [  90/123]  Loss: -12.6979  LR: 1.68e-05
  Epoch [176/200]  Batch [ 100/123]  Loss: -12.7072  LR: 1.68e-05
  Epoch [176/200]  Batch [ 110/123]  Loss: -12.7125  LR: 1.68e-05
  Epoch [176/200]  Batch [ 120/123]  Loss: -12.6985  LR: 1.68e-05

------------------------------------------------------------
  Epoch 176/200 complete  |  Avg Loss: -12.7010  |  LR: 1.55e-05
------------------------------------------------------------

  Epoch [177/200]  Batch [   0/123]  Loss: -12.6910  LR: 1.55e-05
  Epoch [177/200]  Batch [  10/123]  Loss: -12.6993  LR: 1.55e-05
  Epoch [177/200]  Batch [  20/123]  Loss: -12.7044  LR: 1.55e-05
  Epoch [177/200]  Batch [  30/123]  Loss: -12.7059  LR: 1.55e-05
  Epoch [177/200]  Batch [  40/123]  Loss: -12.6939  LR: 1.55e-05
  Epoch [177/200]  Batch [  50/123]  Loss: -12.6999  LR: 1.55e-05
  Epoch [177/200]  Batch [  60/123]  Loss: -12.7093  LR: 1.55e-05
  Epoch [177/200]  Batch [  70/123]  Loss: -12.7068  LR: 1.55e-05
  Epoch [177/200]  Batch [  80/123]  Loss: -12.7020  LR: 1.55e-05
  Epoch [177/200]  Batch [  90/123]  Loss: -12.6954  LR: 1.55e-05
  Epoch [177/200]  Batch [ 100/123]  Loss: -12.6931  LR: 1.55e-05
  Epoch [177/200]  Batch [ 110/123]  Loss: -12.6931  LR: 1.55e-05
  Epoch [177/200]  Batch [ 120/123]  Loss: -12.7042  LR: 1.55e-05

------------------------------------------------------------
  Epoch 177/200 complete  |  Avg Loss: -12.7007  |  LR: 1.43e-05
------------------------------------------------------------

  Epoch [178/200]  Batch [   0/123]  Loss: -12.6974  LR: 1.43e-05
  Epoch [178/200]  Batch [  10/123]  Loss: -12.7005  LR: 1.43e-05
  Epoch [178/200]  Batch [  20/123]  Loss: -12.6990  LR: 1.43e-05
  Epoch [178/200]  Batch [  30/123]  Loss: -12.6992  LR: 1.43e-05
  Epoch [178/200]  Batch [  40/123]  Loss: -12.7019  LR: 1.43e-05
  Epoch [178/200]  Batch [  50/123]  Loss: -12.7154  LR: 1.43e-05
  Epoch [178/200]  Batch [  60/123]  Loss: -12.6962  LR: 1.43e-05
  Epoch [178/200]  Batch [  70/123]  Loss: -12.7069  LR: 1.43e-05
  Epoch [178/200]  Batch [  80/123]  Loss: -12.7070  LR: 1.43e-05
  Epoch [178/200]  Batch [  90/123]  Loss: -12.7034  LR: 1.43e-05
  Epoch [178/200]  Batch [ 100/123]  Loss: -12.6968  LR: 1.43e-05
  Epoch [178/200]  Batch [ 110/123]  Loss: -12.6974  LR: 1.43e-05
  Epoch [178/200]  Batch [ 120/123]  Loss: -12.7078  LR: 1.43e-05

------------------------------------------------------------
  Epoch 178/200 complete  |  Avg Loss: -12.7010  |  LR: 1.31e-05
------------------------------------------------------------

  Epoch [179/200]  Batch [   0/123]  Loss: -12.7096  LR: 1.31e-05
  Epoch [179/200]  Batch [  10/123]  Loss: -12.7101  LR: 1.31e-05
  Epoch [179/200]  Batch [  20/123]  Loss: -12.7040  LR: 1.31e-05
  Epoch [179/200]  Batch [  30/123]  Loss: -12.7119  LR: 1.31e-05
  Epoch [179/200]  Batch [  40/123]  Loss: -12.7066  LR: 1.31e-05
  Epoch [179/200]  Batch [  50/123]  Loss: -12.6945  LR: 1.31e-05
  Epoch [179/200]  Batch [  60/123]  Loss: -12.7078  LR: 1.31e-05
  Epoch [179/200]  Batch [  70/123]  Loss: -12.7132  LR: 1.31e-05
  Epoch [179/200]  Batch [  80/123]  Loss: -12.7072  LR: 1.31e-05
  Epoch [179/200]  Batch [  90/123]  Loss: -12.7041  LR: 1.31e-05
  Epoch [179/200]  Batch [ 100/123]  Loss: -12.7025  LR: 1.31e-05
  Epoch [179/200]  Batch [ 110/123]  Loss: -12.7033  LR: 1.31e-05
  Epoch [179/200]  Batch [ 120/123]  Loss: -12.7027  LR: 1.31e-05

------------------------------------------------------------
  Epoch 179/200 complete  |  Avg Loss: -12.7017  |  LR: 1.19e-05
------------------------------------------------------------

  Epoch [180/200]  Batch [   0/123]  Loss: -12.7046  LR: 1.19e-05
  Epoch [180/200]  Batch [  10/123]  Loss: -12.7024  LR: 1.19e-05
  Epoch [180/200]  Batch [  20/123]  Loss: -12.6997  LR: 1.19e-05
  Epoch [180/200]  Batch [  30/123]  Loss: -12.7010  LR: 1.19e-05
  Epoch [180/200]  Batch [  40/123]  Loss: -12.7090  LR: 1.19e-05
  Epoch [180/200]  Batch [  50/123]  Loss: -12.7036  LR: 1.19e-05
  Epoch [180/200]  Batch [  60/123]  Loss: -12.6953  LR: 1.19e-05
  Epoch [180/200]  Batch [  70/123]  Loss: -12.7037  LR: 1.19e-05
  Epoch [180/200]  Batch [  80/123]  Loss: -12.7053  LR: 1.19e-05
  Epoch [180/200]  Batch [  90/123]  Loss: -12.6994  LR: 1.19e-05
  Epoch [180/200]  Batch [ 100/123]  Loss: -12.7039  LR: 1.19e-05
  Epoch [180/200]  Batch [ 110/123]  Loss: -12.7024  LR: 1.19e-05
  Epoch [180/200]  Batch [ 120/123]  Loss: -12.7040  LR: 1.19e-05

------------------------------------------------------------
  Epoch 180/200 complete  |  Avg Loss: -12.7018  |  LR: 1.08e-05
------------------------------------------------------------

  Epoch [181/200]  Batch [   0/123]  Loss: -12.7054  LR: 1.08e-05
  Epoch [181/200]  Batch [  10/123]  Loss: -12.7098  LR: 1.08e-05
  Epoch [181/200]  Batch [  20/123]  Loss: -12.6957  LR: 1.08e-05
  Epoch [181/200]  Batch [  30/123]  Loss: -12.7071  LR: 1.08e-05
  Epoch [181/200]  Batch [  40/123]  Loss: -12.7054  LR: 1.08e-05
  Epoch [181/200]  Batch [  50/123]  Loss: -12.6987  LR: 1.08e-05
  Epoch [181/200]  Batch [  60/123]  Loss: -12.6956  LR: 1.08e-05
  Epoch [181/200]  Batch [  70/123]  Loss: -12.7040  LR: 1.08e-05
  Epoch [181/200]  Batch [  80/123]  Loss: -12.7063  LR: 1.08e-05
  Epoch [181/200]  Batch [  90/123]  Loss: -12.7063  LR: 1.08e-05
  Epoch [181/200]  Batch [ 100/123]  Loss: -12.7018  LR: 1.08e-05
  Epoch [181/200]  Batch [ 110/123]  Loss: -12.7066  LR: 1.08e-05
  Epoch [181/200]  Batch [ 120/123]  Loss: -12.6981  LR: 1.08e-05

------------------------------------------------------------
  Epoch 181/200 complete  |  Avg Loss: -12.7015  |  LR: 9.79e-06
------------------------------------------------------------

  Epoch [182/200]  Batch [   0/123]  Loss: -12.7037  LR: 9.79e-06
  Epoch [182/200]  Batch [  10/123]  Loss: -12.7126  LR: 9.79e-06
  Epoch [182/200]  Batch [  20/123]  Loss: -12.7072  LR: 9.79e-06
  Epoch [182/200]  Batch [  30/123]  Loss: -12.6954  LR: 9.79e-06
  Epoch [182/200]  Batch [  40/123]  Loss: -12.7070  LR: 9.79e-06
  Epoch [182/200]  Batch [  50/123]  Loss: -12.7067  LR: 9.79e-06
  Epoch [182/200]  Batch [  60/123]  Loss: -12.7012  LR: 9.79e-06
  Epoch [182/200]  Batch [  70/123]  Loss: -12.7078  LR: 9.79e-06
  Epoch [182/200]  Batch [  80/123]  Loss: -12.6859  LR: 9.79e-06
  Epoch [182/200]  Batch [  90/123]  Loss: -12.6946  LR: 9.79e-06
  Epoch [182/200]  Batch [ 100/123]  Loss: -12.6963  LR: 9.79e-06
  Epoch [182/200]  Batch [ 110/123]  Loss: -12.7053  LR: 9.79e-06
  Epoch [182/200]  Batch [ 120/123]  Loss: -12.7025  LR: 9.79e-06

------------------------------------------------------------
  Epoch 182/200 complete  |  Avg Loss: -12.7019  |  LR: 8.79e-06
------------------------------------------------------------

  Epoch [183/200]  Batch [   0/123]  Loss: -12.6915  LR: 8.79e-06
  Epoch [183/200]  Batch [  10/123]  Loss: -12.7001  LR: 8.79e-06
  Epoch [183/200]  Batch [  20/123]  Loss: -12.7019  LR: 8.79e-06
  Epoch [183/200]  Batch [  30/123]  Loss: -12.6963  LR: 8.79e-06
  Epoch [183/200]  Batch [  40/123]  Loss: -12.7010  LR: 8.79e-06
  Epoch [183/200]  Batch [  50/123]  Loss: -12.7088  LR: 8.79e-06
  Epoch [183/200]  Batch [  60/123]  Loss: -12.6937  LR: 8.79e-06
  Epoch [183/200]  Batch [  70/123]  Loss: -12.7043  LR: 8.79e-06
  Epoch [183/200]  Batch [  80/123]  Loss: -12.7006  LR: 8.79e-06
  Epoch [183/200]  Batch [  90/123]  Loss: -12.6947  LR: 8.79e-06
  Epoch [183/200]  Batch [ 100/123]  Loss: -12.7075  LR: 8.79e-06
  Epoch [183/200]  Batch [ 110/123]  Loss: -12.7082  LR: 8.79e-06
  Epoch [183/200]  Batch [ 120/123]  Loss: -12.6997  LR: 8.79e-06

------------------------------------------------------------
  Epoch 183/200 complete  |  Avg Loss: -12.7022  |  LR: 7.85e-06
------------------------------------------------------------

  Epoch [184/200]  Batch [   0/123]  Loss: -12.7015  LR: 7.85e-06
  Epoch [184/200]  Batch [  10/123]  Loss: -12.7055  LR: 7.85e-06
  Epoch [184/200]  Batch [  20/123]  Loss: -12.6989  LR: 7.85e-06
  Epoch [184/200]  Batch [  30/123]  Loss: -12.7065  LR: 7.85e-06
  Epoch [184/200]  Batch [  40/123]  Loss: -12.7030  LR: 7.85e-06
  Epoch [184/200]  Batch [  50/123]  Loss: -12.6907  LR: 7.85e-06
  Epoch [184/200]  Batch [  60/123]  Loss: -12.7057  LR: 7.85e-06
  Epoch [184/200]  Batch [  70/123]  Loss: -12.6964  LR: 7.85e-06
  Epoch [184/200]  Batch [  80/123]  Loss: -12.7061  LR: 7.85e-06
  Epoch [184/200]  Batch [  90/123]  Loss: -12.7050  LR: 7.85e-06
  Epoch [184/200]  Batch [ 100/123]  Loss: -12.7019  LR: 7.85e-06
  Epoch [184/200]  Batch [ 110/123]  Loss: -12.7054  LR: 7.85e-06
  Epoch [184/200]  Batch [ 120/123]  Loss: -12.6883  LR: 7.85e-06

------------------------------------------------------------
  Epoch 184/200 complete  |  Avg Loss: -12.7028  |  LR: 6.96e-06
------------------------------------------------------------

  Epoch [185/200]  Batch [   0/123]  Loss: -12.7016  LR: 6.96e-06
  Epoch [185/200]  Batch [  10/123]  Loss: -12.7020  LR: 6.96e-06
  Epoch [185/200]  Batch [  20/123]  Loss: -12.7061  LR: 6.96e-06
  Epoch [185/200]  Batch [  30/123]  Loss: -12.6993  LR: 6.96e-06
  Epoch [185/200]  Batch [  40/123]  Loss: -12.7037  LR: 6.96e-06
  Epoch [185/200]  Batch [  50/123]  Loss: -12.7105  LR: 6.96e-06
  Epoch [185/200]  Batch [  60/123]  Loss: -12.7098  LR: 6.96e-06
  Epoch [185/200]  Batch [  70/123]  Loss: -12.6983  LR: 6.96e-06
  Epoch [185/200]  Batch [  80/123]  Loss: -12.7074  LR: 6.96e-06
  Epoch [185/200]  Batch [  90/123]  Loss: -12.6992  LR: 6.96e-06
  Epoch [185/200]  Batch [ 100/123]  Loss: -12.7016  LR: 6.96e-06
  Epoch [185/200]  Batch [ 110/123]  Loss: -12.7038  LR: 6.96e-06
  Epoch [185/200]  Batch [ 120/123]  Loss: -12.6999  LR: 6.96e-06

------------------------------------------------------------
  Epoch 185/200 complete  |  Avg Loss: -12.7032  |  LR: 6.12e-06
------------------------------------------------------------

  Epoch [186/200]  Batch [   0/123]  Loss: -12.7060  LR: 6.12e-06
  Epoch [186/200]  Batch [  10/123]  Loss: -12.7084  LR: 6.12e-06
  Epoch [186/200]  Batch [  20/123]  Loss: -12.7073  LR: 6.12e-06
  Epoch [186/200]  Batch [  30/123]  Loss: -12.7069  LR: 6.12e-06
  Epoch [186/200]  Batch [  40/123]  Loss: -12.7078  LR: 6.12e-06
  Epoch [186/200]  Batch [  50/123]  Loss: -12.6989  LR: 6.12e-06
  Epoch [186/200]  Batch [  60/123]  Loss: -12.7037  LR: 6.12e-06
  Epoch [186/200]  Batch [  70/123]  Loss: -12.6987  LR: 6.12e-06
  Epoch [186/200]  Batch [  80/123]  Loss: -12.6996  LR: 6.12e-06
  Epoch [186/200]  Batch [  90/123]  Loss: -12.6898  LR: 6.12e-06
  Epoch [186/200]  Batch [ 100/123]  Loss: -12.7025  LR: 6.12e-06
  Epoch [186/200]  Batch [ 110/123]  Loss: -12.7124  LR: 6.12e-06
  Epoch [186/200]  Batch [ 120/123]  Loss: -12.7103  LR: 6.12e-06

------------------------------------------------------------
  Epoch 186/200 complete  |  Avg Loss: -12.7029  |  LR: 5.33e-06
------------------------------------------------------------

  Epoch [187/200]  Batch [   0/123]  Loss: -12.7074  LR: 5.33e-06
  Epoch [187/200]  Batch [  10/123]  Loss: -12.7019  LR: 5.33e-06
  Epoch [187/200]  Batch [  20/123]  Loss: -12.7072  LR: 5.33e-06
  Epoch [187/200]  Batch [  30/123]  Loss: -12.6814  LR: 5.33e-06
  Epoch [187/200]  Batch [  40/123]  Loss: -12.7128  LR: 5.33e-06
  Epoch [187/200]  Batch [  50/123]  Loss: -12.7014  LR: 5.33e-06
  Epoch [187/200]  Batch [  60/123]  Loss: -12.7097  LR: 5.33e-06
  Epoch [187/200]  Batch [  70/123]  Loss: -12.7011  LR: 5.33e-06
  Epoch [187/200]  Batch [  80/123]  Loss: -12.6982  LR: 5.33e-06
  Epoch [187/200]  Batch [  90/123]  Loss: -12.6993  LR: 5.33e-06
  Epoch [187/200]  Batch [ 100/123]  Loss: -12.6969  LR: 5.33e-06
  Epoch [187/200]  Batch [ 110/123]  Loss: -12.6979  LR: 5.33e-06
  Epoch [187/200]  Batch [ 120/123]  Loss: -12.7048  LR: 5.33e-06

------------------------------------------------------------
  Epoch 187/200 complete  |  Avg Loss: -12.7030  |  LR: 4.60e-06
------------------------------------------------------------

  Epoch [188/200]  Batch [   0/123]  Loss: -12.7053  LR: 4.60e-06
  Epoch [188/200]  Batch [  10/123]  Loss: -12.7062  LR: 4.60e-06
  Epoch [188/200]  Batch [  20/123]  Loss: -12.7091  LR: 4.60e-06
  Epoch [188/200]  Batch [  30/123]  Loss: -12.6524  LR: 4.60e-06
  Epoch [188/200]  Batch [  40/123]  Loss: -12.7007  LR: 4.60e-06
  Epoch [188/200]  Batch [  50/123]  Loss: -12.6913  LR: 4.60e-06
  Epoch [188/200]  Batch [  60/123]  Loss: -12.7026  LR: 4.60e-06
  Epoch [188/200]  Batch [  70/123]  Loss: -12.6986  LR: 4.60e-06
  Epoch [188/200]  Batch [  80/123]  Loss: -12.7020  LR: 4.60e-06
  Epoch [188/200]  Batch [  90/123]  Loss: -12.7011  LR: 4.60e-06
  Epoch [188/200]  Batch [ 100/123]  Loss: -12.6953  LR: 4.60e-06
  Epoch [188/200]  Batch [ 110/123]  Loss: -12.7073  LR: 4.60e-06
  Epoch [188/200]  Batch [ 120/123]  Loss: -12.7094  LR: 4.60e-06

------------------------------------------------------------
  Epoch 188/200 complete  |  Avg Loss: -12.7033  |  LR: 3.92e-06
------------------------------------------------------------

  Epoch [189/200]  Batch [   0/123]  Loss: -12.7060  LR: 3.92e-06
  Epoch [189/200]  Batch [  10/123]  Loss: -12.7072  LR: 3.92e-06
  Epoch [189/200]  Batch [  20/123]  Loss: -12.7000  LR: 3.92e-06
  Epoch [189/200]  Batch [  30/123]  Loss: -12.7132  LR: 3.92e-06
  Epoch [189/200]  Batch [  40/123]  Loss: -12.7031  LR: 3.92e-06
  Epoch [189/200]  Batch [  50/123]  Loss: -12.7011  LR: 3.92e-06
  Epoch [189/200]  Batch [  60/123]  Loss: -12.6976  LR: 3.92e-06
  Epoch [189/200]  Batch [  70/123]  Loss: -12.7104  LR: 3.92e-06
  Epoch [189/200]  Batch [  80/123]  Loss: -12.7093  LR: 3.92e-06
  Epoch [189/200]  Batch [  90/123]  Loss: -12.7031  LR: 3.92e-06
  Epoch [189/200]  Batch [ 100/123]  Loss: -12.7090  LR: 3.92e-06
  Epoch [189/200]  Batch [ 110/123]  Loss: -12.7036  LR: 3.92e-06
  Epoch [189/200]  Batch [ 120/123]  Loss: -12.7057  LR: 3.92e-06

------------------------------------------------------------
  Epoch 189/200 complete  |  Avg Loss: -12.7034  |  LR: 3.30e-06
------------------------------------------------------------

  Epoch [190/200]  Batch [   0/123]  Loss: -12.7072  LR: 3.30e-06
  Epoch [190/200]  Batch [  10/123]  Loss: -12.7033  LR: 3.30e-06
  Epoch [190/200]  Batch [  20/123]  Loss: -12.7030  LR: 3.30e-06
  Epoch [190/200]  Batch [  30/123]  Loss: -12.7027  LR: 3.30e-06
  Epoch [190/200]  Batch [  40/123]  Loss: -12.6987  LR: 3.30e-06
  Epoch [190/200]  Batch [  50/123]  Loss: -12.6999  LR: 3.30e-06
  Epoch [190/200]  Batch [  60/123]  Loss: -12.7081  LR: 3.30e-06
  Epoch [190/200]  Batch [  70/123]  Loss: -12.7078  LR: 3.30e-06
  Epoch [190/200]  Batch [  80/123]  Loss: -12.7025  LR: 3.30e-06
  Epoch [190/200]  Batch [  90/123]  Loss: -12.6896  LR: 3.30e-06
  Epoch [190/200]  Batch [ 100/123]  Loss: -12.7118  LR: 3.30e-06
  Epoch [190/200]  Batch [ 110/123]  Loss: -12.6996  LR: 3.30e-06
  Epoch [190/200]  Batch [ 120/123]  Loss: -12.6939  LR: 3.30e-06

------------------------------------------------------------
  Epoch 190/200 complete  |  Avg Loss: -12.7031  |  LR: 2.73e-06
------------------------------------------------------------

  Epoch [191/200]  Batch [   0/123]  Loss: -12.6999  LR: 2.73e-06
  Epoch [191/200]  Batch [  10/123]  Loss: -12.7029  LR: 2.73e-06
  Epoch [191/200]  Batch [  20/123]  Loss: -12.7066  LR: 2.73e-06
  Epoch [191/200]  Batch [  30/123]  Loss: -12.7017  LR: 2.73e-06
  Epoch [191/200]  Batch [  40/123]  Loss: -12.7145  LR: 2.73e-06
  Epoch [191/200]  Batch [  50/123]  Loss: -12.7185  LR: 2.73e-06
  Epoch [191/200]  Batch [  60/123]  Loss: -12.7067  LR: 2.73e-06
  Epoch [191/200]  Batch [  70/123]  Loss: -12.7133  LR: 2.73e-06
  Epoch [191/200]  Batch [  80/123]  Loss: -12.7024  LR: 2.73e-06
  Epoch [191/200]  Batch [  90/123]  Loss: -12.6561  LR: 2.73e-06
  Epoch [191/200]  Batch [ 100/123]  Loss: -12.7003  LR: 2.73e-06
  Epoch [191/200]  Batch [ 110/123]  Loss: -12.6975  LR: 2.73e-06
  Epoch [191/200]  Batch [ 120/123]  Loss: -12.7042  LR: 2.73e-06

------------------------------------------------------------
  Epoch 191/200 complete  |  Avg Loss: -12.7029  |  LR: 2.21e-06
------------------------------------------------------------

  Epoch [192/200]  Batch [   0/123]  Loss: -12.7050  LR: 2.21e-06
  Epoch [192/200]  Batch [  10/123]  Loss: -12.7126  LR: 2.21e-06
  Epoch [192/200]  Batch [  20/123]  Loss: -12.6939  LR: 2.21e-06
  Epoch [192/200]  Batch [  30/123]  Loss: -12.6967  LR: 2.21e-06
  Epoch [192/200]  Batch [  40/123]  Loss: -12.6972  LR: 2.21e-06
  Epoch [192/200]  Batch [  50/123]  Loss: -12.7036  LR: 2.21e-06
  Epoch [192/200]  Batch [  60/123]  Loss: -12.7050  LR: 2.21e-06
  Epoch [192/200]  Batch [  70/123]  Loss: -12.7005  LR: 2.21e-06
  Epoch [192/200]  Batch [  80/123]  Loss: -12.6966  LR: 2.21e-06
  Epoch [192/200]  Batch [  90/123]  Loss: -12.7071  LR: 2.21e-06
  Epoch [192/200]  Batch [ 100/123]  Loss: -12.7063  LR: 2.21e-06
  Epoch [192/200]  Batch [ 110/123]  Loss: -12.7044  LR: 2.21e-06
  Epoch [192/200]  Batch [ 120/123]  Loss: -12.7062  LR: 2.21e-06

------------------------------------------------------------
  Epoch 192/200 complete  |  Avg Loss: -12.7037  |  LR: 1.75e-06
------------------------------------------------------------

  Epoch [193/200]  Batch [   0/123]  Loss: -12.6966  LR: 1.75e-06
  Epoch [193/200]  Batch [  10/123]  Loss: -12.7006  LR: 1.75e-06
  Epoch [193/200]  Batch [  20/123]  Loss: -12.7108  LR: 1.75e-06
  Epoch [193/200]  Batch [  30/123]  Loss: -12.7032  LR: 1.75e-06
  Epoch [193/200]  Batch [  40/123]  Loss: -12.7057  LR: 1.75e-06
  Epoch [193/200]  Batch [  50/123]  Loss: -12.7120  LR: 1.75e-06
  Epoch [193/200]  Batch [  60/123]  Loss: -12.7017  LR: 1.75e-06
  Epoch [193/200]  Batch [  70/123]  Loss: -12.6575  LR: 1.75e-06
  Epoch [193/200]  Batch [  80/123]  Loss: -12.7036  LR: 1.75e-06
  Epoch [193/200]  Batch [  90/123]  Loss: -12.7051  LR: 1.75e-06
  Epoch [193/200]  Batch [ 100/123]  Loss: -12.7027  LR: 1.75e-06
  Epoch [193/200]  Batch [ 110/123]  Loss: -12.7010  LR: 1.75e-06
  Epoch [193/200]  Batch [ 120/123]  Loss: -12.7104  LR: 1.75e-06

------------------------------------------------------------
  Epoch 193/200 complete  |  Avg Loss: -12.7032  |  LR: 1.34e-06
------------------------------------------------------------

  Epoch [194/200]  Batch [   0/123]  Loss: -12.7046  LR: 1.34e-06
  Epoch [194/200]  Batch [  10/123]  Loss: -12.7073  LR: 1.34e-06
  Epoch [194/200]  Batch [  20/123]  Loss: -12.7115  LR: 1.34e-06
  Epoch [194/200]  Batch [  30/123]  Loss: -12.7145  LR: 1.34e-06
  Epoch [194/200]  Batch [  40/123]  Loss: -12.7037  LR: 1.34e-06
  Epoch [194/200]  Batch [  50/123]  Loss: -12.7063  LR: 1.34e-06
  Epoch [194/200]  Batch [  60/123]  Loss: -12.7129  LR: 1.34e-06
  Epoch [194/200]  Batch [  70/123]  Loss: -12.7017  LR: 1.34e-06
  Epoch [194/200]  Batch [  80/123]  Loss: -12.7063  LR: 1.34e-06
  Epoch [194/200]  Batch [  90/123]  Loss: -12.7016  LR: 1.34e-06
  Epoch [194/200]  Batch [ 100/123]  Loss: -12.7042  LR: 1.34e-06
  Epoch [194/200]  Batch [ 110/123]  Loss: -12.7097  LR: 1.34e-06
  Epoch [194/200]  Batch [ 120/123]  Loss: -12.7035  LR: 1.34e-06

------------------------------------------------------------
  Epoch 194/200 complete  |  Avg Loss: -12.7042  |  LR: 9.83e-07
------------------------------------------------------------

  Epoch [195/200]  Batch [   0/123]  Loss: -12.7001  LR: 9.83e-07
  Epoch [195/200]  Batch [  10/123]  Loss: -12.6951  LR: 9.83e-07
  Epoch [195/200]  Batch [  20/123]  Loss: -12.7035  LR: 9.83e-07
  Epoch [195/200]  Batch [  30/123]  Loss: -12.7112  LR: 9.83e-07
  Epoch [195/200]  Batch [  40/123]  Loss: -12.7001  LR: 9.83e-07
  Epoch [195/200]  Batch [  50/123]  Loss: -12.7055  LR: 9.83e-07
  Epoch [195/200]  Batch [  60/123]  Loss: -12.7042  LR: 9.83e-07
  Epoch [195/200]  Batch [  70/123]  Loss: -12.7060  LR: 9.83e-07
  Epoch [195/200]  Batch [  80/123]  Loss: -12.7083  LR: 9.83e-07
  Epoch [195/200]  Batch [  90/123]  Loss: -12.7062  LR: 9.83e-07
  Epoch [195/200]  Batch [ 100/123]  Loss: -12.6946  LR: 9.83e-07
  Epoch [195/200]  Batch [ 110/123]  Loss: -12.7077  LR: 9.83e-07
  Epoch [195/200]  Batch [ 120/123]  Loss: -12.7078  LR: 9.83e-07

------------------------------------------------------------
  Epoch 195/200 complete  |  Avg Loss: -12.7036  |  LR: 6.83e-07
------------------------------------------------------------

  Epoch [196/200]  Batch [   0/123]  Loss: -12.7002  LR: 6.83e-07
  Epoch [196/200]  Batch [  10/123]  Loss: -12.7062  LR: 6.83e-07
  Epoch [196/200]  Batch [  20/123]  Loss: -12.7056  LR: 6.83e-07
  Epoch [196/200]  Batch [  30/123]  Loss: -12.6994  LR: 6.83e-07
  Epoch [196/200]  Batch [  40/123]  Loss: -12.7041  LR: 6.83e-07
  Epoch [196/200]  Batch [  50/123]  Loss: -12.7073  LR: 6.83e-07
  Epoch [196/200]  Batch [  60/123]  Loss: -12.7069  LR: 6.83e-07
  Epoch [196/200]  Batch [  70/123]  Loss: -12.7047  LR: 6.83e-07
  Epoch [196/200]  Batch [  80/123]  Loss: -12.7064  LR: 6.83e-07
  Epoch [196/200]  Batch [  90/123]  Loss: -12.7048  LR: 6.83e-07
  Epoch [196/200]  Batch [ 100/123]  Loss: -12.7077  LR: 6.83e-07
  Epoch [196/200]  Batch [ 110/123]  Loss: -12.7054  LR: 6.83e-07
  Epoch [196/200]  Batch [ 120/123]  Loss: -12.7099  LR: 6.83e-07

------------------------------------------------------------
  Epoch 196/200 complete  |  Avg Loss: -12.7031  |  LR: 4.37e-07
------------------------------------------------------------

  Epoch [197/200]  Batch [   0/123]  Loss: -12.7044  LR: 4.37e-07
  Epoch [197/200]  Batch [  10/123]  Loss: -12.6993  LR: 4.37e-07
  Epoch [197/200]  Batch [  20/123]  Loss: -12.6977  LR: 4.37e-07
  Epoch [197/200]  Batch [  30/123]  Loss: -12.7008  LR: 4.37e-07
  Epoch [197/200]  Batch [  40/123]  Loss: -12.7049  LR: 4.37e-07
  Epoch [197/200]  Batch [  50/123]  Loss: -12.7113  LR: 4.37e-07
  Epoch [197/200]  Batch [  60/123]  Loss: -12.7032  LR: 4.37e-07
  Epoch [197/200]  Batch [  70/123]  Loss: -12.7066  LR: 4.37e-07
  Epoch [197/200]  Batch [  80/123]  Loss: -12.7087  LR: 4.37e-07
  Epoch [197/200]  Batch [  90/123]  Loss: -12.7024  LR: 4.37e-07
  Epoch [197/200]  Batch [ 100/123]  Loss: -12.7048  LR: 4.37e-07
  Epoch [197/200]  Batch [ 110/123]  Loss: -12.6955  LR: 4.37e-07
  Epoch [197/200]  Batch [ 120/123]  Loss: -12.7136  LR: 4.37e-07

------------------------------------------------------------
  Epoch 197/200 complete  |  Avg Loss: -12.7034  |  LR: 2.46e-07
------------------------------------------------------------

  Epoch [198/200]  Batch [   0/123]  Loss: -12.7044  LR: 2.46e-07
  Epoch [198/200]  Batch [  10/123]  Loss: -12.7044  LR: 2.46e-07
  Epoch [198/200]  Batch [  20/123]  Loss: -12.7016  LR: 2.46e-07
  Epoch [198/200]  Batch [  30/123]  Loss: -12.7040  LR: 2.46e-07
  Epoch [198/200]  Batch [  40/123]  Loss: -12.7132  LR: 2.46e-07
  Epoch [198/200]  Batch [  50/123]  Loss: -12.7048  LR: 2.46e-07
  Epoch [198/200]  Batch [  60/123]  Loss: -12.7160  LR: 2.46e-07
  Epoch [198/200]  Batch [  70/123]  Loss: -12.7084  LR: 2.46e-07
  Epoch [198/200]  Batch [  80/123]  Loss: -12.6986  LR: 2.46e-07
  Epoch [198/200]  Batch [  90/123]  Loss: -12.7028  LR: 2.46e-07
  Epoch [198/200]  Batch [ 100/123]  Loss: -12.7055  LR: 2.46e-07
  Epoch [198/200]  Batch [ 110/123]  Loss: -12.7047  LR: 2.46e-07
  Epoch [198/200]  Batch [ 120/123]  Loss: -12.6996  LR: 2.46e-07

------------------------------------------------------------
  Epoch 198/200 complete  |  Avg Loss: -12.7042  |  LR: 1.09e-07
------------------------------------------------------------

  Epoch [199/200]  Batch [   0/123]  Loss: -12.6888  LR: 1.09e-07
  Epoch [199/200]  Batch [  10/123]  Loss: -12.7108  LR: 1.09e-07
  Epoch [199/200]  Batch [  20/123]  Loss: -12.7014  LR: 1.09e-07
  Epoch [199/200]  Batch [  30/123]  Loss: -12.7046  LR: 1.09e-07
  Epoch [199/200]  Batch [  40/123]  Loss: -12.7008  LR: 1.09e-07
  Epoch [199/200]  Batch [  50/123]  Loss: -12.7049  LR: 1.09e-07
  Epoch [199/200]  Batch [  60/123]  Loss: -12.7051  LR: 1.09e-07
  Epoch [199/200]  Batch [  70/123]  Loss: -12.7041  LR: 1.09e-07
  Epoch [199/200]  Batch [  80/123]  Loss: -12.7082  LR: 1.09e-07
  Epoch [199/200]  Batch [  90/123]  Loss: -12.6981  LR: 1.09e-07
  Epoch [199/200]  Batch [ 100/123]  Loss: -12.7098  LR: 1.09e-07
  Epoch [199/200]  Batch [ 110/123]  Loss: -12.7048  LR: 1.09e-07
  Epoch [199/200]  Batch [ 120/123]  Loss: -12.7091  LR: 1.09e-07

------------------------------------------------------------
  Epoch 199/200 complete  |  Avg Loss: -12.7028  |  LR: 2.73e-08
------------------------------------------------------------

  Epoch [200/200]  Batch [   0/123]  Loss: -12.7045  LR: 2.73e-08
  Epoch [200/200]  Batch [  10/123]  Loss: -12.7021  LR: 2.73e-08
  Epoch [200/200]  Batch [  20/123]  Loss: -12.7073  LR: 2.73e-08
  Epoch [200/200]  Batch [  30/123]  Loss: -12.7051  LR: 2.73e-08
  Epoch [200/200]  Batch [  40/123]  Loss: -12.7082  LR: 2.73e-08
  Epoch [200/200]  Batch [  50/123]  Loss: -12.7044  LR: 2.73e-08
  Epoch [200/200]  Batch [  60/123]  Loss: -12.7035  LR: 2.73e-08
  Epoch [200/200]  Batch [  70/123]  Loss: -12.7115  LR: 2.73e-08
  Epoch [200/200]  Batch [  80/123]  Loss: -12.6997  LR: 2.73e-08
  Epoch [200/200]  Batch [  90/123]  Loss: -12.7001  LR: 2.73e-08
  Epoch [200/200]  Batch [ 100/123]  Loss: -12.7030  LR: 2.73e-08
  Epoch [200/200]  Batch [ 110/123]  Loss: -12.7028  LR: 2.73e-08
  Epoch [200/200]  Batch [ 120/123]  Loss: -12.7069  LR: 2.73e-08

------------------------------------------------------------
  Epoch 200/200 complete  |  Avg Loss: -12.7041  |  LR: 0.00e+00
------------------------------------------------------------

========================================================
Finished : Thu Jul  9 01:27:35 IST 2026
Exit Code: 0
========================================================
