Filename,Status,Is_Correct,Mismatch_Rate,Blocks_Affected,Confidence,Error
Tp_D_CND_M_N_ani00018_sec00096_00138.tif,DETECTED,True,0.3379,767,0.9987,None
Tp_D_CND_M_N_art00076_art00077_10289.tif,DETECTED,True,0.3823,766,0.9974,None
Tp_D_CND_M_N_art00077_art00076_10290.tif,DETECTED,True,0.3952,768,1.0000,None
Tp_D_CND_S_N_ani00073_ani00068_00193.tif,DETECTED,True,0.0000,0,1.0000,None
Tp_D_CND_S_N_ind00078_ind00077_00476.tif,DETECTED,True,0.3673,764,0.9948,None
Tp_D_CND_S_N_txt00028_txt00006_10848.jpg,DETECTED,True,0.4298,768,1.0000,None
Tp_D_CNN_M_B_nat00056_nat00099_11105.jpg,DETECTED,True,0.2710,758,0.9870,None
Tp_D_CNN_M_B_nat10139_nat00059_11949.jpg,DETECTED,True,0.0000,0,1.0000,None
Tp_D_CNN_M_B_nat10139_nat00097_11948.jpg,DETECTED,True,0.0000,0,1.0000,None
Tp_D_CNN_M_N_ani00023_ani00024_10205.tif,DETECTED,True,0.3159,767,0.9987,None
Tp_D_CNN_M_N_ani00052_ani00054_11130.jpg,DETECTED,True,0.0000,0,1.0000,None
Tp_D_CNN_M_N_ani00057_ani00055_11149.jpg,DETECTED,True,0.3542,768,1.0000,None
Tp_D_CNN_M_N_arc00086_arc00086_00306.tif,DETECTED,True,0.0763,310,0.4036,None
Tp_D_CNN_M_N_art00052_arc00030_11853.jpg,DETECTED,True,0.0000,0,1.0000,None
Tp_D_CNN_M_N_cha00026_cha00028_11784.jpg,DETECTED,True,0.3283,761,0.9909,None
Tp_D_CNN_M_N_ind00091_ind00091_10647.jpg,DETECTED,True,0.2476,584,0.7604,None
Tp_D_CNN_M_N_ind00091_ind00091_10648.jpg,DETECTED,True,0.2469,566,0.7370,None
Tp_D_CNN_M_N_nat00013_cha00042_11093.jpg,DETECTED,True,0.2710,757,0.9857,None
Tp_D_CNN_M_N_nat00041_nat10123_11439.jpg,DETECTED,True,0.2898,746,0.9714,None
Tp_D_CNN_M_N_nat00077_nat00077_10574.jpg,DETECTED,True,0.0617,182,0.2370,None
Tp_D_CNN_M_N_nat00089_nat00062_10577.jpg,DETECTED,True,0.3149,733,0.9544,None
Tp_D_CNN_M_N_nat00089_nat00089_10576.jpg,DETECTED,True,0.1756,460,0.5990,None
Tp_D_CNN_M_N_nat00090_nat00090_10575.jpg,DETECTED,True,0.1869,533,0.6940,None
Tp_D_CNN_M_N_nat10139_nat00095_11947.jpg,DETECTED,True,0.0000,0,1.0000,None
Tp_D_CNN_M_N_nat10156_ani00024_12016.jpg,DETECTED,True,0.0000,0,1.0000,None
Tp_D_CNN_M_N_pla00042_pla00042_10976.jpg,DETECTED,True,0.2540,576,0.7500,None
Tp_D_CNN_M_N_sec00011_cha00085_11227.jpg,DETECTED,True,0.4367,766,0.9974,None
Tp_D_CNN_M_N_sec10107_sec10101_10299.tif,DETECTED,True,0.3697,300,1.0000,None
Tp_D_CNN_M_N_sec10110_sec10101_10298.tif,DETECTED,True,0.3882,299,0.9967,None
Tp_D_CNN_M_N_txt00049_txt00050_10374.tif,DETECTED,True,0.4146,768,1.0000,None
Tp_D_CNN_M_N_txt00054_txt00050_10375.tif,DETECTED,True,0.4089,768,1.0000,None
Tp_D_CNN_M_N_txt10109_txt10110_10816.jpg,DETECTED,True,0.0000,0,1.0000,None
Tp_D_CNN_S_B_art10110_cha10110_11564.jpg,DETECTED,True,0.3697,768,1.0000,None
Tp_D_CNN_S_B_cha00025_cha00025_00345.tif,DETECTED,True,0.0850,180,0.2344,None
Tp_D_CNN_S_B_ind00018_ind00089_00007.tif,DETECTED,True,0.0000,0,1.0000,None
Tp_D_CNN_S_B_sec00023_sec00022_00044.tif,DETECTED,True,0.3593,767,0.9987,None
Tp_D_CNN_S_B_txt00055_txt00047_11328.jpg,DETECTED,True,0.4165,768,1.0000,None
Tp_D_CNN_S_N_ani00053_ani00051_11148.jpg,DETECTED,True,0.4077,768,1.0000,None
Tp_D_CNN_S_N_ani00087_ani00088_10102.tif,DETECTED,True,0.0000,0,1.0000,None
Tp_D_CNN_S_N_ani10198_ani10197_12407.jpg,DETECTED,True,0.0000,0,1.0000,None
Tp_D_CNN_S_N_arc00020_arc00020_00240.tif,DETECTED,True,0.0208,74,0.0964,None
Tp_D_CNN_S_N_art00001_ani00074_10442.tif,DETECTED,True,0.0000,0,1.0000,None
Tp_D_CNN_S_N_art00007_art00008_01197.tif,DETECTED,True,0.3054,764,0.9948,None
Tp_D_CNN_S_N_art00011_art00014_11841.jpg,DETECTED,True,0.0000,0,1.0000,None
Tp_D_CNN_S_N_art00096_cha00063_10305.tif,DETECTED,True,0.3485,766,0.9974,None
Tp_D_CNN_S_N_cha00044_cha00043_00364.tif,DETECTED,True,0.3569,767,0.9987,None
Tp_D_CNN_S_N_cha10122_nat00059_12169.jpg,DETECTED,True,0.0000,0,1.0000,None
Tp_D_CNN_S_N_cha10122_nat10124_12167.jpg,DETECTED,True,0.0000,0,1.0000,None
Tp_D_CNN_S_N_cha10122_nat10139_12166.jpg,DETECTED,True,0.0000,0,1.0000,None
Tp_D_CNN_S_N_cha10172_cha10171_12283.jpg,DETECTED,True,0.0000,0,1.0000,None
Tp_D_CNN_S_N_cha10194_cha10192_12323.jpg,DETECTED,True,0.0000,0,1.0000,None
Tp_D_CNN_S_N_ind00005_ind00014_00424.tif,DETECTED,True,0.3580,767,0.9987,None
Tp_D_CNN_S_N_nat00035_nat00035_00649.tif,DETECTED,True,0.0172,47,0.0612,None
Tp_D_CNN_S_N_nat00060_nat00060_00667.tif,DETECTED,True,0.0141,52,0.0677,None
Tp_D_CNN_S_N_nat00094_nat00067_10612.jpg,DETECTED,True,0.0000,0,1.0000,None
Tp_D_CNN_S_N_nat00095_ani00017_10219.tif,DETECTED,True,0.2029,740,0.9635,None
Tp_D_CNN_S_N_nat10156_ani00097_12022.jpg,DETECTED,True,0.0000,0,1.0000,None
Tp_D_CNN_S_N_pla10114_ani00081_10429.tif,DETECTED,True,0.0000,0,1.0000,None
Tp_D_CNN_S_N_sec00042_ani00070_10541.tif,DETECTED,True,0.2986,758,0.9870,None
Tp_D_CNN_S_N_sec00042_ani00078_10495.tif,DETECTED,True,0.3057,755,0.9831,None
Tp_D_CNN_S_N_txt00043_txt00051_10378.tif,DETECTED,True,0.4025,768,1.0000,None
Tp_D_CNN_S_N_txt00051_txt00051_10376.tif,DETECTED,True,0.1054,236,0.3073,None
Tp_D_CNN_S_N_txt00052_txt00051_10377.tif,DETECTED,True,0.4091,768,1.0000,None
Tp_D_CNN_S_N_txt00054_txt00049_10371.tif,DETECTED,True,0.4114,768,1.0000,None
Tp_D_CNN_S_O_nat10153_ani00097_12135.jpg,DETECTED,True,0.0000,0,1.0000,None
Tp_D_CRD_M_B_arc10113_arc10112_10030.tif,DETECTED,True,0.3759,300,1.0000,None
Tp_D_CRD_M_B_nat00032_nat00033_10077.tif,DETECTED,True,0.3186,765,0.9961,None
Tp_D_CRD_M_B_sec00001_sec00003_10031.tif,DETECTED,True,0.4065,767,0.9987,None
Tp_D_CRD_M_N_arc00037_ani00005_10142.tif,DETECTED,True,0.3178,761,0.9909,None
Tp_D_CRD_M_N_arc10116_arc10116_10762.jpg,DETECTED,True,0.0439,219,0.1536,None
Tp_D_CRD_M_N_art00058_art00051_10534.tif,DETECTED,True,0.3134,764,0.9948,None
Tp_D_CRD_M_N_ind00091_ind00091_10645.jpg,DETECTED,True,0.0659,155,0.2018,None
Tp_D_CRD_M_N_ind00091_ind00091_10646.jpg,DETECTED,True,0.1048,267,0.3477,None
Tp_D_CRD_M_N_nat00048_nat00049_11067.jpg,DETECTED,True,0.2627,740,0.9635,None
Tp_D_CRD_M_N_txt00068_txt00065_10135.tif,DETECTED,True,0.4739,767,0.9987,None
Tp_D_CRD_M_N_txt00068_txt00065_10136.tif,DETECTED,True,0.4319,765,0.9961,None
Tp_D_CRD_S_B_ani00071_ani00064_00191.tif,DETECTED,True,0.3365,767,0.9987,None
Tp_D_CRD_S_B_cha00086_cha00065_00015.tif,DETECTED,True,0.0000,0,1.0000,None
Tp_D_CRD_S_B_cha00098_sec00082_00418.tif,DETECTED,True,0.3420,768,1.0000,None
Tp_D_CRD_S_B_sec00049_ani00047_00070.tif,DETECTED,True,0.0000,0,1.0000,None
Tp_D_CRD_S_B_sec20007_sec20007_01442.tif,DETECTED,True,0.0000,0,1.0000,None
Tp_D_CRD_S_N_ani00028_ani00058_00148.tif,DETECTED,True,0.0000,0,1.0000,None
Tp_D_CRD_S_N_ani00075_art00012_00195.tif,DETECTED,True,0.0000,0,1.0000,None
Tp_D_CRD_S_N_cha00059_cha00057_00379.tif,DETECTED,True,0.0000,0,1.0000,None
Tp_D_CRD_S_N_cha10211_cha10159_12333.jpg,DETECTED,True,0.3306,3253,0.9858,None
Tp_D_CRD_S_N_ind00005_ind00084_11751.jpg,DETECTED,True,0.3602,767,0.9987,None
Tp_D_CRD_S_N_ind00029_ind00088_00444.tif,DETECTED,True,0.3452,768,1.0000,None
Tp_D_CRD_S_N_ind00074_cha00049_00474.tif,DETECTED,True,0.3656,768,1.0000,None
Tp_D_CRD_S_N_ind00084_ind00024_00481.tif,DETECTED,True,0.0000,0,1.0000,None
Tp_D_CRD_S_N_sec00003_sec00007_00023.tif,DETECTED,True,0.4073,768,1.0000,None
Tp_D_CRD_S_N_sec00005_sec00003_00025.tif,DETECTED,True,0.3950,767,0.9987,None
Tp_D_CRD_S_N_sec00037_art00028_00058.tif,DETECTED,True,0.2868,739,0.9622,None
Tp_D_CRD_S_O_ani10103_ani10111_10637.jpg,DETECTED,True,0.0000,0,1.0000,None
Tp_D_CRD_S_O_ani10111_ani10103_10635.jpg,DETECTED,True,0.0000,0,1.0000,None
Tp_D_CRN_L_N_art00028_art00028_11282.jpg,DETECTED,True,0.1802,691,0.8997,None
Tp_D_CRN_L_N_nat00085_nat00086_10069.tif,DETECTED,True,0.2962,760,0.9896,None
Tp_D_CRN_M_B_ani00019_nat00013_11868.jpg,DETECTED,True,0.3183,767,0.9987,None
Tp_D_CRN_M_B_ani00046_ani00001_10100.tif,DETECTED,True,0.0000,0,1.0000,None
Tp_D_CRN_M_B_nat10143_nat00013_12037.jpg,DETECTED,True,0.0000,0,1.0000,None
Tp_D_CRN_M_B_nat10165_nat10164_12100.jpg,DETECTED,True,0.0000,0,1.0000,None
Tp_D_CRN_M_B_sec00085_arc00065_11450.jpg,DETECTED,True,0.3369,765,0.9961,None
Tp_D_CRN_M_N_ani00069_ani00041_10035.tif,DETECTED,True,0.2759,762,0.9922,None
Tp_D_CRN_M_N_ani00087_ani00081_10104.tif,DETECTED,True,0.3724,768,1.0000,None
Tp_D_CRN_M_N_ani00087_ani10101_10103.tif,DETECTED,True,0.0000,0,1.0000,None
Tp_D_CRN_M_N_ani00097_ani00001_10099.tif,DETECTED,True,0.2768,751,0.9779,None
Tp_D_CRN_M_N_ani00097_ani10101_10090.tif,DETECTED,True,0.0000,0,1.0000,None
Tp_D_CRN_M_N_ani00100_ani10101_10089.tif,DETECTED,True,0.0000,0,1.0000,None
Tp_D_CRN_M_N_ani10101_ani00081_10139.tif,DETECTED,True,0.0000,0,1.0000,None
Tp_D_CRN_M_N_ani10102_ani00097_10091.tif,DETECTED,True,0.0000,0,1.0000,None
Tp_D_CRN_M_N_ani10104_ani00097_10092.tif,DETECTED,True,0.0000,0,1.0000,None
Tp_D_CRN_M_N_ani10104_ani00100_10093.tif,DETECTED,True,0.0000,0,1.0000,None
Tp_D_CRN_M_N_ani10105_ani00100_10086.tif,DETECTED,True,0.0000,0,1.0000,None
Tp_D_CRN_M_N_ani10112_ani00100_11648.jpg,DETECTED,True,0.3762,768,1.0000,None
Tp_D_CRN_M_N_ani10112_ani10119_11624.jpg,DETECTED,True,0.3378,768,1.0000,None
Tp_D_CRN_M_N_ani10113_ani10119_11623.jpg,DETECTED,True,0.3324,767,0.9987,None
Tp_D_CRN_M_N_ani10116_ani00100_11643.jpg,DETECTED,True,0.3646,768,1.0000,None
Tp_D_CRN_M_N_ani10117_ani00100_11642.jpg,DETECTED,True,0.3719,768,1.0000,None
Tp_D_CRN_M_N_ani10118_ani00100_11638.jpg,DETECTED,True,0.3726,768,1.0000,None
Tp_D_CRN_M_N_ani10118_sec00098_11619.jpg,DETECTED,True,0.3209,766,0.9974,None
Tp_D_CRN_M_N_ani10119_ani00100_11641.jpg,DETECTED,True,0.3788,768,1.0000,None
Tp_D_CRN_M_N_ani10120_ani00100_11639.jpg,DETECTED,True,0.3770,768,1.0000,None
Tp_D_CRN_M_N_ani10120_sec00098_11632.jpg,DETECTED,True,0.3303,768,1.0000,None
Tp_D_CRN_M_N_ani10144_nat10139_12474.jpg,DETECTED,True,0.0000,0,1.0000,None
Tp_D_CRN_M_N_arc00008_nat10122_11773.jpg,DETECTED,True,0.3691,766,0.9974,None
Tp_D_CRN_M_N_arc00045_arc00046_10084.tif,DETECTED,True,0.3422,764,0.9948,None
Tp_D_CRN_M_N_arc00045_arc00071_10087.tif,DETECTED,True,0.0000,0,1.0000,None
Tp_D_CRN_M_N_arc00046_arc00045_10083.tif,DETECTED,True,0.3486,765,0.9961,None
Tp_D_CRN_M_N_arc00054_cha00085_11922.jpg,DETECTED,True,0.2577,746,0.9714,None
Tp_D_CRN_M_N_arc00071_arc00045_10085.tif,DETECTED,True,0.0000,0,1.0000,None
Tp_D_CRN_M_N_arc00073_arc00072_10267.tif,DETECTED,True,0.3357,743,0.9674,None
Tp_D_CRN_M_N_arc00088_arc00064_10394.tif,DETECTED,True,0.3551,762,0.9922,None
Tp_D_CRN_M_N_art00012_art00013_11812.jpg,DETECTED,True,0.0000,0,1.0000,None
Tp_D_CRN_M_N_art00014_art00013_11836.jpg,DETECTED,True,0.0000,0,1.0000,None
Tp_D_CRN_M_N_art00058_art00049_10529.tif,DETECTED,True,0.3146,757,0.9857,None
Tp_D_CRN_M_N_art00067_ani00093_11801.jpg,DETECTED,True,0.0000,0,1.0000,None
Tp_D_CRN_M_N_art00067_ani00095_11803.jpg,DETECTED,True,0.0000,0,1.0000,None
Tp_D_CRN_M_N_art00067_ani00096_11802.jpg,DETECTED,True,0.0000,0,1.0000,None
Tp_D_CRN_M_N_art00067_nat00013_11804.jpg,DETECTED,True,0.0000,0,1.0000,None
Tp_D_CRN_M_N_art00067_nat00059_11805.jpg,DETECTED,True,0.0000,0,1.0000,None
Tp_D_CRN_M_N_art00067_nat00095_11807.jpg,DETECTED,True,0.0000,0,1.0000,None
Tp_D_CRN_M_N_art00067_nat10122_11806.jpg,DETECTED,True,0.0000,0,1.0000,None
Tp_D_CRN_M_N_art00097_art00049_11758.jpg,DETECTED,True,0.3902,767,0.9987,None
Tp_D_CRN_M_N_art10107_cha10112_11582.jpg,DETECTED,True,0.3777,767,0.9987,None
Tp_D_CRN_M_N_art10112_cha00086_11672.jpg,DETECTED,True,0.0000,0,1.0000,None
Tp_D_CRN_M_N_art10113_cha00067_11650.jpg,DETECTED,True,0.3992,768,1.0000,None
Tp_D_CRN_M_N_art10115_cha00086_11526.jpg,DETECTED,True,0.0000,0,1.0000,None
Tp_D_CRN_M_N_cha00035_cha00040_11732.jpg,DETECTED,True,0.3739,768,1.0000,None
Tp_D_CRN_M_N_cha00050_cha00026_11787.jpg,DETECTED,True,0.3358,765,0.9961,None
Tp_D_CRN_M_N_cha00060_cha00040_11678.jpg,DETECTED,True,0.0000,0,1.0000,None
Tp_D_CRN_M_N_cha00062_cha00040_11020.jpg,DETECTED,True,0.0000,0,1.0000,None
Tp_D_CRN_M_N_cha00094_cha00086_11501.jpg,DETECTED,True,0.0000,0,1.0000,None
Tp_D_CRN_M_N_cha10108_cha00027_11666.jpg,DETECTED,True,0.0000,0,1.0000,None
Tp_D_CRN_M_N_cha10108_cha00040_11665.jpg,DETECTED,True,0.3552,767,0.9987,None
Tp_D_CRN_M_N_cha10137_art00021_12210.jpg,DETECTED,True,0.0000,0,1.0000,None
Tp_D_CRN_M_N_cha10162_nat10123_12253.jpg,DETECTED,True,0.0000,0,1.0000,None
Tp_D_CRN_M_N_cha10164_cha00026_12247.jpg,DETECTED,True,0.0000,0,1.0000,None
Tp_D_CRN_M_N_cha10166_nat10123_12273.jpg,DETECTED,True,0.0000,0,1.0000,None
Tp_D_CRN_M_N_cha10198_nat10123_12362.jpg,DETECTED,True,0.0000,0,1.0000,None
Tp_D_CRN_M_N_cha10198_nat10160_12365.jpg,DETECTED,True,0.0000,0,1.0000,None
Tp_D_CRN_M_N_ind00008_pla00050_10422.tif,DETECTED,True,0.0000,0,1.0000,None
Tp_D_CRN_M_N_ind00010_pla00050_10424.tif,DETECTED,True,0.0000,0,1.0000,None
Tp_D_CRN_M_N_nat00002_nat10124_11514.jpg,DETECTED,True,0.2450,751,0.9779,None
Tp_D_CRN_M_N_nat00008_art00025_11425.jpg,DETECTED,True,0.3176,759,0.9883,None
Tp_D_CRN_M_N_nat00019_nat00024_11047.jpg,DETECTED,True,0.2868,732,0.9531,None
Tp_D_CRN_M_N_nat00019_nat00028_11048.jpg,DETECTED,True,0.2673,716,0.9323,None
Tp_D_CRN_M_N_nat00032_art00025_11427.jpg,DETECTED,True,0.3368,765,0.9961,None
Tp_D_CRN_M_N_nat00038_art00021_11428.jpg,DETECTED,True,0.2989,755,0.9831,None
Tp_D_CRN_M_N_nat00041_nat00061_11438.jpg,DETECTED,True,0.2538,757,0.9857,None
Tp_D_CRN_M_N_nat00083_ani00001_10097.tif,DETECTED,True,0.2219,716,0.9323,None
Tp_D_CRN_M_N_nat00083_ani10101_10096.tif,DETECTED,True,0.0000,0,1.0000,None
Tp_D_CRN_M_N_nat00084_nat00033_10072.tif,DETECTED,True,0.2941,759,0.9883,None
Tp_D_CRN_M_N_nat00084_nat00086_10073.tif,DETECTED,True,0.2795,764,0.9948,None
Tp_D_CRN_M_N_nat00084_nat00095_10070.tif,DETECTED,True,0.2046,578,0.7526,None
Tp_D_CRN_M_N_nat00084_nat00099_10071.tif,DETECTED,True,0.2066,594,0.7734,None
Tp_D_CRN_M_N_nat00085_nat00073_10591.jpg,DETECTED,True,0.3541,764,0.9948,None
Tp_D_CRN_M_N_nat00086_nat00085_10068.tif,DETECTED,True,0.2867,762,0.9922,None
Tp_D_CRN_M_N_nat10116_cha00026_11674.jpg,DETECTED,True,0.0000,0,1.0000,None
Tp_D_CRN_M_N_nat10129_cha00086_11522.jpg,DETECTED,True,0.0000,0,1.0000,None
Tp_D_CRN_M_N_nat10130_cha00086_11523.jpg,DETECTED,True,0.3511,768,1.0000,None
Tp_D_CRN_M_N_nat10131_nat00059_11908.jpg,DETECTED,True,0.0000,0,1.0000,None
Tp_D_CRN_M_N_nat10131_nat00095_11907.jpg,DETECTED,True,0.0000,0,1.0000,None
Tp_D_CRN_M_N_nat10131_nat10124_11906.jpg,DETECTED,True,0.0000,0,1.0000,None
Tp_D_CRN_M_N_nat10139_nat10124_11946.jpg,DETECTED,True,0.0000,0,1.0000,None
Tp_D_CRN_M_N_nat10144_nat10125_11968.jpg,DETECTED,True,0.0000,0,1.0000,None
Tp_D_CRN_M_N_nat10149_nat00013_12004.jpg,DETECTED,True,0.0000,0,1.0000,None
Tp_D_CRN_M_N_nat10154_nat10138_12076.jpg,DETECTED,True,0.0000,0,1.0000,None
Tp_D_CRN_M_N_nat10154_nat10140_12075.jpg,DETECTED,True,0.0000,0,1.0000,None
Tp_D_CRN_M_N_nat10156_ani00001_12021.jpg,DETECTED,True,0.0000,0,1.0000,None
Tp_D_CRN_M_N_nat10157_nat00013_12048.jpg,DETECTED,True,0.0000,0,1.0000,None
Tp_D_CRN_M_N_nat10159_ani00021_12058.jpg,DETECTED,True,0.0000,0,1.0000,None
Tp_D_CRN_M_N_nat10160_nat10123_12068.jpg,DETECTED,True,0.0000,0,1.0000,None
Tp_D_CRN_M_N_nat10161_nat10157_12081.jpg,DETECTED,True,0.2802,1637,0.9744,None
Tp_D_CRN_M_N_nat10165_nat10164_12099.jpg,DETECTED,True,0.0000,0,1.0000,None
Tp_D_CRN_M_N_pla00010_pla00020_10001.tif,DETECTED,True,0.3895,768,1.0000,None
Tp_D_CRN_M_N_pla00026_pla00038_10147.tif,DETECTED,True,0.3815,768,1.0000,None
Tp_D_CRN_M_N_pla00035_pla00033_10997.jpg,DETECTED,True,0.0000,0,1.0000,None
Tp_D_CRN_M_N_pla00046_pla00025_10994.jpg,DETECTED,True,0.3829,768,1.0000,None
Tp_D_CRN_M_N_pla10110_ani00005_10118.tif,DETECTED,True,0.0000,0,1.0000,None
Tp_D_CRN_M_N_pla10110_sec00046_10119.tif,DETECTED,True,0.0000,0,1.0000,None
Tp_D_CRN_M_N_sec00015_cha00086_11400.jpg,DETECTED,True,0.0000,0,1.0000,None
Tp_D_CRN_M_N_txt00002_txt00032_10300.tif,DETECTED,True,0.3605,768,1.0000,None
Tp_D_CRN_M_N_txt00017_txt00063_10836.jpg,DETECTED,True,0.4753,768,1.0000,None
Tp_D_CRN_M_N_txt00050_txt00049_10368.tif,DETECTED,True,0.4146,768,1.0000,None
Tp_D_CRN_M_N_txt00063_txt00017_10835.jpg,DETECTED,True,0.4745,768,1.0000,None
Tp_D_CRN_M_O_ani00030_ani00079_10003.tif,DETECTED,True,0.3562,768,1.0000,None
Tp_D_CRN_M_O_ani00065_ani00041_10036.tif,DETECTED,True,0.2660,759,0.9883,None
Tp_D_CRN_M_O_ani00071_ani00013_10002.tif,DETECTED,True,0.0000,0,1.0000,None
Tp_D_CRN_M_O_arc00025_ani00039_10004.tif,DETECTED,True,0.0000,0,1.0000,None
Tp_D_CRN_M_O_arc00027_ani00030_10005.tif,DETECTED,True,0.3198,763,0.9935,None
Tp_D_CRN_M_O_art00010_art00009_10166.tif,DETECTED,True,0.0000,0,1.0000,None
Tp_D_CRN_M_O_art10113_art10112_11560.jpg,DETECTED,True,0.3868,768,1.0000,None
Tp_D_CRN_M_O_nat00013_ani00070_11413.jpg,DETECTED,True,0.3080,764,0.9948,None
Tp_D_CRN_M_O_nat10159_ani00001_12057.jpg,DETECTED,True,0.0000,0,1.0000,None
Tp_D_CRN_M_O_pla10102_ani10104_10028.tif,DETECTED,True,0.4001,330,1.0000,None
Tp_D_CRN_S_B_ani00014_ani00015_00134.tif,DETECTED,True,0.3403,761,0.9909,None
Tp_D_CRN_S_B_art00098_ani00070_01383.tif,DETECTED,True,0.0000,0,1.0000,None
Tp_D_CRN_S_B_art20030_art20032_02494.tif,DETECTED,True,0.0000,0,1.0000,None
Tp_D_CRN_S_B_cha00056_ani00070_00376.tif,DETECTED,True,0.2918,761,0.9909,None
Tp_D_CRN_S_B_cha00082_cha00050_00402.tif,DETECTED,True,0.0000,0,1.0000,None
Tp_D_CRN_S_B_cha00083_cha00065_00403.tif,DETECTED,True,0.3689,767,0.9987,None
Tp_D_CRN_S_B_cha00085_ani00064_00405.tif,DETECTED,True,0.0000,0,1.0000,None
Tp_D_CRN_S_B_cha00093_ani00061_00413.tif,DETECTED,True,0.3069,763,0.9935,None
Tp_D_CRN_S_B_ind00029_art00030_20103.jpg,DETECTED,True,0.0000,0,1.0000,None
Tp_D_CRN_S_B_nat00030_arc00029_20104.jpg,DETECTED,True,0.3616,763,0.9935,None
Tp_D_CRN_S_B_nat10153_ani00001_12136.jpg,DETECTED,True,0.0000,0,1.0000,None
Tp_D_CRN_S_B_pla00041_pla00040_10978.jpg,DETECTED,True,0.0000,0,1.0000,None
Tp_D_CRN_S_B_pla00071_pla00070_11214.jpg,DETECTED,True,0.3679,767,0.9987,None
Tp_D_CRN_S_B_sec00004_ind00069_00024.tif,DETECTED,True,0.0000,0,1.0000,None
Tp_D_CRN_S_B_sec00050_sec00055_11246.jpg,DETECTED,True,0.4185,768,1.0000,None
Tp_D_CRN_S_B_sec00093_sec00098_00113.tif,DETECTED,True,0.0000,0,1.0000,None
Tp_D_CRN_S_N_ani00008_ani00011_10221.tif,DETECTED,True,0.3195,766,0.9974,None
Tp_D_CRN_S_N_ani00019_ani00055_11862.jpg,DETECTED,True,0.3756,768,1.0000,None
Tp_D_CRN_S_N_ani00050_ani00019_11856.jpg,DETECTED,True,0.3809,768,1.0000,None
Tp_D_CRN_S_N_ani00054_ani00019_11859.jpg,DETECTED,True,0.0000,0,1.0000,None
Tp_D_CRN_S_N_ani00055_ani00019_11860.jpg,DETECTED,True,0.3718,768,1.0000,None
Tp_D_CRN_S_N_ani10116_sec00098_11616.jpg,DETECTED,True,0.3160,766,0.9974,None
Tp_D_CRN_S_N_ani10120_ani00100_11618.jpg,DETECTED,True,0.3768,768,1.0000,None
Tp_D_CRN_S_N_ani10120_sec00098_11614.jpg,DETECTED,True,0.3290,767,0.9987,None
Tp_D_CRN_S_N_ani10121_sec00098_11615.jpg,DETECTED,True,0.3452,767,0.9987,None
Tp_D_CRN_S_N_ani10151_ani10206_12489.jpg,DETECTED,True,0.0000,0,1.0000,None
Tp_D_CRN_S_N_ani10158_ani10136_12481.jpg,DETECTED,True,0.0000,0,1.0000,None
Tp_D_CRN_S_N_ani10181_ani10206_12426.jpg,DETECTED,True,0.0000,0,1.0000,None
Tp_D_CRN_S_N_ani10182_ani10206_12423.jpg,DETECTED,True,0.0000,0,1.0000,None
Tp_D_CRN_S_N_ani10184_ani10206_12421.jpg,DETECTED,True,0.0000,0,1.0000,None
Tp_D_CRN_S_N_ani10189_ani00058_12432.jpg,DETECTED,True,0.0000,0,1.0000,None
Tp_D_CRN_S_N_ani10191_ani10190_12437.jpg,DETECTED,True,0.0000,0,1.0000,None
Tp_D_CRN_S_N_ani10205_ani10206_12417.jpg,DETECTED,True,0.0000,0,1.0000,None
Tp_D_CRN_S_N_arc00008_ani00070_11774.jpg,DETECTED,True,0.3654,768,1.0000,None
Tp_D_CRN_S_N_arc00030_pla00026_10066.tif,DETECTED,True,0.0000,0,1.0000,None
Tp_D_CRN_S_N_arc00059_art00049_11823.jpg,DETECTED,True,0.3083,766,0.9974,None
Tp_D_CRN_S_N_art00005_art00005_00497.tif,DETECTED,True,0.0199,48,0.0625,None
Tp_D_CRN_S_N_art00011_art00092_11840.jpg,DETECTED,True,0.0000,0,1.0000,None
Tp_D_CRN_S_N_art00027_art00013_00695.tif,DETECTED,True,0.3796,766,0.9974,None
Tp_D_CRN_S_N_art00067_art00092_11808.jpg,DETECTED,True,0.3404,763,0.9935,None
Tp_D_CRN_S_N_art00081_ani00098_00491.tif,DETECTED,True,0.0000,0,1.0000,None
Tp_D_CRN_S_N_art10111_art10112_11563.jpg,DETECTED,True,0.3769,768,1.0000,None
Tp_D_CRN_S_N_art20026_art20025_01832.tif,DETECTED,True,0.0000,0,1.0000,None
Tp_D_CRN_S_N_cha00026_art00013_00500.tif,DETECTED,True,0.0000,0,1.0000,None
Tp_D_CRN_S_N_cha00028_art00013_00499.tif,DETECTED,True,0.0000,0,1.0000,None
Tp_D_CRN_S_N_cha00029_art00013_00501.tif,DETECTED,True,0.0000,0,1.0000,None
Tp_D_CRN_S_N_cha00036_art00053_11741.jpg,DETECTED,True,0.3940,768,1.0000,None
Tp_D_CRN_S_N_cha00036_art00076_11740.jpg,DETECTED,True,0.3783,766,0.9974,None
Tp_D_CRN_S_N_cha00053_art00014_11817.jpg,DETECTED,True,0.0000,0,1.0000,None
Tp_D_CRN_S_N_cha00055_ani00013_00375.tif,DETECTED,True,0.0000,0,1.0000,None
Tp_D_CRN_S_N_cha00063_art00014_11818.jpg,DETECTED,True,0.0000,0,1.0000,None
Tp_D_CRN_S_N_cha00067_art00014_11821.jpg,DETECTED,True,0.0000,0,1.0000,None
Tp_D_CRN_S_N_cha00071_art00014_11819.jpg,DETECTED,True,0.0000,0,1.0000,None
Tp_D_CRN_S_N_cha00071_art00092_11783.jpg,DETECTED,True,0.0000,0,1.0000,None
Tp_D_CRN_S_N_cha00075_cha00086_10868.jpg,DETECTED,True,0.0000,0,1.0000,None
Tp_D_CRN_S_N_cha00078_ani00013_00398.tif,DETECTED,True,0.3602,768,1.0000,None
Tp_D_CRN_S_N_cha00093_ani00081_10408.tif,DETECTED,True,0.3360,767,0.9987,None
Tp_D_CRN_S_N_cha10122_nat10123_12168.jpg,DETECTED,True,0.0000,0,1.0000,None
Tp_D_CRN_S_N_cha10130_art00092_12187.jpg,DETECTED,True,0.0000,0,1.0000,None
Tp_D_CRN_S_N_cha10141_cha00086_12234.jpg,DETECTED,True,0.0000,0,1.0000,None
Tp_D_CRN_S_N_cha10142_cha00086_12235.jpg,DETECTED,True,0.0000,0,1.0000,None
Tp_D_CRN_S_N_cha10149_cha10148_12225.jpg,DETECTED,True,0.0000,0,1.0000,None
Tp_D_CRN_S_N_cha10150_cha00040_12221.jpg,DETECTED,True,0.0000,0,1.0000,None
Tp_D_CRN_S_N_cha10159_cha00086_12329.jpg,DETECTED,True,0.0000,0,1.0000,None
Tp_D_CRN_S_N_cha10168_cha10166_12300.jpg,DETECTED,True,0.0000,0,1.0000,None
Tp_D_CRN_S_N_cha10169_cha10171_12290.jpg,DETECTED,True,0.0000,0,1.0000,None
Tp_D_CRN_S_N_cha10186_cha00086_12312.jpg,DETECTED,True,0.0000,0,1.0000,None
Tp_D_CRN_S_N_cha10188_cha00086_12306.jpg,DETECTED,True,0.0000,0,1.0000,None
Tp_D_CRN_S_N_cha10208_cha10207_12342.jpg,DETECTED,True,0.0000,0,1.0000,None
Tp_D_CRN_S_N_ind00006_art00076_11745.jpg,DETECTED,True,0.3669,765,0.9961,None
Tp_D_CRN_S_N_ind00060_ind00062_10700.jpg,DETECTED,True,0.0000,0,1.0000,None
Tp_D_CRN_S_N_ind00087_ind00084_11750.jpg,DETECTED,True,0.3601,768,1.0000,None
Tp_D_CRN_S_N_ind00089_ind00088_00484.tif,DETECTED,True,0.0000,0,1.0000,None
Tp_D_CRN_S_N_ind00100_cha00026_00489.tif,DETECTED,True,0.0000,0,1.0000,None
Tp_D_CRN_S_N_nat00004_art00025_11426.jpg,DETECTED,True,0.3155,764,0.9948,None
Tp_D_CRN_S_N_nat00033_cha00086_11502.jpg,DETECTED,True,0.0000,0,1.0000,None
Tp_D_CRN_S_N_nat00099_ani00017_10220.tif,DETECTED,True,0.2773,764,0.9948,None
Tp_D_CRN_S_N_nat00099_nat00061_10074.tif,DETECTED,True,0.2455,758,0.9870,None
Tp_D_CRN_S_N_nat00099_nat00061_10075.tif,DETECTED,True,0.2429,760,0.9896,None
Tp_D_CRN_S_N_nat10108_sec00097_11696.jpg,DETECTED,True,0.3805,768,1.0000,None
Tp_D_CRN_S_N_nat10113_ani00070_11482.jpg,DETECTED,True,0.3433,768,1.0000,None
Tp_D_CRN_S_N_nat10128_ani00070_11539.jpg,DETECTED,True,0.3456,767,0.9987,None
Tp_D_CRN_S_N_nat10129_ani00100_11644.jpg,DETECTED,True,0.3766,768,1.0000,None
Tp_D_CRN_S_N_nat10130_pla00049_11524.jpg,DETECTED,True,0.0000,0,1.0000,None
Tp_D_CRN_S_N_nat10145_ani00022_11986.jpg,DETECTED,True,0.0000,0,1.0000,None
Tp_D_CRN_S_N_nat10145_ani00037_11983.jpg,DETECTED,True,0.0000,0,1.0000,None
Tp_D_CRN_S_N_nat10145_ani00099_11990.jpg,DETECTED,True,0.0000,0,1.0000,None
Tp_D_CRN_S_N_nat10156_ani00037_12017.jpg,DETECTED,True,0.0000,0,1.0000,None
Tp_D_CRN_S_N_nat10156_ani00099_12024.jpg,DETECTED,True,0.0000,0,1.0000,None
Tp_D_CRN_S_N_nat10159_ani00005_12053.jpg,DETECTED,True,0.0000,0,1.0000,None
Tp_D_CRN_S_N_nat10159_ani00037_12060.jpg,DETECTED,True,0.0000,0,1.0000,None
Tp_D_CRN_S_N_nat10159_ani00097_12063.jpg,DETECTED,True,0.0000,0,1.0000,None
Tp_D_CRN_S_N_nat10161_art00021_12084.jpg,DETECTED,True,0.0000,0,1.0000,None
Tp_D_CRN_S_N_nat10163_sec00097_12089.jpg,DETECTED,True,0.0000,0,1.0000,None
Tp_D_CRN_S_N_nat10164_ani00005_12093.jpg,DETECTED,True,0.0000,0,1.0000,None
Tp_D_CRN_S_N_nat10169_ani00097_12111.jpg,DETECTED,True,0.0000,0,1.0000,None
Tp_D_CRN_S_N_pla00006_pla00005_10943.jpg,DETECTED,True,0.3880,768,1.0000,None
Tp_D_CRN_S_N_pla00006_pla00007_10942.jpg,DETECTED,True,0.0000,0,1.0000,None
Tp_D_CRN_S_N_pla00019_pla00020_10954.jpg,DETECTED,True,0.3350,764,0.9948,None
Tp_D_CRN_S_N_pla00023_pla00024_10953.jpg,DETECTED,True,0.3792,768,1.0000,None
Tp_D_CRN_S_N_pla00037_ani00013_00572.tif,DETECTED,True,0.3737,768,1.0000,None
Tp_D_CRN_S_N_pla00037_pla00038_10064.tif,DETECTED,True,0.3794,768,1.0000,None
Tp_D_CRN_S_N_pla00044_pla00044_10974.jpg,DETECTED,True,0.0339,66,0.0859,None
Tp_D_CRN_S_N_pla00100_sec00097_11289.jpg,DETECTED,True,0.3977,768,1.0000,None
Tp_D_CRN_S_N_pla10121_sec00097_11692.jpg,DETECTED,True,0.4144,768,1.0000,None
Tp_D_CRN_S_N_sec00014_cha00086_11402.jpg,DETECTED,True,0.0000,0,1.0000,None
Tp_D_CRN_S_N_sec00022_art00076_11743.jpg,DETECTED,True,0.3724,767,0.9987,None
Tp_D_CRN_S_N_sec00023_ind00043_10887.jpg,DETECTED,True,0.0000,0,1.0000,None
Tp_D_CRN_S_N_sec00040_cha00086_11406.jpg,DETECTED,True,0.0000,0,1.0000,None
Tp_D_CRN_S_N_sec00041_sec00034_11251.jpg,DETECTED,True,0.3724,767,0.9987,None
Tp_D_CRN_S_N_sec00052_sec00055_11238.jpg,DETECTED,True,0.4119,768,1.0000,None
Tp_D_CRN_S_N_sec00054_sec00055_11235.jpg,DETECTED,True,0.4021,768,1.0000,None
Tp_D_CRN_S_N_sec00058_art00002_00079.tif,DETECTED,True,0.0000,0,1.0000,None
Tp_D_CRN_S_N_sec00061_sec00097_11694.jpg,DETECTED,True,0.3876,768,1.0000,None
Tp_D_CRN_S_N_sec00071_art00028_11281.jpg,DETECTED,True,0.0000,0,1.0000,None
Tp_D_CRN_S_N_sec00072_cha00026_00093.tif,DETECTED,True,0.0000,0,1.0000,None
Tp_D_CRN_S_N_sec00074_pla00084_00095.tif,DETECTED,True,0.0000,0,1.0000,None
Tp_D_CRN_S_N_sec00077_art00039_00098.tif,DETECTED,True,0.3153,765,0.9961,None
Tp_D_CRN_S_N_sec00097_txt00070_11317.jpg,DETECTED,True,0.3800,768,1.0000,None
Tp_D_CRN_S_N_txt00039_txt00041_10828.jpg,DETECTED,True,0.3777,767,0.9987,None
Tp_D_CRN_S_N_txt00041_txt00039_10829.jpg,DETECTED,True,0.3693,767,0.9987,None
Tp_D_CRN_S_N_txt00047_txt00048_11320.jpg,DETECTED,True,0.4243,768,1.0000,None
Tp_D_CRN_S_N_txt00055_txt00048_11329.jpg,DETECTED,True,0.4322,768,1.0000,None
Tp_D_CRN_S_N_txt00073_txt00071_11303.jpg,DETECTED,True,0.4360,764,0.9948,None
Tp_D_CRN_S_N_txt00077_txt00082_11295.jpg,DETECTED,True,0.3901,768,1.0000,None
Tp_D_CRN_S_O_ani10103_ani10111_10636.jpg,DETECTED,True,0.0000,0,1.0000,None
Tp_D_CRN_S_O_ani10180_ani10206_12425.jpg,DETECTED,True,0.0000,0,1.0000,None
Tp_D_CRN_S_O_cha00029_ani00068_10041.tif,DETECTED,True,0.0000,0,1.0000,None
Tp_D_CRN_S_O_cha00030_ani00068_10042.tif,DETECTED,True,0.0000,0,1.0000,None
Tp_D_CRN_S_O_cha00099_ani00061_10045.tif,DETECTED,True,0.3261,762,0.9922,None
Tp_D_CRN_S_O_nat10159_ani00024_12062.jpg,DETECTED,True,0.0000,0,1.0000,None
Tp_D_NND_L_B_arc00033_nat00095_00253.tif,DETECTED,True,0.3010,715,0.9310,None
Tp_D_NND_L_B_arc00072_nat00097_00292.tif,DETECTED,True,0.2610,750,0.9766,None
Tp_D_NND_L_N_ani00070_nat00099_10503.tif,DETECTED,True,0.0865,220,0.2865,None
Tp_D_NND_M_B_arc00097_arc00086_00317.tif,DETECTED,True,0.2927,723,0.9414,None
Tp_D_NND_M_B_cha00094_cha00095_11445.jpg,DETECTED,True,0.3813,768,1.0000,None
Tp_D_NND_M_B_nat20098_nat20073_01602.tif,DETECTED,True,0.0000,0,1.0000,None
Tp_D_NND_M_B_sec00077_txt00059_10387.tif,DETECTED,True,0.4213,768,1.0000,None
Tp_D_NND_M_B_sec00077_txt00065_10388.tif,DETECTED,True,0.2974,766,0.9974,None
Tp_D_NND_M_B_sec00098_nat00033_00118.tif,DETECTED,True,0.3104,763,0.9935,None
Tp_D_NND_M_B_sec20062_arc20001_02136.tif,DETECTED,True,0.0000,0,1.0000,None
Tp_D_NND_M_N_arc00048_arc00086_00268.tif,DETECTED,True,0.3313,754,0.9818,None
Tp_D_NND_M_N_arc00049_arc00092_00269.tif,DETECTED,True,0.3255,740,0.9635,None
Tp_D_NND_M_N_arc00058_arc00086_00278.tif,DETECTED,True,0.3258,744,0.9688,None
Tp_D_NND_M_N_nat20025_arc20001_02225.tif,DETECTED,True,0.0000,0,1.0000,None
Tp_D_NND_M_N_pla00085_pla00086_00012.tif,DETECTED,True,0.0000,0,1.0000,None
Tp_D_NND_M_N_txt00099_nat00059_11124.jpg,DETECTED,True,0.2343,541,0.7044,None
Tp_D_NND_M_O_cha00097_txt00033_10171.tif,DETECTED,True,0.3305,764,0.9948,None
Tp_D_NND_M_O_txt00033_cha00097_10172.tif,DETECTED,True,0.2869,755,0.9831,None
Tp_D_NND_S_B_ind00003_cha00040_00423.tif,DETECTED,True,0.3719,767,0.9987,None
Tp_D_NND_S_B_pla20083_pla20084_02358.tif,DETECTED,True,0.2379,3663,0.9768,None
Tp_D_NND_S_N_cha00010_arc00086_00330.tif,DETECTED,True,0.3340,733,0.9544,None
Tp_D_NND_S_N_cha10144_cha10146_12230.jpg,DETECTED,True,0.0000,0,1.0000,None
Tp_D_NND_S_N_ind00016_ind00017_00432.tif,DETECTED,True,0.3875,767,0.9987,None
Tp_D_NND_S_N_nat00011_nat00007_00631.tif,DETECTED,True,0.2994,749,0.9753,None
Tp_D_NND_S_N_nat00015_cha00096_00634.tif,DETECTED,True,0.3430,766,0.9974,None
Tp_D_NND_S_N_sec00060_sec00059_11270.jpg,DETECTED,True,0.3497,761,0.9909,None
Tp_D_NND_S_N_sec00071_ind00084_11275.jpg,DETECTED,True,0.3699,767,0.9987,None
Tp_D_NND_S_N_txt00061_txt00083_10825.jpg,DETECTED,True,0.3915,768,1.0000,None
Tp_D_NND_S_N_txt00062_txt00083_10824.jpg,DETECTED,True,0.3970,768,1.0000,None
Tp_D_NNN_L_B_ani00070_nat00099_00190.tif,DETECTED,True,0.0879,219,0.2852,None
Tp_D_NNN_L_B_arc00032_nat00095_00252.tif,DETECTED,True,0.2556,618,0.8047,None
Tp_D_NNN_L_B_arc00038_nat00007_00258.tif,DETECTED,True,0.3484,744,0.9688,None
Tp_D_NNN_L_N_ani00010_nat00095_10218.tif,DETECTED,True,0.0435,82,0.1068,None
Tp_D_NNN_L_N_ani00010_nat00099_10217.tif,DETECTED,True,0.0368,81,0.1055,None
Tp_D_NNN_L_N_arc00011_ani00058_00231.tif,DETECTED,True,0.3372,601,0.7826,None
Tp_D_NNN_L_N_cha00074_txt00068_10193.tif,DETECTED,True,0.4290,768,1.0000,None
Tp_D_NNN_L_N_txt00068_cha00074_10194.tif,DETECTED,True,0.3997,768,1.0000,None
Tp_D_NNN_L_O_ani00001_nat00037_00121.tif,DETECTED,True,0.0576,132,0.1719,None
Tp_D_NNN_L_O_sec00062_nat00083_00083.tif,DETECTED,True,0.1623,397,0.5169,None
Tp_D_NNN_M_B_arc00040_nat00070_00260.tif,DETECTED,True,0.2898,685,0.8919,None
Tp_D_NNN_M_B_arc00054_nat10136_11920.jpg,DETECTED,True,0.0000,0,1.0000,None
Tp_D_NNN_M_B_arc00073_nat00095_00293.tif,DETECTED,True,0.2834,732,0.9531,None
Tp_D_NNN_M_B_arc00082_nat00099_00302.tif,DETECTED,True,0.2406,668,0.8698,None
Tp_D_NNN_M_B_arc10117_arc10115_10744.jpg,DETECTED,True,0.2607,1409,0.9881,None
Tp_D_NNN_M_B_arc20101_arc20001_02184.tif,DETECTED,True,0.0000,0,1.0000,None
Tp_D_NNN_M_B_art00023_nat00095_11877.jpg,DETECTED,True,0.3985,751,0.9779,None
Tp_D_NNN_M_B_art00037_txt10112_10108.tif,DETECTED,True,0.0000,0,1.0000,None
Tp_D_NNN_M_B_art00049_nat00013_11764.jpg,DETECTED,True,0.2997,765,0.9961,None
Tp_D_NNN_M_B_art00052_arc00023_11851.jpg,DETECTED,True,0.2537,626,0.8151,None
Tp_D_NNN_M_B_art00052_nat00059_11847.jpg,DETECTED,True,0.2417,626,0.8151,None
Tp_D_NNN_M_B_art00069_nat00013_11844.jpg,DETECTED,True,0.0000,0,1.0000,None
Tp_D_NNN_M_B_art00069_nat00095_11843.jpg,DETECTED,True,0.0000,0,1.0000,None
Tp_D_NNN_M_B_art10110_nat00097_11568.jpg,DETECTED,True,0.2238,649,0.8451,None
Tp_D_NNN_M_B_cha00089_cha00082_10198.tif,DETECTED,True,0.3626,768,1.0000,None
Tp_D_NNN_M_B_cha10198_nat10160_12364.jpg,DETECTED,True,0.0000,0,1.0000,None
Tp_D_NNN_M_B_nat00004_nat00059_11487.jpg,DETECTED,True,0.3024,763,0.9935,None
Tp_D_NNN_M_B_nat00004_nat00095_11488.jpg,DETECTED,True,0.2564,752,0.9792,None
Tp_D_NNN_M_B_nat00004_nat00097_11486.jpg,DETECTED,True,0.2607,757,0.9857,None
Tp_D_NNN_M_B_nat00022_nat00031_00640.tif,DETECTED,True,0.3346,735,0.9570,None
Tp_D_NNN_M_B_nat00060_nat00062_11106.jpg,DETECTED,True,0.1729,492,0.6406,None
Tp_D_NNN_M_B_nat00085_nat00097_11285.jpg,DETECTED,True,0.2184,671,0.8737,None
Tp_D_NNN_M_B_nat00086_nat00097_11284.jpg,DETECTED,True,0.2588,758,0.9870,None
Tp_D_NNN_M_B_nat10106_nat00097_11352.jpg,DETECTED,True,0.2952,765,0.9961,None
Tp_D_NNN_M_B_nat10128_ani00058_11541.jpg,DETECTED,True,0.3440,767,0.9987,None
Tp_D_NNN_M_B_nat10128_nat00086_11538.jpg,DETECTED,True,0.3190,767,0.9987,None
Tp_D_NNN_M_B_nat10128_nat00099_11537.jpg,DETECTED,True,0.3154,765,0.9961,None
Tp_D_NNN_M_B_nat10161_nat10159_12082.jpg,DETECTED,True,0.0000,0,1.0000,None
Tp_D_NNN_M_B_sec00015_sec00082_00036.tif,DETECTED,True,0.3479,768,1.0000,None
Tp_D_NNN_M_B_sec00028_nat00007_00049.tif,DETECTED,True,0.3674,762,0.9922,None
Tp_D_NNN_M_B_sec00036_nat00035_20123.tif,DETECTED,True,0.2596,646,0.8411,None
Tp_D_NNN_M_B_sec20045_arc20001_02127.tif,DETECTED,True,0.0000,0,1.0000,None
Tp_D_NNN_M_B_txt00052_txt00051_10380.tif,DETECTED,True,0.4101,768,1.0000,None
Tp_D_NNN_M_N_ani00019_nat00059_11864.jpg,DETECTED,True,0.3204,768,1.0000,None
Tp_D_NNN_M_N_ani00019_nat00095_11863.jpg,DETECTED,True,0.2999,744,0.9688,None
Tp_D_NNN_M_N_ani00019_nat10122_11865.jpg,DETECTED,True,0.3081,705,0.9180,None
Tp_D_NNN_M_N_ani00051_ani00054_11131.jpg,DETECTED,True,0.0000,0,1.0000,None
Tp_D_NNN_M_N_ani00086_nat00059_11126.jpg,DETECTED,True,0.3009,760,0.9896,None
Tp_D_NNN_M_N_ani10132_ani10123_12477.jpg,DETECTED,True,0.0000,0,1.0000,None
Tp_D_NNN_M_N_arc00008_cha00050_11769.jpg,DETECTED,True,0.0000,0,1.0000,None
Tp_D_NNN_M_N_arc00008_cha00063_11763.jpg,DETECTED,True,0.3622,768,1.0000,None
Tp_D_NNN_M_N_arc00008_cha00070_11767.jpg,DETECTED,True,0.3748,768,1.0000,None
Tp_D_NNN_M_N_arc00008_nat00059_11772.jpg,DETECTED,True,0.3467,764,0.9948,None
Tp_D_NNN_M_N_arc00010_nat00002_00230.tif,DETECTED,True,0.3307,754,0.9818,None
Tp_D_NNN_M_N_arc00050_arc00086_00270.tif,DETECTED,True,0.3229,728,0.9479,None
Tp_D_NNN_M_N_arc00054_arc00005_10006.tif,DETECTED,True,0.3850,767,0.9987,None
Tp_D_NNN_M_N_arc00054_nat00059_11934.jpg,DETECTED,True,0.2805,767,0.9987,None
Tp_D_NNN_M_N_arc00061_nat00074_10448.tif,DETECTED,True,0.3808,768,1.0000,None
Tp_D_NNN_M_N_arc00061_nat00099_10447.tif,DETECTED,True,0.3709,768,1.0000,None
Tp_D_NNN_M_N_arc00065_nat00095_11455.jpg,DETECTED,True,0.2512,646,0.8411,None
Tp_D_NNN_M_N_arc00065_nat00097_11453.jpg,DETECTED,True,0.2262,603,0.7852,None
Tp_D_NNN_M_N_arc00065_nat10124_11454.jpg,DETECTED,True,0.2471,615,0.8008,None
Tp_D_NNN_M_N_arc00068_arc00075_00288.tif,DETECTED,True,0.0000,0,1.0000,None
Tp_D_NNN_M_N_arc00069_nat00097_11207.jpg,DETECTED,True,0.2469,750,0.9766,None
Tp_D_NNN_M_N_arc00070_arc00072_00290.tif,DETECTED,True,0.2839,720,0.9375,None
Tp_D_NNN_M_N_arc00096_nat00059_11799.jpg,DETECTED,True,0.2842,762,0.9922,None
Tp_D_NNN_M_N_arc10115_arc10117_10763.jpg,DETECTED,True,0.2382,1312,0.9201,None
Tp_D_NNN_M_N_arc10120_nat10156_12144.jpg,DETECTED,True,0.3546,2397,0.9988,None
Tp_D_NNN_M_N_art00023_nat00013_11876.jpg,DETECTED,True,0.3624,712,0.9271,None
Tp_D_NNN_M_N_art00023_nat00059_11875.jpg,DETECTED,True,0.3887,766,0.9974,None
Tp_D_NNN_M_N_art00023_nat10122_11873.jpg,DETECTED,True,0.3759,726,0.9453,None
Tp_D_NNN_M_N_art00034_nat00059_11871.jpg,DETECTED,True,0.3042,757,0.9857,None
Tp_D_NNN_M_N_art00037_nat10103_10107.tif,DETECTED,True,0.0000,0,1.0000,None
Tp_D_NNN_M_N_art00037_pla10110_10106.tif,DETECTED,True,0.0000,0,1.0000,None
Tp_D_NNN_M_N_art00049_cha00026_11789.jpg,DETECTED,True,0.0000,0,1.0000,None
Tp_D_NNN_M_N_art00049_cha00070_11790.jpg,DETECTED,True,0.3577,767,0.9987,None
Tp_D_NNN_M_N_art00049_nat00095_11766.jpg,DETECTED,True,0.2678,754,0.9818,None
Tp_D_NNN_M_N_art00049_nat10122_11765.jpg,DETECTED,True,0.3116,741,0.9648,None
Tp_D_NNN_M_N_art00052_arc00024_11852.jpg,DETECTED,True,0.2627,623,0.8112,None
Tp_D_NNN_M_N_art00052_nat00013_11848.jpg,DETECTED,True,0.2422,631,0.8216,None
Tp_D_NNN_M_N_art00052_nat00095_11850.jpg,DETECTED,True,0.2660,645,0.8398,None
Tp_D_NNN_M_N_art00069_nat00059_11846.jpg,DETECTED,True,0.0000,0,1.0000,None
Tp_D_NNN_M_N_art00069_nat10122_11845.jpg,DETECTED,True,0.0000,0,1.0000,None
Tp_D_NNN_M_N_art00088_txt00002_10327.tif,DETECTED,True,0.0000,0,1.0000,None
Tp_D_NNN_M_N_art00088_txt00098_10326.tif,DETECTED,True,0.0000,0,1.0000,None
Tp_D_NNN_M_N_art00099_cha00050_11760.jpg,DETECTED,True,0.0000,0,1.0000,None
Tp_D_NNN_M_N_art10110_nat00059_11569.jpg,DETECTED,True,0.2961,761,0.9909,None
Tp_D_NNN_M_N_art10115_cha00070_11525.jpg,DETECTED,True,0.3498,767,0.9987,None
Tp_D_NNN_M_N_cha00007_cha00006_11161.jpg,DETECTED,True,0.3365,765,0.9961,None
Tp_D_NNN_M_N_cha00031_ani10101_10048.tif,DETECTED,True,0.0000,0,1.0000,None
Tp_D_NNN_M_N_cha00067_cha00040_11670.jpg,DETECTED,True,0.3715,768,1.0000,None
Tp_D_NNN_M_N_cha00074_txt00068_10192.tif,DETECTED,True,0.4441,768,1.0000,None
Tp_D_NNN_M_N_cha00082_cha00089_10200.tif,DETECTED,True,0.3638,767,0.9987,None
Tp_D_NNN_M_N_cha10123_cha10127_12191.jpg,DETECTED,True,0.0000,0,1.0000,None
Tp_D_NNN_M_N_cha10166_nat10142_12271.jpg,DETECTED,True,0.0000,0,1.0000,None
Tp_D_NNN_M_N_cha10166_nat10156_12272.jpg,DETECTED,True,0.0000,0,1.0000,None
Tp_D_NNN_M_N_cha10168_cha10140_12301.jpg,DETECTED,True,0.0000,0,1.0000,None
Tp_D_NNN_M_N_cha10180_cha00070_12294.jpg,DETECTED,True,0.0000,0,1.0000,None
Tp_D_NNN_M_N_nat00002_nat00097_11511.jpg,DETECTED,True,0.1382,464,0.6042,None
Tp_D_NNN_M_N_nat00009_cha00062_11395.jpg,DETECTED,True,0.0000,0,1.0000,None
Tp_D_NNN_M_N_nat00009_nat00013_11092.jpg,DETECTED,True,0.2370,619,0.8060,None
Tp_D_NNN_M_N_nat00026_nat00028_11036.jpg,DETECTED,True,0.0000,0,1.0000,None
Tp_D_NNN_M_N_nat00033_cha00062_11380.jpg,DETECTED,True,0.0000,0,1.0000,None
Tp_D_NNN_M_N_nat00048_nat00053_11076.jpg,DETECTED,True,0.2990,761,0.9909,None
Tp_D_NNN_M_N_nat00060_nat00099_10570.jpg,DETECTED,True,0.2633,763,0.9935,None
Tp_D_NNN_M_N_nat00061_nat10123_11440.jpg,DETECTED,True,0.2556,702,0.9141,None
Tp_D_NNN_M_N_nat00073_nat00097_11103.jpg,DETECTED,True,0.3244,664,0.8646,None
Tp_D_NNN_M_N_nat00075_nat00097_11100.jpg,DETECTED,True,0.3432,764,0.9948,None
Tp_D_NNN_M_N_nat00086_arc00076_11283.jpg,DETECTED,True,0.3454,764,0.9948,None
Tp_D_NNN_M_N_nat00095_nat00062_11358.jpg,DETECTED,True,0.1623,554,0.7214,None
Tp_D_NNN_M_N_nat00096_nat00097_11096.jpg,DETECTED,True,0.2273,629,0.8190,None
Tp_D_NNN_M_N_nat10103_pla10110_10115.tif,DETECTED,True,0.2816,1415,0.9923,None
Tp_D_NNN_M_N_nat10112_nat10122_11360.jpg,DETECTED,True,0.2986,759,0.9883,None
Tp_D_NNN_M_N_nat10116_cha00062_11376.jpg,DETECTED,True,0.0000,0,1.0000,None
Tp_D_NNN_M_N_nat10116_cha00063_11375.jpg,DETECTED,True,0.3502,767,0.9987,None
Tp_D_NNN_M_N_nat10118_nat00062_11392.jpg,DETECTED,True,0.2633,664,0.8646,None
Tp_D_NNN_M_N_nat10124_nat00059_11345.jpg,DETECTED,True,0.1894,512,0.6667,None
Tp_D_NNN_M_N_nat10124_nat00095_11350.jpg,DETECTED,True,0.2140,697,0.9076,None
Tp_D_NNN_M_N_nat10124_nat00097_11346.jpg,DETECTED,True,0.1637,461,0.6003,None
Tp_D_NNN_M_N_nat10124_nat10156_12148.jpg,DETECTED,True,0.0000,0,1.0000,None
Tp_D_NNN_M_N_nat10149_nat10147_12002.jpg,DETECTED,True,0.0000,0,1.0000,None
Tp_D_NNN_M_N_nat10149_nat10156_12001.jpg,DETECTED,True,0.0000,0,1.0000,None
Tp_D_NNN_M_N_nat10156_ani00021_12020.jpg,DETECTED,True,0.0000,0,1.0000,None
Tp_D_NNN_M_N_nat10165_nat10169_12112.jpg,DETECTED,True,0.3219,2318,0.9658,None
Tp_D_NNN_M_N_nat10166_nat10169_12113.jpg,DETECTED,True,0.2399,2337,0.9738,None
Tp_D_NNN_M_N_pla10110_nat10103_10116.tif,DETECTED,True,0.2455,1329,0.9320,None
Tp_D_NNN_M_N_pla10121_cha00027_11669.jpg,DETECTED,True,0.0000,0,1.0000,None
Tp_D_NNN_M_N_pla10121_cha00028_11659.jpg,DETECTED,True,0.0000,0,1.0000,None
Tp_D_NNN_M_N_sec00021_arc10118_10778.jpg,DETECTED,True,0.0000,0,1.0000,None
Tp_D_NNN_M_N_sec00030_nat00097_00051.tif,DETECTED,True,0.2479,641,0.8346,None
Tp_D_NNN_M_N_sec00036_nat00095_00057.tif,DETECTED,True,0.2475,663,0.8633,None
Tp_D_NNN_M_N_sec00041_nat00097_11253.jpg,DETECTED,True,0.3296,764,0.9948,None
Tp_D_NNN_M_N_sec00041_nat00099_10512.tif,DETECTED,True,0.3238,762,0.9922,None
Tp_D_NNN_M_N_sec00046_nat00097_00067.tif,DETECTED,True,0.2893,765,0.9961,None
Tp_D_NNN_M_N_sec00058_nat00097_11273.jpg,DETECTED,True,0.0000,0,1.0000,None
Tp_D_NNN_M_N_sec00061_nat00095_00082.tif,DETECTED,True,0.2499,653,0.8503,None
Tp_D_NNN_M_N_sec00061_nat00097_11264.jpg,DETECTED,True,0.2418,659,0.8581,None
Tp_D_NNN_M_N_sec00064_nat00097_11260.jpg,DETECTED,True,0.3386,762,0.9922,None
Tp_D_NNN_M_N_sec00087_cha00062_11470.jpg,DETECTED,True,0.0000,0,1.0000,None
Tp_D_NNN_M_N_sec00089_cha00062_11491.jpg,DETECTED,True,0.0000,0,1.0000,None
Tp_D_NNN_M_N_sec00089_nat00059_11120.jpg,DETECTED,True,0.3031,767,0.9987,None
Tp_D_NNN_M_N_sec20011_nat20033_01446.tif,DETECTED,True,0.0000,0,1.0000,None
Tp_D_NNN_M_N_sec20047_arc20001_02128.tif,DETECTED,True,0.0000,0,1.0000,None
Tp_D_NNN_M_N_sec20059_arc20022_02134.tif,DETECTED,True,0.0000,0,1.0000,None
Tp_D_NNN_M_N_txt00013_txt00019_10847.jpg,DETECTED,True,0.2650,596,0.7760,None
Tp_D_NNN_M_N_txt00025_txt00098_10328.tif,DETECTED,True,0.3483,768,1.0000,None
Tp_D_NNN_M_N_txt00040_txt00042_10007.tif,DETECTED,True,0.4466,768,1.0000,None
Tp_D_NNN_M_N_txt00043_txt00051_10379.tif,DETECTED,True,0.4057,768,1.0000,None
Tp_D_NNN_M_N_txt00049_txt00059_10367.tif,DETECTED,True,0.4158,768,1.0000,None
Tp_D_NNN_M_N_txt00050_txt00059_10369.tif,DETECTED,True,0.4102,768,1.0000,None
Tp_D_NNN_M_N_txt00054_txt00059_10370.tif,DETECTED,True,0.4116,768,1.0000,None
Tp_D_NNN_M_N_txt00059_txt00050_10373.tif,DETECTED,True,0.4082,768,1.0000,None
Tp_D_NNN_M_N_txt00060_txt00061_10186.tif,DETECTED,True,0.3292,765,0.9961,None
Tp_D_NNN_M_N_txt00060_txt00062_10183.tif,DETECTED,True,0.3317,768,1.0000,None
Tp_D_NNN_M_N_txt00061_txt00062_10184.tif,DETECTED,True,0.3497,768,1.0000,None
Tp_D_NNN_M_N_txt00062_txt00061_10185.tif,DETECTED,True,0.3507,768,1.0000,None
Tp_D_NNN_M_N_txt00065_txt00066_10008.tif,DETECTED,True,0.3346,768,1.0000,None
Tp_D_NNN_M_N_txt00066_txt00065_10121.tif,DETECTED,True,0.3425,767,0.9987,None
Tp_D_NNN_M_N_txt00066_txt00065_10122.tif,DETECTED,True,0.3354,761,0.9909,None
Tp_D_NNN_M_N_txt00068_txt00065_10123.tif,DETECTED,True,0.1039,189,0.2461,None
Tp_D_NNN_M_N_txt10109_txt00097_10815.jpg,DETECTED,True,0.0000,0,1.0000,None
Tp_D_NNN_M_O_ani00036_nat00083_10054.tif,DETECTED,True,0.2938,741,0.9648,None
Tp_D_NNN_M_O_arc00041_nat00097_00261.tif,DETECTED,True,0.2080,594,0.7734,None
Tp_D_NNN_M_O_art00052_nat10122_11849.jpg,DETECTED,True,0.2590,633,0.8242,None
Tp_D_NNN_M_O_nat00033_ani00031_10078.tif,DETECTED,True,0.3109,766,0.9974,None
Tp_D_NNN_M_O_sec00017_cha00085_10785.jpg,DETECTED,True,0.3900,764,0.9948,None
Tp_D_NNN_M_O_sec00031_nat00062_00052.tif,DETECTED,True,0.3205,730,0.9505,None
Tp_D_NNN_M_O_sec00039_nat00001_00060.tif,DETECTED,True,0.2093,702,0.9141,None
Tp_D_NNN_M_O_sec20056_sec20042_01646.tif,DETECTED,True,0.0000,0,1.0000,None
Tp_D_NNN_S_B_ani00055_ani00089_11137.jpg,DETECTED,True,0.3681,768,1.0000,None
Tp_D_NNN_S_B_ani20056_ani20057_02099.tif,DETECTED,True,0.0000,0,1.0000,None
Tp_D_NNN_S_B_arc00023_cha00023_20092.jpg,DETECTED,True,0.3588,768,1.0000,None
Tp_D_NNN_S_B_arc00059_nat00059_11829.jpg,DETECTED,True,0.2973,766,0.9974,None
Tp_D_NNN_S_B_arc20098_arc20030_02198.tif,DETECTED,True,0.0000,0,1.0000,None
Tp_D_NNN_S_B_art00003_cha00028_01427.tif,DETECTED,True,0.3306,759,0.9883,None
Tp_D_NNN_S_B_art00032_nat00003_00510.tif,DETECTED,True,0.0000,0,1.0000,None
Tp_D_NNN_S_B_art00097_cha00047_01384.tif,DETECTED,True,0.4028,768,1.0000,None
Tp_D_NNN_S_B_art20029_art20034_02336.tif,DETECTED,True,0.0000,0,1.0000,None
Tp_D_NNN_S_B_art20064_nat20042_02325.tif,DETECTED,True,0.0000,0,1.0000,None
Tp_D_NNN_S_B_cha00022_arc00097_00342.tif,DETECTED,True,0.0000,0,1.0000,None
Tp_D_NNN_S_B_cha00023_cha00022_00343.tif,DETECTED,True,0.0000,0,1.0000,None
Tp_D_NNN_S_B_cha00029_pla00030_20105.tif,DETECTED,True,0.3850,768,1.0000,None
Tp_D_NNN_S_B_cha00081_cha00065_00401.tif,DETECTED,True,0.0000,0,1.0000,None
Tp_D_NNN_S_B_cha00088_cha00063_00408.tif,DETECTED,True,0.3562,767,0.9987,None
Tp_D_NNN_S_B_cha00088_txt00068_10182.tif,DETECTED,True,0.0383,89,0.1159,None
Tp_D_NNN_S_B_cha00100_cha00020_00420.tif,DETECTED,True,0.0000,0,1.0000,None
Tp_D_NNN_S_B_ind00057_ind00066_01346.tif,DETECTED,True,0.0000,0,1.0000,None
Tp_D_NNN_S_B_ind00070_cha00089_00471.tif,DETECTED,True,0.0000,0,1.0000,None
Tp_D_NNN_S_B_ind00079_ind00080_00477.tif,DETECTED,True,0.3898,768,1.0000,None
Tp_D_NNN_S_B_nat00012_ani00031_00632.tif,DETECTED,True,0.2502,762,0.9922,None
Tp_D_NNN_S_B_nat00013_cha00015_20050.jpg,DETECTED,True,0.3249,766,0.9974,None
Tp_D_NNN_S_B_nat00019_nat00007_00637.tif,DETECTED,True,0.3276,766,0.9974,None
Tp_D_NNN_S_B_nat00021_cha00063_00639.tif,DETECTED,True,0.3626,768,1.0000,None
Tp_D_NNN_S_B_nat00023_nat00007_00641.tif,DETECTED,True,0.3184,737,0.9596,None
Tp_D_NNN_S_B_nat00027_nat00030_11094.jpg,DETECTED,True,0.3187,748,0.9740,None
Tp_D_NNN_S_B_nat00034_cha00096_00648.tif,DETECTED,True,0.3503,766,0.9974,None
Tp_D_NNN_S_B_nat00036_cha00097_00650.tif,DETECTED,True,0.3402,764,0.9948,None
Tp_D_NNN_S_B_nat00036_cha00097_00699.tif,DETECTED,True,0.3497,767,0.9987,None
Tp_D_NNN_S_B_nat00036_nat00034_20124.tif,DETECTED,True,0.3569,768,1.0000,None
Tp_D_NNN_S_B_nat00038_nat00002_00652.tif,DETECTED,True,0.2576,737,0.9596,None
Tp_D_NNN_S_B_nat00061_art00020_11442.jpg,DETECTED,True,0.3683,766,0.9974,None
Tp_D_NNN_S_B_nat00079_nat00040_00676.tif,DETECTED,True,0.3330,752,0.9792,None
Tp_D_NNN_S_B_nat00082_cha00096_00678.tif,DETECTED,True,0.0000,0,1.0000,None
Tp_D_NNN_S_B_nat00089_nat00065_00696.tif,DETECTED,True,0.3708,768,1.0000,None
Tp_D_NNN_S_B_nat20007_nat20011_02213.tif,DETECTED,True,0.0000,0,1.0000,None
Tp_D_NNN_S_B_nat20037_nat20042_02240.tif,DETECTED,True,0.0000,0,1.0000,None
Tp_D_NNN_S_B_pla00090_cha00028_00348.tif,DETECTED,True,0.3410,764,0.9948,None
Tp_D_NNN_S_B_sec00011_cha00051_00371.tif,DETECTED,True,0.3872,768,1.0000,None
Tp_D_NNN_S_B_sec00020_ind00020_20013.jpg,DETECTED,True,0.3837,768,1.0000,None
Tp_D_NNN_S_B_sec00062_cha00023_00701.tif,DETECTED,True,0.3567,768,1.0000,None
Tp_D_NNN_S_B_sec00064_nat00095_00742.tif,DETECTED,True,0.3375,750,0.9766,None
Tp_D_NNN_S_B_sec00072_sec00072_00727.tif,DETECTED,True,0.0091,20,0.0260,None
Tp_D_NNN_S_B_sec00091_cha00085_00111.tif,DETECTED,True,0.3368,761,0.9909,None
Tp_D_NNN_S_B_sec10001_arc00020_20006.jpg,DETECTED,True,0.0000,0,1.0000,None
Tp_D_NNN_S_B_txt00068_cha00065_10178.tif,DETECTED,True,0.4672,768,1.0000,None
Tp_D_NNN_S_N_ani00010_ani00017_10215.tif,DETECTED,True,0.2167,736,0.9583,None
Tp_D_NNN_S_N_ani00016_ani00013_00136.tif,DETECTED,True,0.3197,765,0.9961,None
Tp_D_NNN_S_N_ani00017_ani00010_10216.tif,DETECTED,True,0.2180,740,0.9635,None
Tp_D_NNN_S_N_ani10113_ani10112_11625.jpg,DETECTED,True,0.2663,765,0.9961,None
Tp_D_NNN_S_N_ani10113_ani10114_11631.jpg,DETECTED,True,0.2986,768,1.0000,None
Tp_D_NNN_S_N_ani10114_ani10112_11627.jpg,DETECTED,True,0.3038,767,0.9987,None
Tp_D_NNN_S_N_ani10166_ani00070_12444.jpg,DETECTED,True,0.0000,0,1.0000,None
Tp_D_NNN_S_N_ani10168_ani10196_12449.jpg,DETECTED,True,0.0000,0,1.0000,None
Tp_D_NNN_S_N_ani10174_ani10173_12454.jpg,DETECTED,True,0.0000,0,1.0000,None
Tp_D_NNN_S_N_ani10176_ani10175_12460.jpg,DETECTED,True,0.0000,0,1.0000,None
Tp_D_NNN_S_N_ani10177_ani10179_12488.jpg,DETECTED,True,0.0000,0,1.0000,None
Tp_D_NNN_S_N_ani10179_ani10175_12487.jpg,DETECTED,True,0.0000,0,1.0000,None
Tp_D_NNN_S_N_ani10181_ani10180_12427.jpg,DETECTED,True,0.0000,0,1.0000,None
Tp_D_NNN_S_N_ani10191_ani10200_12436.jpg,DETECTED,True,0.0000,0,1.0000,None
Tp_D_NNN_S_N_ani10193_ani10195_12442.jpg,DETECTED,True,0.0000,0,1.0000,None
Tp_D_NNN_S_N_ani10199_ani10200_12411.jpg,DETECTED,True,0.0000,0,1.0000,None
Tp_D_NNN_S_N_ani10200_ani10199_12409.jpg,DETECTED,True,0.0000,0,1.0000,None
Tp_D_NNN_S_N_ani10201_ani10200_12412.jpg,DETECTED,True,0.0000,0,1.0000,None
Tp_D_NNN_S_N_ani10218_ani10219_12386.jpg,DETECTED,True,0.0000,0,1.0000,None
Tp_D_NNN_S_N_ani20005_ani20001_02048.tif,DETECTED,True,0.0000,0,1.0000,None
Tp_D_NNN_S_N_ani20016_ani20017_02059.tif,DETECTED,True,0.3117,1799,0.9994,None
Tp_D_NNN_S_N_ani20069_ani20070_02111.tif,DETECTED,True,0.0000,0,1.0000,None
Tp_D_NNN_S_N_arc00017_ani00058_00237.tif,DETECTED,True,0.3623,746,0.9714,None
Tp_D_NNN_S_N_arc00030_cha00023_00250.tif,DETECTED,True,0.0000,0,1.0000,None
Tp_D_NNN_S_N_arc00047_arc00086_00267.tif,DETECTED,True,0.3453,748,0.9740,None
Tp_D_NNN_S_N_arc00059_nat10122_11828.jpg,DETECTED,True,0.3131,765,0.9961,None
Tp_D_NNN_S_N_arc00060_arc00062_11493.jpg,DETECTED,True,0.3072,747,0.9727,None
Tp_D_NNN_S_N_arc00066_cha00096_00416.tif,DETECTED,True,0.3697,767,0.9987,None
Tp_D_NNN_S_N_arc00071_ind00001_00421.tif,DETECTED,True,0.3186,756,0.9844,None
Tp_D_NNN_S_N_arc00087_arc00087_00307.tif,DETECTED,True,0.0768,207,0.2695,None
Tp_D_NNN_S_N_arc00092_arc00092_00312.tif,DETECTED,True,0.0177,36,0.0469,None
Tp_D_NNN_S_N_arc20040_arc20041_01493.tif,DETECTED,True,0.3067,3137,0.9803,None
Tp_D_NNN_S_N_arc20042_arc20039_01495.tif,DETECTED,True,0.3383,3149,0.9841,None
Tp_D_NNN_S_N_arc20043_arc20039_01496.tif,DETECTED,True,0.3232,3149,0.9841,None
Tp_D_NNN_S_N_arc20087_arc20087_01727.tif,DETECTED,True,0.0097,50,0.0379,None
Tp_D_NNN_S_N_art00006_ind00030_00498.tif,DETECTED,True,0.0000,0,1.0000,None
Tp_D_NNN_S_N_art00013_art00014_11813.jpg,DETECTED,True,0.0000,0,1.0000,None
Tp_D_NNN_S_N_art00025_cha00050_01423.tif,DETECTED,True,0.0000,0,1.0000,None
Tp_D_NNN_S_N_art00033_cha00063_01421.tif,DETECTED,True,0.3519,768,1.0000,None
Tp_D_NNN_S_N_art00037_cha00040_01417.tif,DETECTED,True,0.3576,768,1.0000,None
Tp_D_NNN_S_N_art00045_cha00023_01409.tif,DETECTED,True,0.0000,0,1.0000,None
Tp_D_NNN_S_N_art00045_cha00096_00519.tif,DETECTED,True,0.0000,0,1.0000,None
Tp_D_NNN_S_N_art00057_ind00018_01403.tif,DETECTED,True,0.3707,766,0.9974,None
Tp_D_NNN_S_N_art00058_ani00031_01402.tif,DETECTED,True,0.2894,764,0.9948,None
Tp_D_NNN_S_N_art00058_cha00063_00525.tif,DETECTED,True,0.3468,768,1.0000,None
Tp_D_NNN_S_N_art00084_cha00026_01390.tif,DETECTED,True,0.0000,0,1.0000,None
Tp_D_NNN_S_N_art10111_ani00100_11620.jpg,DETECTED,True,0.4005,768,1.0000,None
Tp_D_NNN_S_N_cha00010_cha00007_10167.tif,DETECTED,True,0.0000,0,1.0000,None
Tp_D_NNN_S_N_cha00013_cha00010_10168.tif,DETECTED,True,0.0000,0,1.0000,None
Tp_D_NNN_S_N_cha00045_cha00045_00365.tif,DETECTED,True,0.0836,221,0.2878,None
Tp_D_NNN_S_N_cha00046_cha00046_00366.tif,DETECTED,True,0.0210,61,0.0794,None
Tp_D_NNN_S_N_cha00054_cha00029_00374.tif,DETECTED,True,0.0000,0,1.0000,None
Tp_D_NNN_S_N_cha00068_cha00006_00388.tif,DETECTED,True,0.0000,0,1.0000,None
Tp_D_NNN_S_N_cha00075_ani00079_00395.tif,DETECTED,True,0.3642,768,1.0000,None
Tp_D_NNN_S_N_cha00084_cha00084_00700.tif,DETECTED,True,0.0156,51,0.0664,None
Tp_D_NNN_S_N_cha00087_ani00069_00407.tif,DETECTED,True,0.3065,756,0.9844,None
Tp_D_NNN_S_N_cha00099_cha00100_00419.tif,DETECTED,True,0.0000,0,1.0000,None
Tp_D_NNN_S_N_cha10134_pla00049_12203.jpg,DETECTED,True,0.0000,0,1.0000,None
Tp_D_NNN_S_N_cha10176_cha10172_12285.jpg,DETECTED,True,0.0000,0,1.0000,None
Tp_D_NNN_S_N_cha10187_cha10188_12307.jpg,DETECTED,True,0.0000,0,1.0000,None
Tp_D_NNN_S_N_cha10195_cha10188_12321.jpg,DETECTED,True,0.3827,3748,0.9995,None
Tp_D_NNN_S_N_ind00002_cha00040_00422.tif,DETECTED,True,0.3825,768,1.0000,None
Tp_D_NNN_S_N_ind00012_cha00020_00430.tif,DETECTED,True,0.3409,764,0.9948,None
Tp_D_NNN_S_N_ind00019_ind00020_00435.tif,DETECTED,True,0.3550,767,0.9987,None
Tp_D_NNN_S_N_ind00031_ind00030_00446.tif,DETECTED,True,0.3063,765,0.9961,None
Tp_D_NNN_S_N_ind00032_cha00020_00447.tif,DETECTED,True,0.3597,767,0.9987,None
Tp_D_NNN_S_N_ind00053_cha00023_00459.tif,DETECTED,True,0.3880,768,1.0000,None
Tp_D_NNN_S_N_ind00053_ind00020_01342.tif,DETECTED,True,0.3695,763,0.9935,None
Tp_D_NNN_S_N_ind00060_ind00058_01349.tif,DETECTED,True,0.3940,768,1.0000,None
Tp_D_NNN_S_N_ind00062_ind00060_10702.jpg,DETECTED,True,0.0000,0,1.0000,None
Tp_D_NNN_S_N_ind00067_ind00066_00469.tif,DETECTED,True,0.0000,0,1.0000,None
Tp_D_NNN_S_N_ind00070_ind00074_10930.jpg,DETECTED,True,0.0000,0,1.0000,None
Tp_D_NNN_S_N_ind00074_ind00074_01361.tif,DETECTED,True,0.0162,38,0.0495,None
Tp_D_NNN_S_N_ind00080_ind00080_00478.tif,DETECTED,True,0.0161,39,0.0508,None
Tp_D_NNN_S_N_ind00088_ind00066_00483.tif,DETECTED,True,0.0000,0,1.0000,None
Tp_D_NNN_S_N_ind00093_cha00023_00487.tif,DETECTED,True,0.3582,768,1.0000,None
Tp_D_NNN_S_N_ind00097_ind00098_10661.jpg,DETECTED,True,0.0000,0,1.0000,None
Tp_D_NNN_S_N_ind20047_ind20049_01788.tif,DETECTED,True,0.0000,0,1.0000,None
Tp_D_NNN_S_N_nat00003_cha00096_00623.tif,DETECTED,True,0.3537,768,1.0000,None
Tp_D_NNN_S_N_nat00007_ani00021_00627.tif,DETECTED,True,0.3301,765,0.9961,None
Tp_D_NNN_S_N_nat00010_cha00063_00630.tif,DETECTED,True,0.3281,764,0.9948,None
Tp_D_NNN_S_N_nat00011_nat00011_11057.jpg,DETECTED,True,0.0206,19,0.0247,None
Tp_D_NNN_S_N_nat00012_nat00012_11055.jpg,DETECTED,True,0.0204,17,0.0221,None
Tp_D_NNN_S_N_nat00023_cha00030_11086.jpg,DETECTED,True,0.0000,0,1.0000,None
Tp_D_NNN_S_N_nat00024_nat00027_11039.jpg,DETECTED,True,0.2477,736,0.9583,None
Tp_D_NNN_S_N_nat00031_cha00097_00946.tif,DETECTED,True,0.3454,761,0.9909,None
Tp_D_NNN_S_N_nat00035_cha00030_11085.jpg,DETECTED,True,0.0000,0,1.0000,None
Tp_D_NNN_S_N_nat00040_nat00061_11434.jpg,DETECTED,True,0.2637,755,0.9831,None
Tp_D_NNN_S_N_nat00041_art00020_11441.jpg,DETECTED,True,0.3584,766,0.9974,None
Tp_D_NNN_S_N_nat00041_nat00061_11433.jpg,DETECTED,True,0.2611,757,0.9857,None
Tp_D_NNN_S_N_nat00042_nat00034_00961.tif,DETECTED,True,0.3521,768,1.0000,None
Tp_D_NNN_S_N_nat00052_cha00042_11083.jpg,DETECTED,True,0.2727,759,0.9883,None
Tp_D_NNN_S_N_nat00052_nat00053_11081.jpg,DETECTED,True,0.2973,753,0.9805,None
Tp_D_NNN_S_N_nat00059_nat00059_00666.tif,DETECTED,True,0.0419,132,0.1719,None
Tp_D_NNN_S_N_nat00061_nat00061_00668.tif,DETECTED,True,0.0160,33,0.0430,None
Tp_D_NNN_S_N_nat00063_cha00042_11113.jpg,DETECTED,True,0.3594,768,1.0000,None
Tp_D_NNN_S_N_nat00086_nat00086_00681.tif,DETECTED,True,0.0144,45,0.0586,None
Tp_D_NNN_S_N_nat00090_ani00079_00682.tif,DETECTED,True,0.3594,768,1.0000,None
Tp_D_NNN_S_N_nat00091_ani00081_10513.tif,DETECTED,True,0.3182,765,0.9961,None
Tp_D_NNN_S_N_nat00092_nat00092_00684.tif,DETECTED,True,0.0185,43,0.0560,None
Tp_D_NNN_S_N_nat00095_nat10157_12050.jpg,DETECTED,True,0.0000,0,1.0000,None
Tp_D_NNN_S_N_nat10159_nat10157_12049.jpg,DETECTED,True,0.0000,0,1.0000,None
Tp_D_NNN_S_N_nat10163_sec00097_12090.jpg,DETECTED,True,0.0000,0,1.0000,None
Tp_D_NNN_S_N_nat20015_nat20018_01519.tif,DETECTED,True,0.0000,0,1.0000,None
Tp_D_NNN_S_N_nat20016_nat20015_01520.tif,DETECTED,True,0.0000,0,1.0000,None
Tp_D_NNN_S_N_nat20018_nat20015_01522.tif,DETECTED,True,0.0000,0,1.0000,None
Tp_D_NNN_S_N_nat20019_nat20015_02219.tif,DETECTED,True,0.0000,0,1.0000,None
Tp_D_NNN_S_N_nat20022_nat20015_01526.tif,DETECTED,True,0.0000,0,1.0000,None
Tp_D_NNN_S_N_nat20023_nat20015_01527.tif,DETECTED,True,0.0000,0,1.0000,None
Tp_D_NNN_S_N_nat20024_nat20015_01528.tif,DETECTED,True,0.0000,0,1.0000,None
Tp_D_NNN_S_N_nat20055_nat20054_01559.tif,DETECTED,True,0.0000,0,1.0000,None
Tp_D_NNN_S_N_nat20082_nat20090_01586.tif,DETECTED,True,0.0000,0,1.0000,None
Tp_D_NNN_S_N_nat20085_nat20090_01589.tif,DETECTED,True,0.0000,0,1.0000,None
Tp_D_NNN_S_N_nat20092_nat20089_01596.tif,DETECTED,True,0.0000,0,1.0000,None
Tp_D_NNN_S_N_pla00006_pla00006_00546.tif,DETECTED,True,0.0540,149,0.1940,None
Tp_D_NNN_S_N_pla00015_pla00015_00554.tif,DETECTED,True,0.0222,48,0.0625,None
Tp_D_NNN_S_N_pla00030_pla00028_10948.jpg,DETECTED,True,0.3880,768,1.0000,None
Tp_D_NNN_S_N_pla00042_pla00043_10975.jpg,DETECTED,True,0.0000,0,1.0000,None
Tp_D_NNN_S_N_pla00044_pla00022_10973.jpg,DETECTED,True,0.0000,0,1.0000,None
Tp_D_NNN_S_N_pla00063_pla00064_11223.jpg,DETECTED,True,0.3743,768,1.0000,None
Tp_D_NNN_S_N_pla00066_pla00066_11218.jpg,DETECTED,True,0.0279,43,0.0560,None
Tp_D_NNN_S_N_pla00073_pla00055_01178.tif,DETECTED,True,0.3358,767,0.9987,None
Tp_D_NNN_S_N_pla00088_ani00100_00610.tif,DETECTED,True,0.3754,768,1.0000,None
Tp_D_NNN_S_N_pla00090_ani00023_00612.tif,DETECTED,True,0.0000,0,1.0000,None
Tp_D_NNN_S_N_pla00096_ani00031_00617.tif,DETECTED,True,0.4043,768,1.0000,None
Tp_D_NNN_S_N_pla10124_nat10122_11707.jpg,DETECTED,True,0.3504,765,0.9961,None
Tp_D_NNN_S_N_pla10126_pla00020_12129.jpg,DETECTED,True,0.0000,0,1.0000,None
Tp_D_NNN_S_N_pla10126_pla00049_12130.jpg,DETECTED,True,0.0000,0,1.0000,None
Tp_D_NNN_S_N_pla20032_pla20033_02386.tif,DETECTED,True,0.0000,0,1.0000,None
Tp_D_NNN_S_N_pla20033_pla20032_01933.tif,DETECTED,True,0.0000,0,1.0000,None
Tp_D_NNN_S_N_sec00003_cha00023_00703.tif,DETECTED,True,0.3904,768,1.0000,None
Tp_D_NNN_S_N_sec00007_sec00025_10773.jpg,DETECTED,True,0.3803,766,0.9974,None
Tp_D_NNN_S_N_sec00011_cha00050_00370.tif,DETECTED,True,0.4067,767,0.9987,None
Tp_D_NNN_S_N_sec00021_cha00020_20014.jpg,DETECTED,True,0.3817,768,1.0000,None
Tp_D_NNN_S_N_sec00023_sec00022_10805.jpg,DETECTED,True,0.3590,767,0.9987,None
Tp_D_NNN_S_N_sec00025_sec00026_10768.jpg,DETECTED,True,0.3752,767,0.9987,None
Tp_D_NNN_S_N_sec00027_sec00026_10771.jpg,DETECTED,True,0.3607,767,0.9987,None
Tp_D_NNN_S_N_sec00051_sec00055_11240.jpg,DETECTED,True,0.4040,768,1.0000,None
Tp_D_NNN_S_N_sec00054_sec00055_00075.tif,DETECTED,True,0.4018,768,1.0000,None
Tp_D_NNN_S_N_sec00063_sec00063_00743.tif,DETECTED,True,0.0068,15,0.0195,None
Tp_D_NNN_S_N_sec00085_sec00085_00816.tif,DETECTED,True,0.3322,768,1.0000,None
Tp_D_NNN_S_N_sec00086_cha00023_00705.tif,DETECTED,True,0.3674,767,0.9987,None
Tp_D_NNN_S_N_sec00093_sec00093_00756.tif,DETECTED,True,0.0000,0,1.0000,None
Tp_D_NNN_S_N_sec00097_ani00079_00710.tif,DETECTED,True,0.3688,768,1.0000,None
Tp_D_NNN_S_N_sec00098_sec00082_10364.tif,DETECTED,True,0.3238,762,0.9922,None
Tp_D_NNN_S_N_sec10113_sec10106_10330.tif,DETECTED,True,0.0000,0,1.0000,None
Tp_D_NNN_S_N_sec10113_sec10106_10331.tif,DETECTED,True,0.0000,0,1.0000,None
Tp_D_NNN_S_N_sec20060_arc20022_02135.tif,DETECTED,True,0.0000,0,1.0000,None
Tp_D_NNN_S_N_txt00027_txt00021_10842.jpg,DETECTED,True,0.4068,768,1.0000,None
Tp_D_NNN_S_N_txt00042_txt00041_10827.jpg,DETECTED,True,0.4370,768,1.0000,None
Tp_D_NNN_S_N_txt00085_txt00086_10821.jpg,DETECTED,True,0.4150,767,0.9987,None
Tp_D_NNN_S_N_txt00086_txt00085_10820.jpg,DETECTED,True,0.4112,767,0.9987,None
Tp_D_NNN_S_N_txt00093_txt00095_01299.tif,DETECTED,True,0.3913,768,1.0000,None
Tp_D_NNN_S_O_arc00012_ani00001_00232.tif,DETECTED,True,0.3165,739,0.9622,None
Tp_D_NNN_S_O_arc00062_arc00060_11494.jpg,DETECTED,True,0.3062,750,0.9766,None
Tp_D_NNN_S_O_nat10146_pla00049_11993.jpg,DETECTED,True,0.0000,0,1.0000,None
Tp_D_NNN_S_O_nat10148_nat10161_12120.jpg,DETECTED,True,0.2573,1581,0.9411,None
Tp_D_NNN_S_O_pla00056_pla00065_11225.jpg,DETECTED,True,0.0000,0,1.0000,None
Tp_D_NNN_S_O_pla00068_pla00065_11224.jpg,DETECTED,True,0.3785,768,1.0000,None
Tp_D_NNN_S_O_pla10121_sec00097_11693.jpg,DETECTED,True,0.4133,768,1.0000,None
Tp_D_NNN_S_O_pla20082_arc20003_01982.tif,DETECTED,True,0.0000,0,1.0000,None
Tp_D_NNN_S_O_pla20092_arc20009_01992.tif,DETECTED,True,0.0000,0,1.0000,None
Tp_D_NNN_S_O_sec20018_sec20023_01608.tif,DETECTED,True,0.0000,0,1.0000,None
Tp_D_NNN_S_O_sec20058_sec20053_01648.tif,DETECTED,True,0.0000,0,1.0000,None
Tp_D_NNN_S_O_sec20092_sec20085_01682.tif,DETECTED,True,0.0000,0,1.0000,None
Tp_D_NRD_L_B_arc00028_ani00001_00248.tif,DETECTED,True,0.2885,727,0.9466,None
Tp_D_NRD_L_B_arc20049_arc20049_02480.tif,DETECTED,True,0.1452,899,0.6958,None
Tp_D_NRD_L_B_arc20050_arc20001_02477.tif,DETECTED,True,0.0000,0,1.0000,None
Tp_D_NRD_L_B_arc20051_arc20001_02479.tif,DETECTED,True,0.0000,0,1.0000,None
Tp_D_NRD_L_N_ani10110_art10101_10228.tif,DETECTED,True,0.0000,0,1.0000,None
Tp_D_NRD_L_N_ani10110_art10104_10229.tif,DETECTED,True,0.3415,1415,0.9923,None
Tp_D_NRD_L_N_arc00096_nat00002_00316.tif,DETECTED,True,0.2426,752,0.9792,None
Tp_D_NRD_L_N_art10104_ani10110_10230.tif,DETECTED,True,0.2891,1411,0.9895,None
Tp_D_NRD_L_N_art10104_txt00005_10231.tif,DETECTED,True,0.0000,0,1.0000,None
Tp_D_NRD_L_N_txt00002_art10104_10232.tif,DETECTED,True,0.0000,0,1.0000,None
Tp_D_NRD_M_B_arc20061_arc20061_02481.tif,DETECTED,True,0.0746,462,0.3484,None
Tp_D_NRD_M_B_arc20062_arc20062_02482.tif,DETECTED,True,0.0608,341,0.2572,None
Tp_D_NRD_M_B_arc20063_arc20001_02483.tif,DETECTED,True,0.0000,0,1.0000,None
Tp_D_NRD_M_B_art00094_ani00058_01387.tif,DETECTED,True,0.3303,753,0.9805,None
Tp_D_NRD_M_B_sec20073_sec20080_02137.tif,DETECTED,True,0.2801,1786,0.9525,None
Tp_D_NRD_M_N_ani10004_ani10005_20101.jpg,DETECTED,True,0.2275,2318,0.9658,None
Tp_D_NRD_M_N_arc00004_nat00062_11177.jpg,DETECTED,True,0.3312,741,0.9648,None
Tp_D_NRD_M_N_arc20052_arc20052_02478.tif,DETECTED,True,0.0631,436,0.3288,None
Tp_D_NRD_M_N_art00098_art00077_11711.jpg,DETECTED,True,0.0000,0,1.0000,None
Tp_D_NRD_M_N_art10018_art10017_20102.jpg,DETECTED,True,0.1785,2151,0.8962,None
Tp_D_NRD_M_N_sec00057_nat00001_00078.tif,DETECTED,True,0.2181,708,0.9219,None
Tp_D_NRD_M_N_sec20052_sec20052_02130.tif,DETECTED,True,0.0461,467,0.2215,None
Tp_D_NRD_M_O_arc20060_arc20059_01700.tif,DETECTED,True,0.0000,0,1.0000,None
Tp_D_NRD_M_O_sec20032_sec20032_01622.tif,DETECTED,True,0.0970,518,0.3906,None
Tp_D_NRD_M_O_sec20087_sec20042_01677.tif,DETECTED,True,0.0000,0,1.0000,None
Tp_D_NRD_M_O_sec20091_sec20085_01681.tif,DETECTED,True,0.0000,0,1.0000,None
Tp_D_NRD_S_B_ani20002_nat20042_02437.tif,DETECTED,True,0.0000,0,1.0000,None
Tp_D_NRD_S_B_ani20039_nat20042_02443.tif,DETECTED,True,0.0000,0,1.0000,None
Tp_D_NRD_S_B_arc00031_cha00027_00251.tif,DETECTED,True,0.0000,0,1.0000,None
Tp_D_NRD_S_B_arc00096_arc00045_11798.jpg,DETECTED,True,0.2916,757,0.9857,None
Tp_D_NRD_S_B_arc20016_arc20016_02199.tif,DETECTED,True,0.0104,132,0.0413,None
Tp_D_NRD_S_B_arc20047_nat20042_02476.tif,DETECTED,True,0.0000,0,1.0000,None
Tp_D_NRD_S_B_arc20100_arc20100_02185.tif,DETECTED,True,0.0263,342,0.1040,None
Tp_D_NRD_S_B_art00091_ind00098_01389.tif,DETECTED,True,0.2883,762,0.9922,None
Tp_D_NRD_S_B_art20007_arc20009_01813.tif,DETECTED,True,0.0000,0,1.0000,None
Tp_D_NRD_S_B_ind00055_ind00055_01344.tif,DETECTED,True,0.0061,13,0.0169,None
Tp_D_NRD_S_B_nat20029_nat20012_02229.tif,DETECTED,True,0.0000,0,1.0000,None
Tp_D_NRD_S_B_nat20039_arc20055_02239.tif,DETECTED,True,0.0000,0,1.0000,None
Tp_D_NRD_S_B_sec00010_cha00071_00030.tif,DETECTED,True,0.3625,768,1.0000,None
Tp_D_NRD_S_B_sec00016_cha00055_00037.tif,DETECTED,True,0.0000,0,1.0000,None
Tp_D_NRD_S_B_sec20094_arc20064_02444.tif,DETECTED,True,0.0000,0,1.0000,None
Tp_D_NRD_S_N_ani00026_cha00047_00146.tif,DETECTED,True,0.3809,768,1.0000,None
Tp_D_NRD_S_N_ani00041_ani00040_00161.tif,DETECTED,True,0.3248,767,0.9987,None
Tp_D_NRD_S_N_ani00078_ani00077_00198.tif,DETECTED,True,0.0000,0,1.0000,None
Tp_D_NRD_S_N_arc00015_arc00045_11756.jpg,DETECTED,True,0.3857,768,1.0000,None
Tp_D_NRD_S_N_arc00020_sec00045_11701.jpg,DETECTED,True,0.3817,768,1.0000,None
Tp_D_NRD_S_N_arc00025_cha00001_00245.tif,DETECTED,True,0.0000,0,1.0000,None
Tp_D_NRD_S_N_arc00071_ani00064_00291.tif,DETECTED,True,0.3333,764,0.9948,None
Tp_D_NRD_S_N_art00005_art00076_11791.jpg,DETECTED,True,0.3757,768,1.0000,None
Tp_D_NRD_S_N_art00031_ani00058_00509.tif,DETECTED,True,0.0000,0,1.0000,None
Tp_D_NRD_S_N_art00054_cha00026_01405.tif,DETECTED,True,0.0000,0,1.0000,None
Tp_D_NRD_S_N_art00070_art00092_11822.jpg,DETECTED,True,0.3347,764,0.9948,None
Tp_D_NRD_S_N_art00076_art00076_11709.jpg,DETECTED,True,0.0737,137,0.1784,None
Tp_D_NRD_S_N_art00082_ani00098_01392.tif,DETECTED,True,0.3384,766,0.9974,None
Tp_D_NRD_S_N_art10014_art10011_20095.jpg,DETECTED,True,0.1944,1897,0.7904,None
Tp_D_NRD_S_N_cha00006_cha00005_00326.tif,DETECTED,True,0.0000,0,1.0000,None
Tp_D_NRD_S_N_cha00015_cha00015_11154.jpg,DETECTED,True,0.0628,144,0.1875,None
Tp_D_NRD_S_N_cha00021_cha00020_00341.tif,DETECTED,True,0.3579,768,1.0000,None
Tp_D_NRD_S_N_cha00091_ani00058_00411.tif,DETECTED,True,0.3100,741,0.9648,None
Tp_D_NRD_S_N_cha00097_ani00077_00417.tif,DETECTED,True,0.0000,0,1.0000,None
Tp_D_NRD_S_N_cha10002_cha10001_20094.jpg,DETECTED,True,0.0000,0,1.0000,None
Tp_D_NRD_S_N_cha10107_cha10106_11119.jpg,DETECTED,True,0.0000,0,1.0000,None
Tp_D_NRD_S_N_cha10107_ind10101_11187.jpg,DETECTED,True,0.2762,2368,0.9867,None
Tp_D_NRD_S_N_cha10146_cha10144_12232.jpg,DETECTED,True,0.0000,0,1.0000,None
Tp_D_NRD_S_N_cha20017_ani20036_02016.tif,DETECTED,True,0.0000,0,1.0000,None
Tp_D_NRD_S_N_ind00030_ind00031_01323.tif,DETECTED,True,0.3042,763,0.9935,None
Tp_D_NRD_S_N_ind00050_ind00017_00457.tif,DETECTED,True,0.3629,763,0.9935,None
Tp_D_NRD_S_N_ind00068_ind00084_10944.jpg,DETECTED,True,0.3695,766,0.9974,None
Tp_D_NRD_S_N_nat00006_cha00096_00626.tif,DETECTED,True,0.3576,767,0.9987,None
Tp_D_NRD_S_N_pla00095_cha00029_00349.tif,DETECTED,True,0.3842,768,1.0000,None
Tp_D_NRD_S_N_sec00001_cha00042_00001.tif,DETECTED,True,0.3547,765,0.9961,None
Tp_D_NRD_S_N_sec00007_art00002_00027.tif,DETECTED,True,0.3635,763,0.9935,None
Tp_D_NRD_S_N_sec00011_sec00016_00031.tif,DETECTED,True,0.0000,0,1.0000,None
Tp_D_NRD_S_N_sec00018_cha00063_00039.tif,DETECTED,True,0.4244,768,1.0000,None
Tp_D_NRD_S_N_sec00025_sec00098_00046.tif,DETECTED,True,0.3605,765,0.9961,None
Tp_D_NRD_S_N_sec00060_cha00028_00081.tif,DETECTED,True,0.0000,0,1.0000,None
Tp_D_NRD_S_N_sec00067_cha00030_00088.tif,DETECTED,True,0.0000,0,1.0000,None
Tp_D_NRD_S_N_sec00078_sec00080_00099.tif,DETECTED,True,0.3980,767,0.9987,None
Tp_D_NRD_S_O_nat20021_nat20001_01525.tif,DETECTED,True,0.0000,0,1.0000,None
Tp_D_NRN_L_N_ani10108_ani10109_10227.tif,DETECTED,True,0.1978,1246,0.8738,None
Tp_D_NRN_L_N_ani10109_ani10108_10226.tif,DETECTED,True,0.2023,1230,0.8626,None
Tp_D_NRN_L_N_cha00097_cha00085_10173.tif,DETECTED,True,0.2677,749,0.9753,None
Tp_D_NRN_L_N_nat00062_nat00059_11108.jpg,DETECTED,True,0.2715,758,0.9870,None
Tp_D_NRN_L_O_sec00043_cha00097_00064.tif,DETECTED,True,0.2827,768,1.0000,None
Tp_D_NRN_M_B_ani00019_nat00013_11867.jpg,DETECTED,True,0.3058,754,0.9818,None
Tp_D_NRN_M_B_ani10114_ani00100_11637.jpg,DETECTED,True,0.3750,768,1.0000,None
Tp_D_NRN_M_B_arc00008_art00049_11770.jpg,DETECTED,True,0.3551,766,0.9974,None
Tp_D_NRN_M_B_arc00022_arc00023_10060.tif,DETECTED,True,0.0000,0,1.0000,None
Tp_D_NRN_M_B_arc00030_cha00028_20106.jpg,DETECTED,True,0.3207,759,0.9883,None
Tp_D_NRN_M_B_arc00054_arc00023_11921.jpg,DETECTED,True,0.2802,747,0.9727,None
Tp_D_NRN_M_B_arc00076_arc00069_11190.jpg,DETECTED,True,0.3345,749,0.9753,None
Tp_D_NRN_M_B_arc00076_nat00086_11193.jpg,DETECTED,True,0.3346,763,0.9935,None
Tp_D_NRN_M_B_arc00091_nat00097_11202.jpg,DETECTED,True,0.0000,0,1.0000,None
Tp_D_NRN_M_B_arc00092_nat00097_11205.jpg,DETECTED,True,0.3098,744,0.9688,None
Tp_D_NRN_M_B_arc00094_nat00097_11203.jpg,DETECTED,True,0.2462,740,0.9635,None
Tp_D_NRN_M_B_art00012_art00011_11837.jpg,DETECTED,True,0.0000,0,1.0000,None
Tp_D_NRN_M_B_art00014_art00011_11835.jpg,DETECTED,True,0.0000,0,1.0000,None
Tp_D_NRN_M_B_art00034_nat00013_11869.jpg,DETECTED,True,0.2983,755,0.9831,None
Tp_D_NRN_M_B_art00045_pla00078_10746.jpg,DETECTED,True,0.0000,0,1.0000,None
Tp_D_NRN_M_B_art00045_pla00088_10745.jpg,DETECTED,True,0.0000,0,1.0000,None
Tp_D_NRN_M_B_art10108_art10107_11580.jpg,DETECTED,True,0.3664,765,0.9961,None
Tp_D_NRN_M_B_art10114_pla00050_11598.jpg,DETECTED,True,0.0000,0,1.0000,None
Tp_D_NRN_M_B_cha00097_art00021_11420.jpg,DETECTED,True,0.3043,761,0.9909,None
Tp_D_NRN_M_B_cha10111_cha10113_11545.jpg,DETECTED,True,0.3523,768,1.0000,None
Tp_D_NRN_M_B_cha10142_nat00097_12239.jpg,DETECTED,True,0.0000,0,1.0000,None
Tp_D_NRN_M_B_cha10162_nat10142_12254.jpg,DETECTED,True,0.0000,0,1.0000,None
Tp_D_NRN_M_B_cha10170_nat10140_12293.jpg,DETECTED,True,0.0000,0,1.0000,None
Tp_D_NRN_M_B_ind00028_pla00029_20107.jpg,DETECTED,True,0.3911,768,1.0000,None
Tp_D_NRN_M_B_ind00053_cha00062_11379.jpg,DETECTED,True,0.0000,0,1.0000,None
Tp_D_NRN_M_B_ind00053_cha00063_11390.jpg,DETECTED,True,0.3705,767,0.9987,None
Tp_D_NRN_M_B_ind00053_cha00070_11480.jpg,DETECTED,True,0.3729,768,1.0000,None
Tp_D_NRN_M_B_nat00001_art00021_11421.jpg,DETECTED,True,0.2638,758,0.9870,None
Tp_D_NRN_M_B_nat00008_art00021_11424.jpg,DETECTED,True,0.2879,756,0.9844,None
Tp_D_NRN_M_B_nat00038_cha00072_11459.jpg,DETECTED,True,0.2997,757,0.9857,None
Tp_D_NRN_M_B_nat00041_arc00065_11444.jpg,DETECTED,True,0.3333,766,0.9974,None
Tp_D_NRN_M_B_nat00041_art00096_11443.jpg,DETECTED,True,0.3137,763,0.9935,None
Tp_D_NRN_M_B_nat00044_art00021_11431.jpg,DETECTED,True,0.3159,764,0.9948,None
Tp_D_NRN_M_B_nat00063_arc00065_11446.jpg,DETECTED,True,0.3837,768,1.0000,None
Tp_D_NRN_M_B_nat00088_nat00099_11111.jpg,DETECTED,True,0.2212,714,0.9297,None
Tp_D_NRN_M_B_nat00098_arc00065_11449.jpg,DETECTED,True,0.3059,754,0.9818,None
Tp_D_NRN_M_B_nat00098_nat00095_11464.jpg,DETECTED,True,0.1978,741,0.9648,None
Tp_D_NRN_M_B_nat10122_nat00059_11334.jpg,DETECTED,True,0.3126,759,0.9883,None
Tp_D_NRN_M_B_nat10122_nat00062_11335.jpg,DETECTED,True,0.2292,598,0.7786,None
Tp_D_NRN_M_B_nat10123_nat00059_11333.jpg,DETECTED,True,0.3145,767,0.9987,None
Tp_D_NRN_M_B_nat10123_nat00062_11332.jpg,DETECTED,True,0.2421,645,0.8398,None
Tp_D_NRN_M_B_nat10128_nat00062_11540.jpg,DETECTED,True,0.3296,765,0.9961,None
Tp_D_NRN_M_B_nat10128_nat00097_11542.jpg,DETECTED,True,0.2957,763,0.9935,None
Tp_D_NRN_M_B_nat10136_arc00054_11919.jpg,DETECTED,True,0.0000,0,1.0000,None
Tp_D_NRN_M_B_nat10139_nat10124_11945.jpg,DETECTED,True,0.0000,0,1.0000,None
Tp_D_NRN_M_B_nat10148_nat10160_12123.jpg,DETECTED,True,0.0000,0,1.0000,None
Tp_D_NRN_M_B_nat10154_nat10159_12077.jpg,DETECTED,True,0.0000,0,1.0000,None
Tp_D_NRN_M_B_nat10155_nat10164_12115.jpg,DETECTED,True,0.0000,0,1.0000,None
Tp_D_NRN_M_B_pla00030_cha00029_20108.jpg,DETECTED,True,0.3897,768,1.0000,None
Tp_D_NRN_M_B_sec00002_nat00062_11397.jpg,DETECTED,True,0.3590,759,0.9883,None
Tp_D_NRN_M_B_sec00002_nat10123_11396.jpg,DETECTED,True,0.3430,747,0.9727,None
Tp_D_NRN_M_B_sec00020_cha00095_00041.tif,DETECTED,True,0.3789,768,1.0000,None
Tp_D_NRN_M_B_sec00030_pla00028_20109.jpg,DETECTED,True,0.0000,0,1.0000,None
Tp_D_NRN_M_B_sec00085_art00025_11457.jpg,DETECTED,True,0.3378,766,0.9974,None
Tp_D_NRN_M_B_sec00085_cha00072_11458.jpg,DETECTED,True,0.3262,765,0.9961,None
Tp_D_NRN_M_B_sec00095_txt00068_10134.tif,DETECTED,True,0.4412,768,1.0000,None
Tp_D_NRN_M_B_sec20053_arc20001_02131.tif,DETECTED,True,0.0000,0,1.0000,None
Tp_D_NRN_M_B_txt00030_ani00030_20110.jpg,DETECTED,True,0.3640,768,1.0000,None
Tp_D_NRN_M_N_ani00019_nat10122_11866.jpg,DETECTED,True,0.3238,758,0.9870,None
Tp_D_NRN_M_N_ani00021_ani00020_10212.tif,DETECTED,True,0.3414,767,0.9987,None
Tp_D_NRN_M_N_ani00023_ani00020_10213.tif,DETECTED,True,0.3618,767,0.9987,None
Tp_D_NRN_M_N_ani00038_ani00037_10037.tif,DETECTED,True,0.4048,768,1.0000,None
Tp_D_NRN_M_N_ani00042_ani00043_11139.jpg,DETECTED,True,0.3477,767,0.9987,None
Tp_D_NRN_M_N_ani00043_ani00044_11142.jpg,DETECTED,True,0.3225,768,1.0000,None
Tp_D_NRN_M_N_ani00044_ani00043_11141.jpg,DETECTED,True,0.3213,766,0.9974,None
Tp_D_NRN_M_N_ani00045_ani00043_11140.jpg,DETECTED,True,0.0000,0,1.0000,None
Tp_D_NRN_M_N_ani00046_ani00059_11143.jpg,DETECTED,True,0.0000,0,1.0000,None
Tp_D_NRN_M_N_ani00046_ani00096_11136.jpg,DETECTED,True,0.0000,0,1.0000,None
Tp_D_NRN_M_N_ani00048_ani00037_10038.tif,DETECTED,True,0.4067,768,1.0000,None
Tp_D_NRN_M_N_ani00057_ani00019_11861.jpg,DETECTED,True,0.3283,765,0.9961,None
Tp_D_NRN_M_N_ani00083_ani00083_10040.tif,DETECTED,True,0.0517,132,0.1719,None
Tp_D_NRN_M_N_ani00095_ani00096_11135.jpg,DETECTED,True,0.3506,767,0.9987,None
Tp_D_NRN_M_N_ani00099_ani00081_10140.tif,DETECTED,True,0.3236,762,0.9922,None
Tp_D_NRN_M_N_ani00099_ani00100_10145.tif,DETECTED,True,0.3739,768,1.0000,None
Tp_D_NRN_M_N_ani10112_ani00100_11628.jpg,DETECTED,True,0.3760,768,1.0000,None
Tp_D_NRN_M_N_ani10113_ani00100_11626.jpg,DETECTED,True,0.3747,768,1.0000,None
Tp_D_NRN_M_N_ani10118_ani10123_11621.jpg,DETECTED,True,0.3177,768,1.0000,None
Tp_D_NRN_M_N_ani10144_nat10131_12473.jpg,DETECTED,True,0.0000,0,1.0000,None
Tp_D_NRN_M_N_ani10144_nat10156_12472.jpg,DETECTED,True,0.0000,0,1.0000,None
Tp_D_NRN_M_N_ani10216_ani10215_12387.jpg,DETECTED,True,0.0000,0,1.0000,None
Tp_D_NRN_M_N_ani10219_ani10215_12384.jpg,DETECTED,True,0.0000,0,1.0000,None
Tp_D_NRN_M_N_arc00004_nat00062_11176.jpg,DETECTED,True,0.3363,745,0.9701,None
Tp_D_NRN_M_N_arc00008_nat00095_11771.jpg,DETECTED,True,0.3443,746,0.9714,None
Tp_D_NRN_M_N_arc00023_nat00099_10061.tif,DETECTED,True,0.2908,753,0.9805,None
Tp_D_NRN_M_N_arc00037_ani00005_10141.tif,DETECTED,True,0.3176,760,0.9896,None
Tp_D_NRN_M_N_arc00054_nat00013_11932.jpg,DETECTED,True,0.2133,639,0.8320,None
Tp_D_NRN_M_N_arc00054_nat00095_11933.jpg,DETECTED,True,0.1994,659,0.8581,None
Tp_D_NRN_M_N_arc00054_nat10124_11931.jpg,DETECTED,True,0.2294,651,0.8477,None
Tp_D_NRN_M_N_arc00065_cha00072_11460.jpg,DETECTED,True,0.3269,759,0.9883,None
Tp_D_NRN_M_N_arc00065_nat10123_11452.jpg,DETECTED,True,0.2912,730,0.9505,None
Tp_D_NRN_M_N_arc00096_nat00013_11800.jpg,DETECTED,True,0.2810,763,0.9935,None
Tp_D_NRN_M_N_arc10118_arc10117_10761.jpg,DETECTED,True,0.2600,1405,0.9853,None
Tp_D_NRN_M_N_arc10120_nat00060_12143.jpg,DETECTED,True,0.0000,0,1.0000,None
Tp_D_NRN_M_N_arc10120_nat10132_12142.jpg,DETECTED,True,0.0000,0,1.0000,None
Tp_D_NRN_M_N_arc10126_arc10125_11889.jpg,DETECTED,True,0.0000,0,1.0000,None
Tp_D_NRN_M_N_arc10130_arc10125_11899.jpg,DETECTED,True,0.3434,2947,0.9953,None
Tp_D_NRN_M_N_art00010_art00011_11834.jpg,DETECTED,True,0.3012,766,0.9974,None
Tp_D_NRN_M_N_art00011_art00010_11831.jpg,DETECTED,True,0.3008,766,0.9974,None
Tp_D_NRN_M_N_art00012_art00010_11832.jpg,DETECTED,True,0.0000,0,1.0000,None
Tp_D_NRN_M_N_art00012_art00014_11815.jpg,DETECTED,True,0.3234,765,0.9961,None
Tp_D_NRN_M_N_art00013_art00010_11830.jpg,DETECTED,True,0.2974,763,0.9935,None
Tp_D_NRN_M_N_art00013_art00011_11838.jpg,DETECTED,True,0.2826,765,0.9961,None
Tp_D_NRN_M_N_art00013_art00014_10271.tif,DETECTED,True,0.0000,0,1.0000,None
Tp_D_NRN_M_N_art00014_art00010_11833.jpg,DETECTED,True,0.0000,0,1.0000,None
Tp_D_NRN_M_N_art00014_art00013_10270.tif,DETECTED,True,0.0000,0,1.0000,None
Tp_D_NRN_M_N_art00025_cha00027_11682.jpg,DETECTED,True,0.0000,0,1.0000,None
Tp_D_NRN_M_N_art00025_cha00028_11683.jpg,DETECTED,True,0.0000,0,1.0000,None
Tp_D_NRN_M_N_art00025_cha00029_11680.jpg,DETECTED,True,0.0000,0,1.0000,None
Tp_D_NRN_M_N_art00034_nat00095_11870.jpg,DETECTED,True,0.2485,724,0.9427,None
Tp_D_NRN_M_N_art00034_nat10122_11872.jpg,DETECTED,True,0.3122,759,0.9883,None
Tp_D_NRN_M_N_art00049_nat00059_11759.jpg,DETECTED,True,0.3003,766,0.9974,None
Tp_D_NRN_M_N_art00052_art00065_10020.tif,DETECTED,True,0.3933,765,0.9961,None
Tp_D_NRN_M_N_art00052_art00098_10181.tif,DETECTED,True,0.0000,0,1.0000,None
Tp_D_NRN_M_N_art00077_art00098_11710.jpg,DETECTED,True,0.0000,0,1.0000,None
Tp_D_NRN_M_N_art00098_art00062_10518.tif,DETECTED,True,0.0000,0,1.0000,None
Tp_D_NRN_M_N_art00098_sec10101_10345.tif,DETECTED,True,0.0000,0,1.0000,None
Tp_D_NRN_M_N_art00099_cha00026_11761.jpg,DETECTED,True,0.0000,0,1.0000,None
Tp_D_NRN_M_N_art00099_cha00028_11762.jpg,DETECTED,True,0.0000,0,1.0000,None
Tp_D_NRN_M_N_art00099_cha00062_11724.jpg,DETECTED,True,0.0000,0,1.0000,None
Tp_D_NRN_M_N_art00099_cha00070_11718.jpg,DETECTED,True,0.3824,767,0.9987,None
Tp_D_NRN_M_N_art10105_cha00062_11601.jpg,DETECTED,True,0.0000,0,1.0000,None
Tp_D_NRN_M_N_art10105_cha10110_11594.jpg,DETECTED,True,0.3678,767,0.9987,None
Tp_D_NRN_M_N_art10107_art10108_11579.jpg,DETECTED,True,0.3667,765,0.9961,None
Tp_D_NRN_M_N_art10107_cha00027_11667.jpg,DETECTED,True,0.0000,0,1.0000,None
Tp_D_NRN_M_N_art10107_cha00040_11664.jpg,DETECTED,True,0.3680,768,1.0000,None
Tp_D_NRN_M_N_art10107_cha00067_11583.jpg,DETECTED,True,0.3796,768,1.0000,None
Tp_D_NRN_M_N_art10107_cha00070_11581.jpg,DETECTED,True,0.3875,766,0.9974,None
Tp_D_NRN_M_N_art10108_cha00062_11576.jpg,DETECTED,True,0.0000,0,1.0000,None
Tp_D_NRN_M_N_art10108_cha00070_11578.jpg,DETECTED,True,0.3863,768,1.0000,None
Tp_D_NRN_M_N_art10108_cha10110_11575.jpg,DETECTED,True,0.3704,768,1.0000,None
Tp_D_NRN_M_N_art10110_cha00062_11645.jpg,DETECTED,True,0.0000,0,1.0000,None
Tp_D_NRN_M_N_art10110_cha00063_11646.jpg,DETECTED,True,0.3425,763,0.9935,None
Tp_D_NRN_M_N_art10110_cha00070_11567.jpg,DETECTED,True,0.3494,765,0.9961,None
Tp_D_NRN_M_N_art10110_cha10110_11566.jpg,DETECTED,True,0.3721,768,1.0000,None
Tp_D_NRN_M_N_art10113_cha10110_11561.jpg,DETECTED,True,0.3921,768,1.0000,None
Tp_D_NRN_M_N_art10115_cha00063_11528.jpg,DETECTED,True,0.3371,767,0.9987,None
Tp_D_NRN_M_N_art10115_cha00067_11527.jpg,DETECTED,True,0.3504,765,0.9961,None
Tp_D_NRN_M_N_art10115_cha10110_11536.jpg,DETECTED,True,0.3608,768,1.0000,None
Tp_D_NRN_M_N_cha00001_cha00031_11384.jpg,DETECTED,True,0.0000,0,1.0000,None
Tp_D_NRN_M_N_cha00001_cha00062_11377.jpg,DETECTED,True,0.0000,0,1.0000,None
Tp_D_NRN_M_N_cha00001_cha00070_11466.jpg,DETECTED,True,0.3492,766,0.9974,None
Tp_D_NRN_M_N_cha00016_cha00014_11155.jpg,DETECTED,True,0.3215,765,0.9961,None
Tp_D_NRN_M_N_cha00024_cha00085_10322.tif,DETECTED,True,0.0000,0,1.0000,None
Tp_D_NRN_M_N_cha00024_nat00099_10323.tif,DETECTED,True,0.0000,0,1.0000,None
Tp_D_NRN_M_N_cha00024_txt00098_10324.tif,DETECTED,True,0.0000,0,1.0000,None
Tp_D_NRN_M_N_cha00027_cha00028_11785.jpg,DETECTED,True,0.3798,767,0.9987,None
Tp_D_NRN_M_N_cha00028_cha00026_11788.jpg,DETECTED,True,0.3297,766,0.9974,None
Tp_D_NRN_M_N_cha00031_pla00050_11388.jpg,DETECTED,True,0.3660,768,1.0000,None
Tp_D_NRN_M_N_cha00033_cha00033_11015.jpg,DETECTED,True,0.1032,248,0.3229,None
Tp_D_NRN_M_N_cha00048_cha00063_10302.tif,DETECTED,True,0.3439,765,0.9961,None
Tp_D_NRN_M_N_cha00050_cha00028_11786.jpg,DETECTED,True,0.3490,765,0.9961,None
Tp_D_NRN_M_N_cha00050_cha00063_10301.tif,DETECTED,True,0.0000,0,1.0000,None
Tp_D_NRN_M_N_cha00054_cha00067_11723.jpg,DETECTED,True,0.3686,766,0.9974,None
Tp_D_NRN_M_N_cha00071_cha00086_11729.jpg,DETECTED,True,0.0000,0,1.0000,None
Tp_D_NRN_M_N_cha00094_ani10101_10047.tif,DETECTED,True,0.0000,0,1.0000,None
Tp_D_NRN_M_N_cha00094_cha00070_11508.jpg,DETECTED,True,0.3740,765,0.9961,None
Tp_D_NRN_M_N_cha00100_ind00002_10051.tif,DETECTED,True,0.0000,0,1.0000,None
Tp_D_NRN_M_N_cha10112_cha00063_11653.jpg,DETECTED,True,0.3694,768,1.0000,None
Tp_D_NRN_M_N_cha10112_cha00067_11654.jpg,DETECTED,True,0.3836,768,1.0000,None
Tp_D_NRN_M_N_cha10112_cha10110_11546.jpg,DETECTED,True,0.3752,768,1.0000,None
Tp_D_NRN_M_N_cha10122_nat10124_12156.jpg,DETECTED,True,0.0000,0,1.0000,None
Tp_D_NRN_M_N_cha10122_nat10139_12158.jpg,DETECTED,True,0.0000,0,1.0000,None
Tp_D_NRN_M_N_cha10122_nat10144_12155.jpg,DETECTED,True,0.0000,0,1.0000,None
Tp_D_NRN_M_N_cha10123_nat10124_12192.jpg,DETECTED,True,0.0000,0,1.0000,None
Tp_D_NRN_M_N_cha10123_nat10139_12193.jpg,DETECTED,True,0.0000,0,1.0000,None
Tp_D_NRN_M_N_cha10130_cha00067_12188.jpg,DETECTED,True,0.0000,0,1.0000,None
Tp_D_NRN_M_N_cha10133_cha00062_12214.jpg,DETECTED,True,0.0000,0,1.0000,None
Tp_D_NRN_M_N_cha10133_cha00070_12213.jpg,DETECTED,True,0.0000,0,1.0000,None
Tp_D_NRN_M_N_cha10136_cha00086_12207.jpg,DETECTED,True,0.0000,0,1.0000,None
Tp_D_NRN_M_N_cha10138_cha00067_12204.jpg,DETECTED,True,0.0000,0,1.0000,None
Tp_D_NRN_M_N_cha10141_cha10142_12236.jpg,DETECTED,True,0.0000,0,1.0000,None
Tp_D_NRN_M_N_cha10142_cha10141_12233.jpg,DETECTED,True,0.0000,0,1.0000,None
Tp_D_NRN_M_N_cha10142_nat10123_12237.jpg,DETECTED,True,0.0000,0,1.0000,None
Tp_D_NRN_M_N_cha10142_nat10139_12238.jpg,DETECTED,True,0.0000,0,1.0000,None
Tp_D_NRN_M_N_cha10162_cha00067_12251.jpg,DETECTED,True,0.0000,0,1.0000,None
Tp_D_NRN_M_N_cha10162_nat00097_12252.jpg,DETECTED,True,0.0000,0,1.0000,None
Tp_D_NRN_M_N_cha10168_cha10180_12302.jpg,DETECTED,True,0.0000,0,1.0000,None
Tp_D_NRN_M_N_cha10168_nat10123_12303.jpg,DETECTED,True,0.0000,0,1.0000,None
Tp_D_NRN_M_N_cha10170_nat10123_12291.jpg,DETECTED,True,0.0000,0,1.0000,None
Tp_D_NRN_M_N_cha10170_nat10169_12292.jpg,DETECTED,True,0.0000,0,1.0000,None
Tp_D_NRN_M_N_cha10173_cha00070_12276.jpg,DETECTED,True,0.0000,0,1.0000,None
Tp_D_NRN_M_N_cha10173_cha10174_12275.jpg,DETECTED,True,0.0000,0,1.0000,None
Tp_D_NRN_M_N_cha10175_cha10174_12279.jpg,DETECTED,True,0.0000,0,1.0000,None
Tp_D_NRN_M_N_cha10198_nat10148_12363.jpg,DETECTED,True,0.0000,0,1.0000,None
Tp_D_NRN_M_N_cha10207_cha10208_12339.jpg,DETECTED,True,0.0000,0,1.0000,None
Tp_D_NRN_M_N_cha10210_cha10208_12337.jpg,DETECTED,True,0.0000,0,1.0000,None
Tp_D_NRN_M_N_ind00014_ind00055_10910.jpg,DETECTED,True,0.3797,768,1.0000,None
Tp_D_NRN_M_N_ind00040_cha00036_11778.jpg,DETECTED,True,0.3681,767,0.9987,None
Tp_D_NRN_M_N_ind00053_cha00036_11777.jpg,DETECTED,True,0.3824,767,0.9987,None
Tp_D_NRN_M_N_ind00053_cha00062_11378.jpg,DETECTED,True,0.0000,0,1.0000,None
Tp_D_NRN_M_N_ind00055_cha00036_11779.jpg,DETECTED,True,0.3663,767,0.9987,None
Tp_D_NRN_M_N_ind00082_cha00040_11755.jpg,DETECTED,True,0.3724,767,0.9987,None
Tp_D_NRN_M_N_ind00084_cha00036_11752.jpg,DETECTED,True,0.3745,767,0.9987,None
Tp_D_NRN_M_N_ind00084_cha00063_11753.jpg,DETECTED,True,0.3574,768,1.0000,None
Tp_D_NRN_M_N_ind00100_cha00070_11394.jpg,DETECTED,True,0.3531,764,0.9948,None
Tp_D_NRN_M_N_ind10102_cha00070_11549.jpg,DETECTED,True,0.3401,766,0.9974,None
Tp_D_NRN_M_N_ind10102_cha10110_11548.jpg,DETECTED,True,0.3676,768,1.0000,None
Tp_D_NRN_M_N_ind10102_cha10112_11547.jpg,DETECTED,True,0.3646,768,1.0000,None
Tp_D_NRN_M_N_ind10103_cha10110_11553.jpg,DETECTED,True,0.3779,768,1.0000,None
Tp_D_NRN_M_N_ind10103_pla00050_11558.jpg,DETECTED,True,0.0000,0,1.0000,None
Tp_D_NRN_M_N_nat00002_cha00062_11516.jpg,DETECTED,True,0.0000,0,1.0000,None
Tp_D_NRN_M_N_nat00002_nat00059_11513.jpg,DETECTED,True,0.1741,497,0.6471,None
Tp_D_NRN_M_N_nat00002_nat00062_11512.jpg,DETECTED,True,0.1892,629,0.8190,None
Tp_D_NRN_M_N_nat00008_cha00072_11465.jpg,DETECTED,True,0.2731,741,0.9648,None
Tp_D_NRN_M_N_nat00011_nat00012_11056.jpg,DETECTED,True,0.1929,705,0.9180,None
Tp_D_NRN_M_N_nat00012_nat00013_11054.jpg,DETECTED,True,0.2715,766,0.9974,None
Tp_D_NRN_M_N_nat00013_cha00070_11393.jpg,DETECTED,True,0.3508,766,0.9974,None
Tp_D_NRN_M_N_nat00014_nat00028_11038.jpg,DETECTED,True,0.0000,0,1.0000,None
Tp_D_NRN_M_N_nat00025_nat00028_11037.jpg,DETECTED,True,0.2819,745,0.9701,None
Tp_D_NRN_M_N_nat00028_nat00013_11053.jpg,DETECTED,True,0.2419,695,0.9049,None
Tp_D_NRN_M_N_nat00031_nat00013_11065.jpg,DETECTED,True,0.3416,768,1.0000,None
Tp_D_NRN_M_N_nat00033_cha00070_11476.jpg,DETECTED,True,0.3651,768,1.0000,None
Tp_D_NRN_M_N_nat00040_nat00013_11073.jpg,DETECTED,True,0.2718,720,0.9375,None
Tp_D_NRN_M_N_nat00044_art00025_11432.jpg,DETECTED,True,0.3469,765,0.9961,None
Tp_D_NRN_M_N_nat00072_nat00059_11107.jpg,DETECTED,True,0.2894,765,0.9961,None
Tp_D_NRN_M_N_nat00083_ani00037_10055.tif,DETECTED,True,0.4162,767,0.9987,None
Tp_D_NRN_M_N_nat00086_ani00031_10146.tif,DETECTED,True,0.2851,765,0.9961,None
Tp_D_NRN_M_N_nat00089_pla10118_10583.jpg,DETECTED,True,0.2322,1868,0.9719,None
Tp_D_NRN_M_N_nat00091_nat00097_11099.jpg,DETECTED,True,0.2298,749,0.9753,None
Tp_D_NRN_M_N_nat00093_nat00059_11112.jpg,DETECTED,True,0.2707,754,0.9818,None
Tp_D_NRN_M_N_nat00095_nat00083_10080.tif,DETECTED,True,0.1925,727,0.9466,None
Tp_D_NRN_M_N_nat00095_nat00099_10079.tif,DETECTED,True,0.2463,758,0.9870,None
Tp_D_NRN_M_N_nat00095_nat10122_11359.jpg,DETECTED,True,0.2573,733,0.9544,None
Tp_D_NRN_M_N_nat00097_nat00059_11109.jpg,DETECTED,True,0.2818,761,0.9909,None
Tp_D_NRN_M_N_nat00098_art00096_11448.jpg,DETECTED,True,0.2571,754,0.9818,None
Tp_D_NRN_M_N_nat00098_nat00099_10062.tif,DETECTED,True,0.2439,764,0.9948,None
Tp_D_NRN_M_N_nat00099_art00096_11447.jpg,DETECTED,True,0.2960,764,0.9948,None
Tp_D_NRN_M_N_nat00099_nat00023_10348.tif,DETECTED,True,0.3058,768,1.0000,None
Tp_D_NRN_M_N_nat10103_ani00005_10117.tif,DETECTED,True,0.2993,760,0.9896,None
Tp_D_NRN_M_N_nat10106_nat00059_11351.jpg,DETECTED,True,0.3167,766,0.9974,None
Tp_D_NRN_M_N_nat10107_nat00059_11484.jpg,DETECTED,True,0.2834,763,0.9935,None
Tp_D_NRN_M_N_nat10107_nat00095_11485.jpg,DETECTED,True,0.2036,731,0.9518,None
Tp_D_NRN_M_N_nat10107_nat00097_11483.jpg,DETECTED,True,0.1931,697,0.9076,None
Tp_D_NRN_M_N_nat10108_cha00052_11364.jpg,DETECTED,True,0.3544,768,1.0000,None
Tp_D_NRN_M_N_nat10110_cha00031_11367.jpg,DETECTED,True,0.0000,0,1.0000,None
Tp_D_NRN_M_N_nat10110_cha00052_11366.jpg,DETECTED,True,0.3433,766,0.9974,None
Tp_D_NRN_M_N_nat10110_cha00062_11383.jpg,DETECTED,True,0.0000,0,1.0000,None
Tp_D_NRN_M_N_nat10110_cha00070_11373.jpg,DETECTED,True,0.3662,768,1.0000,None
Tp_D_NRN_M_N_nat10110_cha00086_11370.jpg,DETECTED,True,0.0000,0,1.0000,None
Tp_D_NRN_M_N_nat10111_art00021_11467.jpg,DETECTED,True,0.3024,762,0.9922,None
Tp_D_NRN_M_N_nat10111_cha00072_11468.jpg,DETECTED,True,0.2971,764,0.9948,None
Tp_D_NRN_M_N_nat10111_nat00062_11363.jpg,DETECTED,True,0.2692,758,0.9870,None
Tp_D_NRN_M_N_nat10111_nat10122_11362.jpg,DETECTED,True,0.3012,765,0.9961,None
Tp_D_NRN_M_N_nat10113_nat00062_11382.jpg,DETECTED,True,0.3177,759,0.9883,None
Tp_D_NRN_M_N_nat10113_nat10123_11381.jpg,DETECTED,True,0.3212,758,0.9870,None
Tp_D_NRN_M_N_nat10114_cha00052_11365.jpg,DETECTED,True,0.3049,764,0.9948,None
Tp_D_NRN_M_N_nat10114_cha00070_11481.jpg,DETECTED,True,0.3596,764,0.9948,None
Tp_D_NRN_M_N_nat10116_cha00027_11675.jpg,DETECTED,True,0.0000,0,1.0000,None
Tp_D_NRN_M_N_nat10116_cha00028_11676.jpg,DETECTED,True,0.0000,0,1.0000,None
Tp_D_NRN_M_N_nat10116_cha00029_11673.jpg,DETECTED,True,0.0000,0,1.0000,None
Tp_D_NRN_M_N_nat10116_cha00031_11368.jpg,DETECTED,True,0.0000,0,1.0000,None
Tp_D_NRN_M_N_nat10116_cha00050_11677.jpg,DETECTED,True,0.0000,0,1.0000,None
Tp_D_NRN_M_N_nat10116_cha00052_11369.jpg,DETECTED,True,0.3440,767,0.9987,None
Tp_D_NRN_M_N_nat10116_cha00067_11374.jpg,DETECTED,True,0.3636,768,1.0000,None
Tp_D_NRN_M_N_nat10116_cha00070_11372.jpg,DETECTED,True,0.3757,767,0.9987,None
Tp_D_NRN_M_N_nat10116_cha00071_11730.jpg,DETECTED,True,0.3712,768,1.0000,None
Tp_D_NRN_M_N_nat10118_nat10123_11391.jpg,DETECTED,True,0.3023,748,0.9740,None
Tp_D_NRN_M_N_nat10122_nat00097_11337.jpg,DETECTED,True,0.2209,605,0.7878,None
Tp_D_NRN_M_N_nat10123_nat00097_11338.jpg,DETECTED,True,0.2639,760,0.9896,None
Tp_D_NRN_M_N_nat10123_nat10122_11336.jpg,DETECTED,True,0.2708,718,0.9349,None
Tp_D_NRN_M_N_nat10124_arc10122_12149.jpg,DETECTED,True,0.0000,0,1.0000,None
Tp_D_NRN_M_N_nat10126_cha00063_11652.jpg,DETECTED,True,0.3874,768,1.0000,None
Tp_D_NRN_M_N_nat10126_cha10110_11535.jpg,DETECTED,True,0.3803,768,1.0000,None
Tp_D_NRN_M_N_nat10129_cha00071_11731.jpg,DETECTED,True,0.3703,768,1.0000,None
Tp_D_NRN_M_N_nat10131_nat10132_11904.jpg,DETECTED,True,0.0000,0,1.0000,None
Tp_D_NRN_M_N_nat10131_nat10132_11905.jpg,DETECTED,True,0.0000,0,1.0000,None
Tp_D_NRN_M_N_nat10133_nat00013_11910.jpg,DETECTED,True,0.0000,0,1.0000,None
Tp_D_NRN_M_N_nat10134_nat00095_11912.jpg,DETECTED,True,0.0000,0,1.0000,None
Tp_D_NRN_M_N_nat10134_nat10124_11913.jpg,DETECTED,True,0.0000,0,1.0000,None
Tp_D_NRN_M_N_nat10136_arc00023_11916.jpg,DETECTED,True,0.0000,0,1.0000,None
Tp_D_NRN_M_N_nat10136_arc00069_11918.jpg,DETECTED,True,0.0000,0,1.0000,None
Tp_D_NRN_M_N_nat10136_cha00085_11917.jpg,DETECTED,True,0.0000,0,1.0000,None
Tp_D_NRN_M_N_nat10137_nat00059_11936.jpg,DETECTED,True,0.0000,0,1.0000,None
Tp_D_NRN_M_N_nat10137_nat00095_11938.jpg,DETECTED,True,0.0000,0,1.0000,None
Tp_D_NRN_M_N_nat10137_nat10124_11937.jpg,DETECTED,True,0.0000,0,1.0000,None
Tp_D_NRN_M_N_nat10138_nat00095_11940.jpg,DETECTED,True,0.0000,0,1.0000,None
Tp_D_NRN_M_N_nat10140_nat00095_11956.jpg,DETECTED,True,0.0000,0,1.0000,None
Tp_D_NRN_M_N_nat10140_nat00097_11957.jpg,DETECTED,True,0.0000,0,1.0000,None
Tp_D_NRN_M_N_nat10140_nat10138_11955.jpg,DETECTED,True,0.2261,2213,0.9221,None
Tp_D_NRN_M_N_nat10140_nat10139_11954.jpg,DETECTED,True,0.2375,2281,0.9504,None
Tp_D_NRN_M_N_nat10142_arc00069_11962.jpg,DETECTED,True,0.0000,0,1.0000,None
Tp_D_NRN_M_N_nat10143_nat00095_12035.jpg,DETECTED,True,0.0000,0,1.0000,None
Tp_D_NRN_M_N_nat10144_nat00059_11969.jpg,DETECTED,True,0.0000,0,1.0000,None
Tp_D_NRN_M_N_nat10144_nat00060_11965.jpg,DETECTED,True,0.0000,0,1.0000,None
Tp_D_NRN_M_N_nat10144_nat00060_11974.jpg,DETECTED,True,0.0000,0,1.0000,None
Tp_D_NRN_M_N_nat10144_nat00095_11975.jpg,DETECTED,True,0.0000,0,1.0000,None
Tp_D_NRN_M_N_nat10144_nat00097_11972.jpg,DETECTED,True,0.0000,0,1.0000,None
Tp_D_NRN_M_N_nat10144_nat00099_11966.jpg,DETECTED,True,0.0000,0,1.0000,None
Tp_D_NRN_M_N_nat10144_nat10124_11970.jpg,DETECTED,True,0.0000,0,1.0000,None
Tp_D_NRN_M_N_nat10144_nat10128_11971.jpg,DETECTED,True,0.0000,0,1.0000,None
Tp_D_NRN_M_N_nat10144_nat10142_11967.jpg,DETECTED,True,0.2334,2308,0.9617,None
Tp_D_NRN_M_N_nat10144_nat10145_11964.jpg,DETECTED,True,0.2662,2360,0.9833,None
Tp_D_NRN_M_N_nat10144_nat10156_12150.jpg,DETECTED,True,0.2537,2329,0.9704,None
Tp_D_NRN_M_N_nat10145_ani00001_11979.jpg,DETECTED,True,0.0000,0,1.0000,None
Tp_D_NRN_M_N_nat10145_cha00070_11991.jpg,DETECTED,True,0.0000,0,1.0000,None
Tp_D_NRN_M_N_nat10145_nat10145_11978.jpg,DETECTED,True,0.0509,429,0.1787,None
Tp_D_NRN_M_N_nat10147_nat00095_11998.jpg,DETECTED,True,0.0000,0,1.0000,None
Tp_D_NRN_M_N_nat10147_nat00097_11997.jpg,DETECTED,True,0.0000,0,1.0000,None
Tp_D_NRN_M_N_nat10147_nat10124_11999.jpg,DETECTED,True,0.0000,0,1.0000,None
Tp_D_NRN_M_N_nat10148_nat00097_12122.jpg,DETECTED,True,0.0000,0,1.0000,None
Tp_D_NRN_M_N_nat10148_nat10142_12125.jpg,DETECTED,True,0.0000,0,1.0000,None
Tp_D_NRN_M_N_nat10148_nat10159_12124.jpg,DETECTED,True,0.0000,0,1.0000,None
Tp_D_NRN_M_N_nat10148_nat10161_12121.jpg,DETECTED,True,0.2672,1590,0.9464,None
Tp_D_NRN_M_N_nat10149_nat00060_12003.jpg,DETECTED,True,0.0000,0,1.0000,None
Tp_D_NRN_M_N_nat10150_nat00013_12031.jpg,DETECTED,True,0.0000,0,1.0000,None
Tp_D_NRN_M_N_nat10150_nat00060_12032.jpg,DETECTED,True,0.0000,0,1.0000,None
Tp_D_NRN_M_N_nat10150_nat00095_12034.jpg,DETECTED,True,0.0000,0,1.0000,None
Tp_D_NRN_M_N_nat10150_nat10124_12033.jpg,DETECTED,True,0.0000,0,1.0000,None
Tp_D_NRN_M_N_nat10150_nat10125_12036.jpg,DETECTED,True,0.0000,0,1.0000,None
Tp_D_NRN_M_N_nat10150_nat10147_12029.jpg,DETECTED,True,0.0000,0,1.0000,None
Tp_D_NRN_M_N_nat10150_nat10156_12030.jpg,DETECTED,True,0.0000,0,1.0000,None
Tp_D_NRN_M_N_nat10151_cha00070_12108.jpg,DETECTED,True,0.0000,0,1.0000,None
Tp_D_NRN_M_N_nat10152_nat10161_12147.jpg,DETECTED,True,0.3233,1661,0.9887,None
Tp_D_NRN_M_N_nat10154_nat10160_12074.jpg,DETECTED,True,0.0000,0,1.0000,None
Tp_D_NRN_M_N_nat10155_nat10123_12116.jpg,DETECTED,True,0.0000,0,1.0000,None
Tp_D_NRN_M_N_nat10156_ani00097_12012.jpg,DETECTED,True,0.0000,0,1.0000,None
Tp_D_NRN_M_N_nat10156_cha00063_12009.jpg,DETECTED,True,0.0000,0,1.0000,None
Tp_D_NRN_M_N_nat10156_cha00070_12011.jpg,DETECTED,True,0.0000,0,1.0000,None
Tp_D_NRN_M_N_nat10157_cha00062_12043.jpg,DETECTED,True,0.0000,0,1.0000,None
Tp_D_NRN_M_N_nat10157_cha00063_12041.jpg,DETECTED,True,0.0000,0,1.0000,None
Tp_D_NRN_M_N_nat10157_cha00070_12042.jpg,DETECTED,True,0.0000,0,1.0000,None
Tp_D_NRN_M_N_nat10157_nat00060_12047.jpg,DETECTED,True,0.0000,0,1.0000,None
Tp_D_NRN_M_N_nat10157_nat10128_12045.jpg,DETECTED,True,0.0000,0,1.0000,None
Tp_D_NRN_M_N_nat10160_nat00059_12067.jpg,DETECTED,True,0.0000,0,1.0000,None
Tp_D_NRN_M_N_nat10160_nat00095_12064.jpg,DETECTED,True,0.0000,0,1.0000,None
Tp_D_NRN_M_N_nat10160_nat00097_12065.jpg,DETECTED,True,0.0000,0,1.0000,None
Tp_D_NRN_M_N_nat10160_nat10138_12066.jpg,DETECTED,True,0.2292,2213,0.9221,None
Tp_D_NRN_M_N_nat10160_nat10140_12072.jpg,DETECTED,True,0.2346,2256,0.9400,None
Tp_D_NRN_M_N_nat10160_nat10147_12069.jpg,DETECTED,True,0.2537,2315,0.9646,None
Tp_D_NRN_M_N_nat10160_nat10159_12070.jpg,DETECTED,True,0.2310,2162,0.9008,None
Tp_D_NRN_M_N_nat10161_nat10148_12119.jpg,DETECTED,True,0.2890,1636,0.9738,None
Tp_D_NRN_M_N_nat10161_nat10158_12083.jpg,DETECTED,True,0.0000,0,1.0000,None
Tp_D_NRN_M_N_nat10167_cha00070_12103.jpg,DETECTED,True,0.0000,0,1.0000,None
Tp_D_NRN_M_N_pla00016_pla00014_10962.jpg,DETECTED,True,0.3543,768,1.0000,None
Tp_D_NRN_M_N_pla00019_pla00020_10009.tif,DETECTED,True,0.3330,766,0.9974,None
Tp_D_NRN_M_N_pla00020_pla10126_12132.jpg,DETECTED,True,0.0000,0,1.0000,None
Tp_D_NRN_M_N_pla00027_pla00014_10963.jpg,DETECTED,True,0.3614,766,0.9974,None
Tp_D_NRN_M_N_pla10115_cha00085_10124.tif,DETECTED,True,0.0000,0,1.0000,None
Tp_D_NRN_M_N_pla10115_pla10114_10395.tif,DETECTED,True,0.3455,1425,0.9993,None
Tp_D_NRN_M_N_pla10115_txt00065_10125.tif,DETECTED,True,0.0000,0,1.0000,None
Tp_D_NRN_M_N_pla10115_txt00068_10126.tif,DETECTED,True,0.0000,0,1.0000,None
Tp_D_NRN_M_N_pla10115_txt00068_10127.tif,DETECTED,True,0.0000,0,1.0000,None
Tp_D_NRN_M_N_pla10121_cha00029_11668.jpg,DETECTED,True,0.0000,0,1.0000,None
Tp_D_NRN_M_N_pla10121_cha00050_11658.jpg,DETECTED,True,0.0000,0,1.0000,None
Tp_D_NRN_M_N_pla10121_cha10110_11602.jpg,DETECTED,True,0.4113,768,1.0000,None
Tp_D_NRN_M_N_pla10123_cha10110_11556.jpg,DETECTED,True,0.0000,0,1.0000,None
Tp_D_NRN_M_N_pla10124_cha00062_11557.jpg,DETECTED,True,0.0000,0,1.0000,None
Tp_D_NRN_M_N_sec00007_sec00004_10033.tif,DETECTED,True,0.0000,0,1.0000,None
Tp_D_NRN_M_N_sec00014_cha00052_11401.jpg,DETECTED,True,0.3929,766,0.9974,None
Tp_D_NRN_M_N_sec00014_cha00070_11404.jpg,DETECTED,True,0.3991,766,0.9974,None
Tp_D_NRN_M_N_sec00015_cha00062_11399.jpg,DETECTED,True,0.0000,0,1.0000,None
Tp_D_NRN_M_N_sec00016_cha00070_11398.jpg,DETECTED,True,0.3896,768,1.0000,None
Tp_D_NRN_M_N_sec00021_cha00052_11405.jpg,DETECTED,True,0.3611,768,1.0000,None
Tp_D_NRN_M_N_sec00021_cha00070_11475.jpg,DETECTED,True,0.3841,766,0.9974,None
Tp_D_NRN_M_N_sec00024_art00069_10781.jpg,DETECTED,True,0.0000,0,1.0000,None
Tp_D_NRN_M_N_sec00040_cha00070_11474.jpg,DETECTED,True,0.3806,768,1.0000,None
Tp_D_NRN_M_N_sec00062_cha00052_11407.jpg,DETECTED,True,0.3173,758,0.9870,None
Tp_D_NRN_M_N_sec00062_cha00062_11478.jpg,DETECTED,True,0.0000,0,1.0000,None
Tp_D_NRN_M_N_sec00062_cha00070_11479.jpg,DETECTED,True,0.3652,767,0.9987,None
Tp_D_NRN_M_N_sec00064_cha00070_11408.jpg,DETECTED,True,0.3686,768,1.0000,None
Tp_D_NRN_M_N_sec00069_art00028_11278.jpg,DETECTED,True,0.0000,0,1.0000,None
Tp_D_NRN_M_N_sec00076_pla00050_10389.tif,DETECTED,True,0.3825,768,1.0000,None
Tp_D_NRN_M_N_sec00087_cha00070_11469.jpg,DETECTED,True,0.3751,768,1.0000,None
Tp_D_NRN_M_N_sec00087_nat00062_11410.jpg,DETECTED,True,0.3527,750,0.9766,None
Tp_D_NRN_M_N_sec00089_cha00063_11489.jpg,DETECTED,True,0.3559,768,1.0000,None
Tp_D_NRN_M_N_sec00089_cha00070_11490.jpg,DETECTED,True,0.3665,767,0.9987,None
Tp_D_NRN_M_N_sec00090_sec00098_10336.tif,DETECTED,True,0.3155,767,0.9987,None
Tp_D_NRN_M_N_sec10101_art00098_10346.tif,DETECTED,True,0.0000,0,1.0000,None
Tp_D_NRN_M_N_sec10105_sec10109_10333.tif,DETECTED,True,0.0000,0,1.0000,None
Tp_D_NRN_M_N_sec10106_sec10109_10332.tif,DETECTED,True,0.0000,0,1.0000,None
Tp_D_NRN_M_N_sec10112_art00098_10343.tif,DETECTED,True,0.0000,0,1.0000,None
Tp_D_NRN_M_N_sec10115_cha00062_11533.jpg,DETECTED,True,0.0000,0,1.0000,None
Tp_D_NRN_M_N_sec10115_cha00070_11532.jpg,DETECTED,True,0.4026,767,0.9987,None
Tp_D_NRN_M_N_txt00006_txt00028_10849.jpg,DETECTED,True,0.4116,768,1.0000,None
Tp_D_NRN_M_N_txt00059_pla00050_10390.tif,DETECTED,True,0.0000,0,1.0000,None
Tp_D_NRN_M_N_txt00065_sec00077_10391.tif,DETECTED,True,0.2751,762,0.9922,None
Tp_D_NRN_M_N_txt00068_txt10112_10109.tif,DETECTED,True,0.0000,0,1.0000,None
Tp_D_NRN_M_N_txt10111_txt10104_10810.jpg,DETECTED,True,0.0000,0,1.0000,None
Tp_D_NRN_M_N_txt10112_nat10103_10110.tif,DETECTED,True,0.0000,0,1.0000,None
Tp_D_NRN_M_N_txt10112_nat10103_10111.tif,DETECTED,True,0.0000,0,1.0000,None
Tp_D_NRN_M_O_ani00063_ani00031_10057.tif,DETECTED,True,0.3190,768,1.0000,None
Tp_D_NRN_M_O_ani00097_ani00036_10039.tif,DETECTED,True,0.3233,766,0.9974,None
Tp_D_NRN_M_O_ani10104_ani10101_10021.tif,DETECTED,True,0.3088,330,1.0000,None
Tp_D_NRN_M_O_ani10105_ani10104_10022.tif,DETECTED,True,0.2911,328,0.9939,None
Tp_D_NRN_M_O_arc00018_arc00025_10016.jpg,DETECTED,True,0.0000,0,1.0000,None
Tp_D_NRN_M_O_arc00023_arc00008_10010.tif,DETECTED,True,0.3582,765,0.9961,None
Tp_D_NRN_M_O_arc00023_cha00014_10011.tif,DETECTED,True,0.0000,0,1.0000,None
Tp_D_NRN_M_O_arc00082_arc00069_10012.tif,DETECTED,True,0.2812,746,0.9714,None
Tp_D_NRN_M_O_arc00082_art00096_11519.jpg,DETECTED,True,0.3074,763,0.9935,None
Tp_D_NRN_M_O_art10108_cha00063_11633.jpg,DETECTED,True,0.3695,767,0.9987,None
Tp_D_NRN_M_O_cha00004_art00010_10169.tif,DETECTED,True,0.3536,767,0.9987,None
Tp_D_NRN_M_O_cha00071_cha00095_10049.tif,DETECTED,True,0.3739,768,1.0000,None
Tp_D_NRN_M_O_cha00094_cha00095_10046.tif,DETECTED,True,0.3785,768,1.0000,None
Tp_D_NRN_M_O_ind00016_ind00017_10013.tif,DETECTED,True,0.3859,766,0.9974,None
Tp_D_NRN_M_O_ind00020_ind00031_10014.tif,DETECTED,True,0.3415,766,0.9974,None
Tp_D_NRN_M_O_ind00030_ind00031_10015.tif,DETECTED,True,0.3100,763,0.9935,None
Tp_D_NRN_M_O_nat00037_cha00062_11385.jpg,DETECTED,True,0.0000,0,1.0000,None
Tp_D_NRN_M_O_nat10151_cha00062_12107.jpg,DETECTED,True,0.0000,0,1.0000,None
Tp_D_NRN_M_O_nat10157_nat00095_12046.jpg,DETECTED,True,0.0000,0,1.0000,None
Tp_D_NRN_M_O_sec00001_sec00007_10032.tif,DETECTED,True,0.3929,767,0.9987,None
Tp_D_NRN_M_O_sec10101_sec10107_10024.tif,DETECTED,True,0.3401,300,1.0000,None
Tp_D_NRN_M_O_sec10105_cha10104_10027.tif,DETECTED,True,0.0000,0,1.0000,None
Tp_D_NRN_M_O_sec10107_sec10101_10025.tif,DETECTED,True,0.3690,300,1.0000,None
Tp_D_NRN_M_O_sec20054_sec20042_01644.tif,DETECTED,True,0.0000,0,1.0000,None
Tp_D_NRN_S_B_ani00021_ani00020_20015.jpg,DETECTED,True,0.3445,767,0.9987,None
Tp_D_NRN_S_B_ani00023_ani00022_20073.jpg,DETECTED,True,0.3156,767,0.9987,None
Tp_D_NRN_S_B_ani00028_ani00029_20111.jpg,DETECTED,True,0.0000,0,1.0000,None
Tp_D_NRN_S_B_ani00036_ani00037_00156.tif,DETECTED,True,0.3993,768,1.0000,None
Tp_D_NRN_S_B_ani00066_ani00013_00186.tif,DETECTED,True,0.3899,768,1.0000,None
Tp_D_NRN_S_B_ani00067_ani00062_11127.jpg,DETECTED,True,0.3877,768,1.0000,None
Tp_D_NRN_S_B_ani00093_ani00021_00213.tif,DETECTED,True,0.3357,767,0.9987,None
Tp_D_NRN_S_B_ani00097_ani00097_10059.tif,DETECTED,True,0.0246,67,0.0872,None
Tp_D_NRN_S_B_ani10209_ani10210_12372.jpg,DETECTED,True,0.0000,0,1.0000,None
Tp_D_NRN_S_B_arc00024_ani00024_20074.jpg,DETECTED,True,0.3338,768,1.0000,None
Tp_D_NRN_S_B_arc00042_ani00070_00262.tif,DETECTED,True,0.3385,765,0.9961,None
Tp_D_NRN_S_B_arc00051_ani00005_00271.tif,DETECTED,True,0.3223,758,0.9870,None
Tp_D_NRN_S_B_arc00054_ani00031_00274.tif,DETECTED,True,0.2667,764,0.9948,None
Tp_D_NRN_S_B_arc00055_ani00005_00275.tif,DETECTED,True,0.3952,767,0.9987,None
Tp_D_NRN_S_B_arc00059_nat00013_11826.jpg,DETECTED,True,0.2973,766,0.9974,None
Tp_D_NRN_S_B_arc00059_nat00095_11827.jpg,DETECTED,True,0.2639,760,0.9896,None
Tp_D_NRN_S_B_arc00060_arc00062_11496.jpg,DETECTED,True,0.3057,746,0.9714,None
Tp_D_NRN_S_B_arc00064_ani00005_00284.tif,DETECTED,True,0.0000,0,1.0000,None
Tp_D_NRN_S_B_arc00074_arc00075_11195.jpg,DETECTED,True,0.3500,762,0.9922,None
Tp_D_NRN_S_B_arc00076_ani00077_00296.tif,DETECTED,True,0.0000,0,1.0000,None
Tp_D_NRN_S_B_arc00080_ani00005_00300.tif,DETECTED,True,0.2587,750,0.9766,None
Tp_D_NRN_S_B_arc00084_ani00058_00304.tif,DETECTED,True,0.0000,0,1.0000,None
Tp_D_NRN_S_B_arc00088_arc00088_00308.tif,DETECTED,True,0.0466,121,0.1576,None
Tp_D_NRN_S_B_arc00089_ani00061_00309.tif,DETECTED,True,0.0000,0,1.0000,None
Tp_D_NRN_S_B_arc00090_ani00096_00310.tif,DETECTED,True,0.3606,766,0.9974,None
Tp_D_NRN_S_B_arc00091_arc00095_11201.jpg,DETECTED,True,0.0000,0,1.0000,None
Tp_D_NRN_S_B_arc00094_ani00100_00314.tif,DETECTED,True,0.3776,768,1.0000,None
Tp_D_NRN_S_B_arc00098_art00092_11796.jpg,DETECTED,True,0.3382,764,0.9948,None
Tp_D_NRN_S_B_arc00099_ani00058_00319.tif,DETECTED,True,0.0000,0,1.0000,None
Tp_D_NRN_S_B_art00002_ani00096_00495.tif,DETECTED,True,0.3373,767,0.9987,None
Tp_D_NRN_S_B_art00004_ani00005_00493.tif,DETECTED,True,0.3528,765,0.9961,None
Tp_D_NRN_S_B_art00022_ani00061_00504.tif,DETECTED,True,0.4077,768,1.0000,None
Tp_D_NRN_S_B_art00025_ani00070_00507.tif,DETECTED,True,0.3150,761,0.9909,None
Tp_D_NRN_S_B_art00030_cha00027_00508.tif,DETECTED,True,0.3780,768,1.0000,None
Tp_D_NRN_S_B_art00035_ani00070_01419.tif,DETECTED,True,0.0000,0,1.0000,None
Tp_D_NRN_S_B_art00044_ind00098_00490.tif,DETECTED,True,0.3271,766,0.9974,None
Tp_D_NRN_S_B_art00049_cha00063_00521.tif,DETECTED,True,0.3334,767,0.9987,None
Tp_D_NRN_S_B_art00059_cha00063_01401.tif,DETECTED,True,0.0000,0,1.0000,None
Tp_D_NRN_S_B_art00063_ani00058_00528.tif,DETECTED,True,0.3104,733,0.9544,None
Tp_D_NRN_S_B_art00078_art00068_01393.tif,DETECTED,True,0.0000,0,1.0000,None
Tp_D_NRN_S_B_art00087_art00087_01010.tif,DETECTED,True,0.0146,31,0.0404,None
Tp_D_NRN_S_B_art00096_ani00070_01385.tif,DETECTED,True,0.2964,757,0.9857,None
Tp_D_NRN_S_B_art00100_cha00026_01381.tif,DETECTED,True,0.0000,0,1.0000,None
Tp_D_NRN_S_B_cha00013_cha00015_20051.jpg,DETECTED,True,0.0000,0,1.0000,None
Tp_D_NRN_S_B_cha00023_cha00022_20075.jpg,DETECTED,True,0.0000,0,1.0000,None
Tp_D_NRN_S_B_cha00026_pla00009_00346.tif,DETECTED,True,0.3764,768,1.0000,None
Tp_D_NRN_S_B_cha00034_cha00040_00354.tif,DETECTED,True,0.3731,767,0.9987,None
Tp_D_NRN_S_B_cha00036_cha00070_11738.jpg,DETECTED,True,0.3751,766,0.9974,None
Tp_D_NRN_S_B_cha00042_cha00040_00362.tif,DETECTED,True,0.3382,767,0.9987,None
Tp_D_NRN_S_B_cha00065_txt00068_10177.tif,DETECTED,True,0.4676,768,1.0000,None
Tp_D_NRN_S_B_cha00076_ani00068_10044.tif,DETECTED,True,0.3353,768,1.0000,None
Tp_D_NRN_S_B_cha00077_ani00023_00397.tif,DETECTED,True,0.3385,768,1.0000,None
Tp_D_NRN_S_B_cha20031_arc20033_02030.tif,DETECTED,True,0.0000,0,1.0000,None
Tp_D_NRN_S_B_ind00007_cha00040_00425.tif,DETECTED,True,0.3620,768,1.0000,None
Tp_D_NRN_S_B_ind00017_ind00098_00003.tif,DETECTED,True,0.3131,746,0.9714,None
Tp_D_NRN_S_B_ind00019_ind00020_20016.jpg,DETECTED,True,0.3614,766,0.9974,None
Tp_D_NRN_S_B_ind00024_art00047_00020.tif,DETECTED,True,0.0000,0,1.0000,None
Tp_D_NRN_S_B_ind00033_ind00098_00448.tif,DETECTED,True,0.0000,0,1.0000,None
Tp_D_NRN_S_B_ind00046_cha00023_00454.tif,DETECTED,True,0.0000,0,1.0000,None
Tp_D_NRN_S_B_ind00054_cha00050_00460.tif,DETECTED,True,0.0000,0,1.0000,None
Tp_D_NRN_S_B_ind00055_cha00040_00461.tif,DETECTED,True,0.3659,768,1.0000,None
Tp_D_NRN_S_B_ind00057_ind00018_00463.tif,DETECTED,True,0.3453,767,0.9987,None
Tp_D_NRN_S_B_ind00063_ani00069_00466.tif,DETECTED,True,0.3206,763,0.9935,None
Tp_D_NRN_S_B_ind00064_ani00069_00467.tif,DETECTED,True,0.3004,765,0.9961,None
Tp_D_NRN_S_B_ind00069_ind00098_00470.tif,DETECTED,True,0.3298,754,0.9818,None
Tp_D_NRN_S_B_ind00094_cha00026_00488.tif,DETECTED,True,0.3227,766,0.9974,None
Tp_D_NRN_S_B_ind10001_ind10002_20009.jpg,DETECTED,True,0.0000,0,1.0000,None
Tp_D_NRN_S_B_nat00004_art00021_11423.jpg,DETECTED,True,0.2964,755,0.9831,None
Tp_D_NRN_S_B_nat00015_cha00014_20052.jpg,DETECTED,True,0.0000,0,1.0000,None
Tp_D_NRN_S_B_nat00020_cha00019_20017.jpg,DETECTED,True,0.3051,764,0.9948,None
Tp_D_NRN_S_B_nat00023_cha00024_20076.jpg,DETECTED,True,0.0000,0,1.0000,None
Tp_D_NRN_S_B_nat00026_ani00070_00643.tif,DETECTED,True,0.0000,0,1.0000,None
Tp_D_NRN_S_B_nat00026_art00021_11422.jpg,DETECTED,True,0.0000,0,1.0000,None
Tp_D_NRN_S_B_nat00040_ani00070_00654.tif,DETECTED,True,0.3158,766,0.9974,None
Tp_D_NRN_S_B_nat00083_sec00063_00997.tif,DETECTED,True,0.3341,756,0.9844,None
Tp_D_NRN_S_B_nat00093_cha00052_00008.tif,DETECTED,True,0.2912,765,0.9961,None
Tp_D_NRN_S_B_nat00098_nat00061_11463.jpg,DETECTED,True,0.2110,734,0.9557,None
Tp_D_NRN_S_B_nat10117_nat10118_11343.jpg,DETECTED,True,0.2714,757,0.9857,None
Tp_D_NRN_S_B_nat10151_sec00097_12109.jpg,DETECTED,True,0.0000,0,1.0000,None
Tp_D_NRN_S_B_nat10167_sec00097_12102.jpg,DETECTED,True,0.0000,0,1.0000,None
Tp_D_NRN_S_B_nat20009_nat20009_01513.tif,DETECTED,True,0.0000,0,1.0000,None
Tp_D_NRN_S_B_nat20017_nat20016_01521.tif,DETECTED,True,0.3243,3242,0.9975,None
Tp_D_NRN_S_B_nat20041_arc20055_02238.tif,DETECTED,True,0.0000,0,1.0000,None
Tp_D_NRN_S_B_pla00083_cha00063_01185.tif,DETECTED,True,0.3759,768,1.0000,None
Tp_D_NRN_S_B_pla00086_ani00058_00608.tif,DETECTED,True,0.0000,0,1.0000,None
Tp_D_NRN_S_B_pla10124_nat00013_11708.jpg,DETECTED,True,0.3382,767,0.9987,None
Tp_D_NRN_S_B_sec00002_ani00017_01432.tif,DETECTED,True,0.3560,766,0.9974,None
Tp_D_NRN_S_B_sec00006_ani00017_00704.tif,DETECTED,True,0.3999,768,1.0000,None
Tp_D_NRN_S_B_sec00009_ind00039_00029.tif,DETECTED,True,0.3517,766,0.9974,None
Tp_D_NRN_S_B_sec00012_sec00017_00032.tif,DETECTED,True,0.0000,0,1.0000,None
Tp_D_NRN_S_B_sec00014_cha00089_00034.tif,DETECTED,True,0.3966,768,1.0000,None
Tp_D_NRN_S_B_sec00014_sec00015_20053.jpg,DETECTED,True,0.3861,768,1.0000,None
Tp_D_NRN_S_B_sec00019_pla00019_20018.jpg,DETECTED,True,0.3749,768,1.0000,None
Tp_D_NRN_S_B_sec00020_pla00021_20019.jpg,DETECTED,True,0.3826,768,1.0000,None
Tp_D_NRN_S_B_sec00021_arc00021_20020.jpg,DETECTED,True,0.0000,0,1.0000,None
Tp_D_NRN_S_B_sec00021_cha00094_00042.tif,DETECTED,True,0.3864,768,1.0000,None
Tp_D_NRN_S_B_sec00024_pla00022_20077.jpg,DETECTED,True,0.3962,768,1.0000,None
Tp_D_NRN_S_B_sec00028_cha00030_20112.jpg,DETECTED,True,0.0000,0,1.0000,None
Tp_D_NRN_S_B_sec00029_nat00029_20113.jpg,DETECTED,True,0.0703,145,0.1888,None
Tp_D_NRN_S_B_sec00044_ind00020_00065.tif,DETECTED,True,0.3425,764,0.9948,None
Tp_D_NRN_S_B_sec00063_cha00001_00084.tif,DETECTED,True,0.3453,766,0.9974,None
Tp_D_NRN_S_B_sec00070_cha00030_00091.tif,DETECTED,True,0.0000,0,1.0000,None
Tp_D_NRN_S_B_sec00075_ani00096_00096.tif,DETECTED,True,0.3237,758,0.9870,None
Tp_D_NRN_S_B_sec00075_cha00026_00019.tif,DETECTED,True,0.0000,0,1.0000,None
Tp_D_NRN_S_B_sec00079_pla00029_00100.tif,DETECTED,True,0.0000,0,1.0000,None
Tp_D_NRN_S_B_sec00081_cha00065_00101.tif,DETECTED,True,0.3515,768,1.0000,None
Tp_D_NRN_S_B_sec00083_ani00070_00722.tif,DETECTED,True,0.3478,763,0.9935,None
Tp_D_NRN_S_B_sec00085_ani00077_00721.tif,DETECTED,True,0.0000,0,1.0000,None
Tp_D_NRN_S_B_sec00088_ani00100_00719.tif,DETECTED,True,0.3807,768,1.0000,None
Tp_D_NRN_S_B_sec00088_cha00047_00108.tif,DETECTED,True,0.3920,767,0.9987,None
Tp_D_NRN_S_B_sec00089_ani00070_00718.tif,DETECTED,True,0.3172,758,0.9870,None
Tp_D_NRN_S_B_sec00093_ani00005_00714.tif,DETECTED,True,0.0000,0,1.0000,None
Tp_D_NRN_S_B_sec00094_cha00050_00114.tif,DETECTED,True,0.3812,768,1.0000,None
Tp_D_NRN_S_B_sec00095_cha00050_00115.tif,DETECTED,True,0.0000,0,1.0000,None
Tp_D_NRN_S_B_sec00095_cha00063_00382.tif,DETECTED,True,0.3527,768,1.0000,None
Tp_D_NRN_S_B_sec00096_ani00070_00711.tif,DETECTED,True,0.3435,767,0.9987,None
Tp_D_NRN_S_N_ani00017_ani00010_00137.tif,DETECTED,True,0.2146,737,0.9596,None
Tp_D_NRN_S_N_ani00024_ani00021_00144.tif,DETECTED,True,0.3193,767,0.9987,None
Tp_D_NRN_S_N_ani00032_ani00034_10235.tif,DETECTED,True,0.0000,0,1.0000,None
Tp_D_NRN_S_N_ani00033_ani00032_10233.tif,DETECTED,True,0.2706,756,0.9844,None
Tp_D_NRN_S_N_ani00033_ani00034_10236.tif,DETECTED,True,0.0000,0,1.0000,None
Tp_D_NRN_S_N_ani00034_ani00032_10234.tif,DETECTED,True,0.0000,0,1.0000,None
Tp_D_NRN_S_N_ani00035_ani00037_00155.tif,DETECTED,True,0.4029,768,1.0000,None
Tp_D_NRN_S_N_ani00044_ani00098_11146.jpg,DETECTED,True,0.3363,768,1.0000,None
Tp_D_NRN_S_N_ani00045_ani00077_00165.tif,DETECTED,True,0.0000,0,1.0000,None
Tp_D_NRN_S_N_ani00050_ani00051_11132.jpg,DETECTED,True,0.3911,768,1.0000,None
Tp_D_NRN_S_N_ani00050_ani00055_10225.tif,DETECTED,True,0.3785,768,1.0000,None
Tp_D_NRN_S_N_ani00051_ani00019_11857.jpg,DETECTED,True,0.3945,768,1.0000,None
Tp_D_NRN_S_N_ani00052_ani00019_11858.jpg,DETECTED,True,0.4023,768,1.0000,None
Tp_D_NRN_S_N_ani00054_ani00054_11129.jpg,DETECTED,True,0.0466,90,0.1172,None
Tp_D_NRN_S_N_ani00055_ani00050_10224.tif,DETECTED,True,0.3785,768,1.0000,None
Tp_D_NRN_S_N_ani00059_ani00055_11144.jpg,DETECTED,True,0.3785,768,1.0000,None
Tp_D_NRN_S_N_ani00060_ani00059_11128.jpg,DETECTED,True,0.3718,768,1.0000,None
Tp_D_NRN_S_N_ani00076_ani00078_10496.tif,DETECTED,True,0.3291,766,0.9974,None
Tp_D_NRN_S_N_ani00081_ani00078_10526.tif,DETECTED,True,0.3270,762,0.9922,None
Tp_D_NRN_S_N_ani00086_ani00031_10056.tif,DETECTED,True,0.2923,762,0.9922,None
Tp_D_NRN_S_N_ani00094_ani00094_01256.tif,DETECTED,True,0.0146,23,0.0299,None
Tp_D_NRN_S_N_ani00096_ani00046_11138.jpg,DETECTED,True,0.0000,0,1.0000,None
Tp_D_NRN_S_N_ani00096_ani00098_11134.jpg,DETECTED,True,0.3612,768,1.0000,None
Tp_D_NRN_S_N_ani00098_ani00051_11133.jpg,DETECTED,True,0.3915,768,1.0000,None
Tp_D_NRN_S_N_ani10117_ani10118_11613.jpg,DETECTED,True,0.3492,768,1.0000,None
Tp_D_NRN_S_N_ani10118_ani10119_11611.jpg,DETECTED,True,0.3499,768,1.0000,None
Tp_D_NRN_S_N_ani10119_ani10118_11612.jpg,DETECTED,True,0.3514,768,1.0000,None
Tp_D_NRN_S_N_ani10120_ani10119_11610.jpg,DETECTED,True,0.3547,768,1.0000,None
Tp_D_NRN_S_N_ani10121_ani00070_11622.jpg,DETECTED,True,0.3615,768,1.0000,None
Tp_D_NRN_S_N_ani10121_ani00100_11617.jpg,DETECTED,True,0.3740,768,1.0000,None
Tp_D_NRN_S_N_ani10121_ani00100_11640.jpg,DETECTED,True,0.3763,768,1.0000,None
Tp_D_NRN_S_N_ani10128_ani00024_12462.jpg,DETECTED,True,0.0000,0,1.0000,None
Tp_D_NRN_S_N_ani10130_ani00031_12498.jpg,DETECTED,True,0.0000,0,1.0000,None
Tp_D_NRN_S_N_ani10136_ani10123_12479.jpg,DETECTED,True,0.0000,0,1.0000,None
Tp_D_NRN_S_N_ani10152_ani10175_12490.jpg,DETECTED,True,0.0000,0,1.0000,None
Tp_D_NRN_S_N_ani10153_ani10175_12486.jpg,DETECTED,True,0.0000,0,1.0000,None
Tp_D_NRN_S_N_ani10160_ani10200_12483.jpg,DETECTED,True,0.0000,0,1.0000,None
Tp_D_NRN_S_N_ani10162_ani10175_12496.jpg,DETECTED,True,0.0000,0,1.0000,None
Tp_D_NRN_S_N_ani10163_ani10196_12497.jpg,DETECTED,True,0.0000,0,1.0000,None
Tp_D_NRN_S_N_ani10168_ani10167_12448.jpg,DETECTED,True,0.0000,0,1.0000,None
Tp_D_NRN_S_N_ani10169_ani10172_12452.jpg,DETECTED,True,0.0000,0,1.0000,None
Tp_D_NRN_S_N_ani10171_ani00001_12458.jpg,DETECTED,True,0.0000,0,1.0000,None
Tp_D_NRN_S_N_ani10171_ani00097_12457.jpg,DETECTED,True,0.0000,0,1.0000,None
Tp_D_NRN_S_N_ani10172_ani10166_12450.jpg,DETECTED,True,0.0000,0,1.0000,None
Tp_D_NRN_S_N_ani10173_ani00070_12455.jpg,DETECTED,True,0.0000,0,1.0000,None
Tp_D_NRN_S_N_ani10186_ani10189_12434.jpg,DETECTED,True,0.0000,0,1.0000,None
Tp_D_NRN_S_N_ani10186_ani10200_12435.jpg,DETECTED,True,0.0000,0,1.0000,None
Tp_D_NRN_S_N_ani10187_ani10190_12438.jpg,DETECTED,True,0.0000,0,1.0000,None
Tp_D_NRN_S_N_ani10187_ani10200_12440.jpg,DETECTED,True,0.0000,0,1.0000,None
Tp_D_NRN_S_N_ani10188_ani10200_12439.jpg,DETECTED,True,0.0000,0,1.0000,None
Tp_D_NRN_S_N_ani10190_ani10196_12429.jpg,DETECTED,True,0.0000,0,1.0000,None
Tp_D_NRN_S_N_ani10190_ani10200_12431.jpg,DETECTED,True,0.0000,0,1.0000,None
Tp_D_NRN_S_N_ani10193_ani10194_12443.jpg,DETECTED,True,0.0000,0,1.0000,None
Tp_D_NRN_S_N_ani10195_ani10194_12401.jpg,DETECTED,True,0.0000,0,1.0000,None
Tp_D_NRN_S_N_ani10195_ani10194_12403.jpg,DETECTED,True,0.0000,0,1.0000,None
Tp_D_NRN_S_N_ani10209_ani10214_12381.jpg,DETECTED,True,0.0000,0,1.0000,None
Tp_D_NRN_S_N_ani10210_ani10209_12373.jpg,DETECTED,True,0.0000,0,1.0000,None
Tp_D_NRN_S_N_ani10211_ani00100_12375.jpg,DETECTED,True,0.0000,0,1.0000,None
Tp_D_NRN_S_N_ani10213_ani00070_12378.jpg,DETECTED,True,0.0000,0,1.0000,None
Tp_D_NRN_S_N_ani10214_ani10209_12380.jpg,DETECTED,True,0.0000,0,1.0000,None
Tp_D_NRN_S_N_ani10215_ani00081_12382.jpg,DETECTED,True,0.0000,0,1.0000,None
Tp_D_NRN_S_N_ani10216_ani00070_12389.jpg,DETECTED,True,0.0000,0,1.0000,None
Tp_D_NRN_S_N_ani20068_ani20067_02110.tif,DETECTED,True,0.0000,0,1.0000,None
Tp_D_NRN_S_N_arc00001_ani00058_00005.tif,DETECTED,True,0.3880,764,0.9948,None
Tp_D_NRN_S_N_arc00002_arc00045_00018.tif,DETECTED,True,0.0000,0,1.0000,None
Tp_D_NRN_S_N_arc00008_cha00028_11768.jpg,DETECTED,True,0.0000,0,1.0000,None
Tp_D_NRN_S_N_arc00013_ani00005_00233.tif,DETECTED,True,0.0000,0,1.0000,None
Tp_D_NRN_S_N_arc00013_arc00020_11702.jpg,DETECTED,True,0.0000,0,1.0000,None
Tp_D_NRN_S_N_arc00013_sec00045_11700.jpg,DETECTED,True,0.0000,0,1.0000,None
Tp_D_NRN_S_N_arc00015_ani00013_00235.tif,DETECTED,True,0.3815,767,0.9987,None
Tp_D_NRN_S_N_arc00016_arc00020_11703.jpg,DETECTED,True,0.3898,767,0.9987,None
Tp_D_NRN_S_N_arc00016_sec00045_11699.jpg,DETECTED,True,0.3747,767,0.9987,None
Tp_D_NRN_S_N_arc00019_arc00019_00239.tif,DETECTED,True,0.0171,32,0.0417,None
Tp_D_NRN_S_N_arc00020_arc00021_20021.jpg,DETECTED,True,0.0000,0,1.0000,None
Tp_D_NRN_S_N_arc00021_ani00058_00241.tif,DETECTED,True,0.0000,0,1.0000,None
Tp_D_NRN_S_N_arc00022_ani00081_00242.tif,DETECTED,True,0.0000,0,1.0000,None
Tp_D_NRN_S_N_arc00023_ani00031_00243.tif,DETECTED,True,0.3086,763,0.9935,None
Tp_D_NRN_S_N_arc00024_cha00026_00244.tif,DETECTED,True,0.0000,0,1.0000,None
Tp_D_NRN_S_N_arc00026_cha00026_00246.tif,DETECTED,True,0.0000,0,1.0000,None
Tp_D_NRN_S_N_arc00027_cha00026_00247.tif,DETECTED,True,0.0000,0,1.0000,None
Tp_D_NRN_S_N_arc00034_cha00023_00254.tif,DETECTED,True,0.3862,766,0.9974,None
Tp_D_NRN_S_N_arc00035_ani00070_00255.tif,DETECTED,True,0.3349,759,0.9883,None
Tp_D_NRN_S_N_arc00037_ani00070_00257.tif,DETECTED,True,0.3259,760,0.9896,None
Tp_D_NRN_S_N_arc00039_ani00005_00259.tif,DETECTED,True,0.3311,763,0.9935,None
Tp_D_NRN_S_N_arc00045_art00092_11757.jpg,DETECTED,True,0.0000,0,1.0000,None
Tp_D_NRN_S_N_arc00054_ani00070_11935.jpg,DETECTED,True,0.2670,756,0.9844,None
Tp_D_NRN_S_N_arc00059_cha00062_11824.jpg,DETECTED,True,0.0000,0,1.0000,None
Tp_D_NRN_S_N_arc00059_cha00063_11825.jpg,DETECTED,True,0.3444,766,0.9974,None
Tp_D_NRN_S_N_arc00060_ani00081_00280.tif,DETECTED,True,0.3164,765,0.9961,None
Tp_D_NRN_S_N_arc00062_art00025_11492.jpg,DETECTED,True,0.3230,761,0.9909,None
Tp_D_NRN_S_N_arc00066_cha00089_00286.tif,DETECTED,True,0.3725,768,1.0000,None
Tp_D_NRN_S_N_arc00069_ani00079_00289.tif,DETECTED,True,0.3565,767,0.9987,None
Tp_D_NRN_S_N_arc00071_art10102_11178.jpg,DETECTED,True,0.0000,0,1.0000,None
Tp_D_NRN_S_N_arc00071_cha00014_11179.jpg,DETECTED,True,0.3187,764,0.9948,None
Tp_D_NRN_S_N_arc00075_cha00063_00295.tif,DETECTED,True,0.3458,765,0.9961,None
Tp_D_NRN_S_N_arc00082_art00025_11518.jpg,DETECTED,True,0.3231,759,0.9883,None
Tp_D_NRN_S_N_arc00084_art00023_10739.jpg,DETECTED,True,0.0000,0,1.0000,None
Tp_D_NRN_S_N_arc00090_art00010_00013.tif,DETECTED,True,0.3556,767,0.9987,None
Tp_D_NRN_S_N_arc00098_ani00098_00318.tif,DETECTED,True,0.0000,0,1.0000,None
Tp_D_NRN_S_N_arc00098_arc00045_11797.jpg,DETECTED,True,0.0000,0,1.0000,None
Tp_D_NRN_S_N_arc10101_ani00095_11170.jpg,DETECTED,True,0.0000,0,1.0000,None
Tp_D_NRN_S_N_arc20044_arc20039_01497.tif,DETECTED,True,0.3332,3169,0.9903,None
Tp_D_NRN_S_N_art00001_ani00068_00494.tif,DETECTED,True,0.3563,765,0.9961,None
Tp_D_NRN_S_N_art00003_ani00013_01193.tif,DETECTED,True,0.0000,0,1.0000,None
Tp_D_NRN_S_N_art00003_ani00037_00496.tif,DETECTED,True,0.0000,0,1.0000,None
Tp_D_NRN_S_N_art00010_art00014_11842.jpg,DETECTED,True,0.0000,0,1.0000,None
Tp_D_NRN_S_N_art00010_art00092_11839.jpg,DETECTED,True,0.0000,0,1.0000,None
Tp_D_NRN_S_N_art00012_art00014_11814.jpg,DETECTED,True,0.3232,765,0.9961,None
Tp_D_NRN_S_N_art00012_art00092_11811.jpg,DETECTED,True,0.3244,764,0.9948,None
Tp_D_NRN_S_N_art00013_art00082_11816.jpg,DETECTED,True,0.3349,760,0.9896,None
Tp_D_NRN_S_N_art00014_art00092_11810.jpg,DETECTED,True,0.3088,764,0.9948,None
Tp_D_NRN_S_N_art00021_ani00005_00503.tif,DETECTED,True,0.2891,759,0.9883,None
Tp_D_NRN_S_N_art00021_art00092_11725.jpg,DETECTED,True,0.0000,0,1.0000,None
Tp_D_NRN_S_N_art00022_cha00100_01425.tif,DETECTED,True,0.0000,0,1.0000,None
Tp_D_NRN_S_N_art00023_ani00058_00505.tif,DETECTED,True,0.4327,761,0.9909,None
Tp_D_NRN_S_N_art00023_art00092_11874.jpg,DETECTED,True,0.0000,0,1.0000,None
Tp_D_NRN_S_N_art00024_ani00040_00506.tif,DETECTED,True,0.3483,766,0.9974,None
Tp_D_NRN_S_N_art00024_ind00098_01424.tif,DETECTED,True,0.2887,754,0.9818,None
Tp_D_NRN_S_N_art00025_ani10123_11689.jpg,DETECTED,True,0.2921,764,0.9948,None
Tp_D_NRN_S_N_art00025_cha00026_11681.jpg,DETECTED,True,0.0000,0,1.0000,None
Tp_D_NRN_S_N_art00027_ani00068_01214.tif,DETECTED,True,0.3665,768,1.0000,None
Tp_D_NRN_S_N_art00029_art00029_01216.tif,DETECTED,True,0.0147,28,0.0365,None
Tp_D_NRN_S_N_art00030_art00055_10471.tif,DETECTED,True,0.3625,764,0.9948,None
Tp_D_NRN_S_N_art00033_ani00013_00511.tif,DETECTED,True,0.3354,767,0.9987,None
Tp_D_NRN_S_N_art00034_ani00013_00512.tif,DETECTED,True,0.3284,766,0.9974,None
Tp_D_NRN_S_N_art00034_ani00058_01420.tif,DETECTED,True,0.3042,760,0.9896,None
Tp_D_NRN_S_N_art00036_art00036_00514.tif,DETECTED,True,0.0399,112,0.1458,None
Tp_D_NRN_S_N_art00037_cha00096_00515.tif,DETECTED,True,0.3699,767,0.9987,None
Tp_D_NRN_S_N_art00040_cha00089_00516.tif,DETECTED,True,0.0000,0,1.0000,None
Tp_D_NRN_S_N_art00041_ani00005_01413.tif,DETECTED,True,0.3175,763,0.9935,None
Tp_D_NRN_S_N_art00041_ani00096_00517.tif,DETECTED,True,0.3321,764,0.9948,None
Tp_D_NRN_S_N_art00042_ani00098_00518.tif,DETECTED,True,0.3328,767,0.9987,None
Tp_D_NRN_S_N_art00046_sec00099_00520.tif,DETECTED,True,0.2954,765,0.9961,None
Tp_D_NRN_S_N_art00050_cha00026_00522.tif,DETECTED,True,0.0000,0,1.0000,None
Tp_D_NRN_S_N_art00051_ani00098_01406.tif,DETECTED,True,0.3320,767,0.9987,None
Tp_D_NRN_S_N_art00051_art00010_01025.tif,DETECTED,True,0.3103,766,0.9974,None
Tp_D_NRN_S_N_art00052_art00092_11854.jpg,DETECTED,True,0.0000,0,1.0000,None
Tp_D_NRN_S_N_art00054_ani00005_00523.tif,DETECTED,True,0.3147,744,0.9688,None
Tp_D_NRN_S_N_art00060_cha00051_01400.tif,DETECTED,True,0.0000,0,1.0000,None
Tp_D_NRN_S_N_art00071_art00078_10478.tif,DETECTED,True,0.3213,766,0.9974,None
Tp_D_NRN_S_N_art00071_art00098_10481.tif,DETECTED,True,0.0000,0,1.0000,None
Tp_D_NRN_S_N_art00071_ind00034_01397.tif,DETECTED,True,0.0000,0,1.0000,None
Tp_D_NRN_S_N_art00072_ani00100_01396.tif,DETECTED,True,0.4000,768,1.0000,None
Tp_D_NRN_S_N_art00074_cha00027_00529.tif,DETECTED,True,0.0000,0,1.0000,None
Tp_D_NRN_S_N_art00083_art00083_01391.tif,DETECTED,True,0.0681,183,0.2383,None
Tp_D_NRN_S_N_art00091_cha00063_00535.tif,DETECTED,True,0.3572,768,1.0000,None
Tp_D_NRN_S_N_art00093_art00009_00536.tif,DETECTED,True,0.0000,0,1.0000,None
Tp_D_NRN_S_N_art00096_art00092_11726.jpg,DETECTED,True,0.0000,0,1.0000,None
Tp_D_NRN_S_N_art00096_cha00089_00492.tif,DETECTED,True,0.3648,767,0.9987,None
Tp_D_NRN_S_N_art00097_ani00013_00537.tif,DETECTED,True,0.3880,767,0.9987,None
Tp_D_NRN_S_N_art00099_ani00005_00539.tif,DETECTED,True,0.3886,768,1.0000,None
Tp_D_NRN_S_N_art00099_ani00100_01382.tif,DETECTED,True,0.3865,768,1.0000,None
Tp_D_NRN_S_N_art00099_art00092_11716.jpg,DETECTED,True,0.0000,0,1.0000,None
Tp_D_NRN_S_N_art10105_ani10123_11599.jpg,DETECTED,True,0.3466,768,1.0000,None
Tp_D_NRN_S_N_art10105_pla00049_11595.jpg,DETECTED,True,0.0000,0,1.0000,None
Tp_D_NRN_S_N_art10106_cha00067_11592.jpg,DETECTED,True,0.3582,765,0.9961,None
Tp_D_NRN_S_N_art10106_cha00067_11593.jpg,DETECTED,True,0.3562,764,0.9948,None
Tp_D_NRN_S_N_art10106_cha10110_11591.jpg,DETECTED,True,0.3651,768,1.0000,None
Tp_D_NRN_S_N_art10107_cha00026_11663.jpg,DETECTED,True,0.0000,0,1.0000,None
Tp_D_NRN_S_N_art10108_ani00100_11630.jpg,DETECTED,True,0.3834,768,1.0000,None
Tp_D_NRN_S_N_art10108_pla00049_11577.jpg,DETECTED,True,0.0000,0,1.0000,None
Tp_D_NRN_S_N_art10110_pla00050_11647.jpg,DETECTED,True,0.0000,0,1.0000,None
Tp_D_NRN_S_N_art10112_ani10123_11684.jpg,DETECTED,True,0.3450,767,0.9987,None
Tp_D_NRN_S_N_art10112_art00092_11781.jpg,DETECTED,True,0.0000,0,1.0000,None
Tp_D_NRN_S_N_art20006_art20005_01812.tif,DETECTED,True,0.2868,3109,0.9870,None
Tp_D_NRN_S_N_art20028_art20029_01834.tif,DETECTED,True,0.0000,0,1.0000,None
Tp_D_NRN_S_N_art20035_art20036_02492.tif,DETECTED,True,0.0000,0,1.0000,None
Tp_D_NRN_S_N_cha00007_ani00096_00327.tif,DETECTED,True,0.0000,0,1.0000,None
Tp_D_NRN_S_N_cha00008_art10102_11163.jpg,DETECTED,True,0.0000,0,1.0000,None
Tp_D_NRN_S_N_cha00011_ani00031_00331.tif,DETECTED,True,0.3176,766,0.9974,None
Tp_D_NRN_S_N_cha00012_art00065_00332.tif,DETECTED,True,0.0000,0,1.0000,None
Tp_D_NRN_S_N_cha00014_ani00068_00334.tif,DETECTED,True,0.0000,0,1.0000,None
Tp_D_NRN_S_N_cha00016_ani00069_00336.tif,DETECTED,True,0.0000,0,1.0000,None
Tp_D_NRN_S_N_cha00016_cha00014_11153.jpg,DETECTED,True,0.3109,767,0.9987,None
Tp_D_NRN_S_N_cha00018_ani00061_00338.tif,DETECTED,True,0.3879,768,1.0000,None
Tp_D_NRN_S_N_cha00020_ani00068_00340.tif,DETECTED,True,0.3460,768,1.0000,None
Tp_D_NRN_S_N_cha00020_art10102_11181.jpg,DETECTED,True,0.0000,0,1.0000,None
Tp_D_NRN_S_N_cha00024_ani00005_00344.tif,DETECTED,True,0.0000,0,1.0000,None
Tp_D_NRN_S_N_cha00027_ani10123_11685.jpg,DETECTED,True,0.0000,0,1.0000,None
Tp_D_NRN_S_N_cha00028_ani00068_10043.tif,DETECTED,True,0.0000,0,1.0000,None
Tp_D_NRN_S_N_cha00028_ani10123_11686.jpg,DETECTED,True,0.0000,0,1.0000,None
Tp_D_NRN_S_N_cha00029_ani10123_11687.jpg,DETECTED,True,0.0000,0,1.0000,None
Tp_D_NRN_S_N_cha00029_pla00033_10991.jpg,DETECTED,True,0.4056,768,1.0000,None
Tp_D_NRN_S_N_cha00030_ani00079_00350.tif,DETECTED,True,0.0000,0,1.0000,None
Tp_D_NRN_S_N_cha00030_pla00033_10990.jpg,DETECTED,True,0.4152,768,1.0000,None
Tp_D_NRN_S_N_cha00031_ani00100_00351.tif,DETECTED,True,0.0000,0,1.0000,None
Tp_D_NRN_S_N_cha00031_pla00020_11386.jpg,DETECTED,True,0.0000,0,1.0000,None
Tp_D_NRN_S_N_cha00031_pla00049_11387.jpg,DETECTED,True,0.3569,768,1.0000,None
Tp_D_NRN_S_N_cha00032_ani00013_00352.tif,DETECTED,True,0.3384,764,0.9948,None
Tp_D_NRN_S_N_cha00035_cha00040_00355.tif,DETECTED,True,0.3761,768,1.0000,None
Tp_D_NRN_S_N_cha00036_art00092_11780.jpg,DETECTED,True,0.0000,0,1.0000,None
Tp_D_NRN_S_N_cha00036_pla00020_11739.jpg,DETECTED,True,0.3571,767,0.9987,None
Tp_D_NRN_S_N_cha00039_cha00040_11012.jpg,DETECTED,True,0.3612,768,1.0000,None
Tp_D_NRN_S_N_cha00040_ani00013_00360.tif,DETECTED,True,0.3431,768,1.0000,None
Tp_D_NRN_S_N_cha00040_ani10123_11679.jpg,DETECTED,True,0.3352,768,1.0000,None
Tp_D_NRN_S_N_cha00041_cha00042_11010.jpg,DETECTED,True,0.0000,0,1.0000,None
Tp_D_NRN_S_N_cha00042_cha00041_11011.jpg,DETECTED,True,0.0000,0,1.0000,None
Tp_D_NRN_S_N_cha00050_ani10123_11688.jpg,DETECTED,True,0.0000,0,1.0000,None
Tp_D_NRN_S_N_cha00053_art00092_11722.jpg,DETECTED,True,0.0000,0,1.0000,None
Tp_D_NRN_S_N_cha00054_cha00086_11719.jpg,DETECTED,True,0.0000,0,1.0000,None
Tp_D_NRN_S_N_cha00062_art00092_11717.jpg,DETECTED,True,0.3508,762,0.9922,None
Tp_D_NRN_S_N_cha00062_cha00062_00381.tif,DETECTED,True,0.0161,28,0.0365,None
Tp_D_NRN_S_N_cha00067_ani00079_00387.tif,DETECTED,True,0.3677,768,1.0000,None
Tp_D_NRN_S_N_cha00070_art00014_11820.jpg,DETECTED,True,0.0000,0,1.0000,None
Tp_D_NRN_S_N_cha00070_cha00028_00390.tif,DETECTED,True,0.0000,0,1.0000,None
Tp_D_NRN_S_N_cha00070_cha00036_11737.jpg,DETECTED,True,0.3743,768,1.0000,None
Tp_D_NRN_S_N_cha00071_ani00098_00391.tif,DETECTED,True,0.3667,768,1.0000,None
Tp_D_NRN_S_N_cha00071_ani10123_11754.jpg,DETECTED,True,0.3435,768,1.0000,None
Tp_D_NRN_S_N_cha00071_pla00049_11782.jpg,DETECTED,True,0.0000,0,1.0000,None
Tp_D_NRN_S_N_cha00072_ani00098_00392.tif,DETECTED,True,0.3338,767,0.9987,None
Tp_D_NRN_S_N_cha00079_ani00068_00399.tif,DETECTED,True,0.3636,767,0.9987,None
Tp_D_NRN_S_N_cha00084_ani00081_00404.tif,DETECTED,True,0.3078,765,0.9961,None
Tp_D_NRN_S_N_cha00085_ind00098_10851.jpg,DETECTED,True,0.2474,757,0.9857,None
Tp_D_NRN_S_N_cha00086_ani10119_11609.jpg,DETECTED,True,0.0000,0,1.0000,None
Tp_D_NRN_S_N_cha00086_ani10123_11600.jpg,DETECTED,True,0.0000,0,1.0000,None
Tp_D_NRN_S_N_cha00086_cha00086_11403.jpg,DETECTED,True,0.0309,50,0.0651,None
Tp_D_NRN_S_N_cha00094_ani00068_00414.tif,DETECTED,True,0.3720,768,1.0000,None
Tp_D_NRN_S_N_cha00095_cha00051_00415.tif,DETECTED,True,0.0000,0,1.0000,None
Tp_D_NRN_S_N_cha10102_cha10106_10159.tif,DETECTED,True,0.3196,289,0.9633,None
Tp_D_NRN_S_N_cha10108_cha00026_11662.jpg,DETECTED,True,0.0000,0,1.0000,None
Tp_D_NRN_S_N_cha10108_cha00050_11657.jpg,DETECTED,True,0.0000,0,1.0000,None
Tp_D_NRN_S_N_cha10108_cha00062_11584.jpg,DETECTED,True,0.0000,0,1.0000,None
Tp_D_NRN_S_N_cha10108_cha10110_11585.jpg,DETECTED,True,0.3719,768,1.0000,None
Tp_D_NRN_S_N_cha10109_ani00005_11587.jpg,DETECTED,True,0.2127,741,0.9648,None
Tp_D_NRN_S_N_cha10109_ani00017_11588.jpg,DETECTED,True,0.1948,741,0.9648,None
Tp_D_NRN_S_N_cha10109_ani00070_11586.jpg,DETECTED,True,0.2573,754,0.9818,None
Tp_D_NRN_S_N_cha10110_cha00026_11661.jpg,DETECTED,True,0.0000,0,1.0000,None
Tp_D_NRN_S_N_cha10110_cha00028_11660.jpg,DETECTED,True,0.0000,0,1.0000,None
Tp_D_NRN_S_N_cha10118_cha10119_12195.jpg,DETECTED,True,0.0000,0,1.0000,None
Tp_D_NRN_S_N_cha10122_pla00050_12159.jpg,DETECTED,True,0.0000,0,1.0000,None
Tp_D_NRN_S_N_cha10127_ani10123_12184.jpg,DETECTED,True,0.0000,0,1.0000,None
Tp_D_NRN_S_N_cha10128_nat10114_12180.jpg,DETECTED,True,0.0000,0,1.0000,None
Tp_D_NRN_S_N_cha10131_ani10123_12185.jpg,DETECTED,True,0.0000,0,1.0000,None
Tp_D_NRN_S_N_cha10133_pla00020_12211.jpg,DETECTED,True,0.0000,0,1.0000,None
Tp_D_NRN_S_N_cha10133_pla10126_12212.jpg,DETECTED,True,0.0000,0,1.0000,None
Tp_D_NRN_S_N_cha10134_pla00020_12202.jpg,DETECTED,True,0.0000,0,1.0000,None
Tp_D_NRN_S_N_cha10137_cha10140_12208.jpg,DETECTED,True,0.2966,2097,0.9986,None
Tp_D_NRN_S_N_cha10139_ani00070_12201.jpg,DETECTED,True,0.0000,0,1.0000,None
Tp_D_NRN_S_N_cha10139_cha10140_12200.jpg,DETECTED,True,0.3115,2098,0.9990,None
Tp_D_NRN_S_N_cha10148_art00092_12224.jpg,DETECTED,True,0.0000,0,1.0000,None
Tp_D_NRN_S_N_cha10149_art00092_12222.jpg,DETECTED,True,0.0000,0,1.0000,None
Tp_D_NRN_S_N_cha10151_cha00062_12220.jpg,DETECTED,True,0.0000,0,1.0000,None
Tp_D_NRN_S_N_cha10157_pla00050_12263.jpg,DETECTED,True,0.0000,0,1.0000,None
Tp_D_NRN_S_N_cha10158_ani10123_12261.jpg,DETECTED,True,0.0000,0,1.0000,None
Tp_D_NRN_S_N_cha10171_cha00062_12282.jpg,DETECTED,True,0.0000,0,1.0000,None
Tp_D_NRN_S_N_cha10179_pla00050_12278.jpg,DETECTED,True,0.0000,0,1.0000,None
Tp_D_NRN_S_N_cha10182_ani00097_12317.jpg,DETECTED,True,0.0000,0,1.0000,None
Tp_D_NRN_S_N_cha10185_ani00100_12314.jpg,DETECTED,True,0.0000,0,1.0000,None
Tp_D_NRN_S_N_cha10186_sec00098_12313.jpg,DETECTED,True,0.0000,0,1.0000,None
Tp_D_NRN_S_N_cha10193_pla00050_12319.jpg,DETECTED,True,0.0000,0,1.0000,None
Tp_D_NRN_S_N_cha10197_cha00062_12367.jpg,DETECTED,True,0.0000,0,1.0000,None
Tp_D_NRN_S_N_cha10209_pla00050_12336.jpg,DETECTED,True,0.0000,0,1.0000,None
Tp_D_NRN_S_N_ind00002_art00076_11746.jpg,DETECTED,True,0.3924,767,0.9987,None
Tp_D_NRN_S_N_ind00002_art00098_11747.jpg,DETECTED,True,0.0000,0,1.0000,None
Tp_D_NRN_S_N_ind00006_ind00005_11748.jpg,DETECTED,True,0.3634,768,1.0000,None
Tp_D_NRN_S_N_ind00008_art00009_00426.tif,DETECTED,True,0.0000,0,1.0000,None
Tp_D_NRN_S_N_ind00009_pla00050_10423.tif,DETECTED,True,0.0000,0,1.0000,None
Tp_D_NRN_S_N_ind00010_art00009_00428.tif,DETECTED,True,0.0000,0,1.0000,None
Tp_D_NRN_S_N_ind00013_cha00023_00431.tif,DETECTED,True,0.0000,0,1.0000,None
Tp_D_NRN_S_N_ind00020_ind00010_00436.tif,DETECTED,True,0.3509,768,1.0000,None
Tp_D_NRN_S_N_ind00021_ind00025_10398.tif,DETECTED,True,0.3539,766,0.9974,None
Tp_D_NRN_S_N_ind00022_ind00088_00438.tif,DETECTED,True,0.2982,758,0.9870,None
Tp_D_NRN_S_N_ind00025_ind00039_10105.tif,DETECTED,True,0.3455,767,0.9987,None
Tp_D_NRN_S_N_ind00025_pla00050_10433.tif,DETECTED,True,0.0000,0,1.0000,None
Tp_D_NRN_S_N_ind00028_ind00020_00443.tif,DETECTED,True,0.3408,765,0.9961,None
Tp_D_NRN_S_N_ind00029_ind00032_11061.jpg,DETECTED,True,0.3695,767,0.9987,None
Tp_D_NRN_S_N_ind00047_ind00018_00455.tif,DETECTED,True,0.3757,767,0.9987,None
Tp_D_NRN_S_N_ind00056_ind00089_00462.tif,DETECTED,True,0.0000,0,1.0000,None
Tp_D_NRN_S_N_ind00059_ani00068_00464.tif,DETECTED,True,0.0000,0,1.0000,None
Tp_D_NRN_S_N_ind00061_ani00098_00465.tif,DETECTED,True,0.0000,0,1.0000,None
Tp_D_NRN_S_N_ind00064_ind00060_10945.jpg,DETECTED,True,0.3943,768,1.0000,None
Tp_D_NRN_S_N_ind00066_ind00071_10697.jpg,DETECTED,True,0.3618,768,1.0000,None
Tp_D_NRN_S_N_ind00071_cha00063_00472.tif,DETECTED,True,0.0000,0,1.0000,None
Tp_D_NRN_S_N_ind00073_art00012_00473.tif,DETECTED,True,0.3325,766,0.9974,None
Tp_D_NRN_S_N_ind00082_ind00086_10684.jpg,DETECTED,True,0.3860,767,0.9987,None
Tp_D_NRN_S_N_ind00083_ind00077_00480.tif,DETECTED,True,0.3497,765,0.9961,None
Tp_D_NRN_S_N_ind00087_ani10123_11775.jpg,DETECTED,True,0.3106,767,0.9987,None
Tp_D_NRN_S_N_ind00087_ind00005_11749.jpg,DETECTED,True,0.3465,764,0.9948,None
Tp_D_NRN_S_N_ind00087_pla00050_11776.jpg,DETECTED,True,0.0000,0,1.0000,None
Tp_D_NRN_S_N_ind00090_cha00063_00485.tif,DETECTED,True,0.3733,767,0.9987,None
Tp_D_NRN_S_N_ind00091_cha00063_00486.tif,DETECTED,True,0.3858,768,1.0000,None
Tp_D_NRN_S_N_ind00092_cha00023_01374.tif,DETECTED,True,0.0000,0,1.0000,None
Tp_D_NRN_S_N_ind00096_cha00083_01380.tif,DETECTED,True,0.3799,768,1.0000,None
Tp_D_NRN_S_N_ind00097_ind00098_01378.tif,DETECTED,True,0.0000,0,1.0000,None
Tp_D_NRN_S_N_ind10104_pla00050_11551.jpg,DETECTED,True,0.0000,0,1.0000,None
Tp_D_NRN_S_N_ind20021_ind20022_01762.tif,DETECTED,True,0.0000,0,1.0000,None
Tp_D_NRN_S_N_ind20065_ind20058_01806.tif,DETECTED,True,0.0000,0,1.0000,None
Tp_D_NRN_S_N_nat00001_ani00005_00621.tif,DETECTED,True,0.2390,748,0.9740,None
Tp_D_NRN_S_N_nat00002_ani00017_11510.jpg,DETECTED,True,0.2354,753,0.9805,None
Tp_D_NRN_S_N_nat00002_ani00058_11515.jpg,DETECTED,True,0.2662,764,0.9948,None
Tp_D_NRN_S_N_nat00002_ani00096_00622.tif,DETECTED,True,0.3062,756,0.9844,None
Tp_D_NRN_S_N_nat00002_cha00086_11517.jpg,DETECTED,True,0.0000,0,1.0000,None
Tp_D_NRN_S_N_nat00004_ani00081_00624.tif,DETECTED,True,0.3230,765,0.9961,None
Tp_D_NRN_S_N_nat00013_ani00005_00633.tif,DETECTED,True,0.3032,765,0.9961,None
Tp_D_NRN_S_N_nat00013_ani00058_11416.jpg,DETECTED,True,0.2897,766,0.9974,None
Tp_D_NRN_S_N_nat00019_cha00021_20022.jpg,DETECTED,True,0.3254,766,0.9974,None
Tp_D_NRN_S_N_nat00020_ani00005_00638.tif,DETECTED,True,0.2899,757,0.9857,None
Tp_D_NRN_S_N_nat00025_ani00058_00642.tif,DETECTED,True,0.3336,755,0.9831,None
Tp_D_NRN_S_N_nat00030_cha00042_11090.jpg,DETECTED,True,0.3305,765,0.9961,None
Tp_D_NRN_S_N_nat00033_ani00005_11506.jpg,DETECTED,True,0.3253,760,0.9896,None
Tp_D_NRN_S_N_nat00033_ani00017_11507.jpg,DETECTED,True,0.3064,760,0.9896,None
Tp_D_NRN_S_N_nat00033_ani00058_11504.jpg,DETECTED,True,0.3322,764,0.9948,None
Tp_D_NRN_S_N_nat00033_cha00067_11503.jpg,DETECTED,True,0.3556,766,0.9974,None
Tp_D_NRN_S_N_nat00037_ani00038_00651.tif,DETECTED,True,0.3591,768,1.0000,None
Tp_D_NRN_S_N_nat00039_ani00013_00653.tif,DETECTED,True,0.3144,767,0.9987,None
Tp_D_NRN_S_N_nat00040_art00025_11429.jpg,DETECTED,True,0.3245,763,0.9935,None
Tp_D_NRN_S_N_nat00040_art00025_11472.jpg,DETECTED,True,0.3259,763,0.9935,None
Tp_D_NRN_S_N_nat00041_art00025_11430.jpg,DETECTED,True,0.3206,766,0.9974,None
Tp_D_NRN_S_N_nat00041_nat00041_00655.tif,DETECTED,True,0.0344,96,0.1250,None
Tp_D_NRN_S_N_nat00044_ani00005_11435.jpg,DETECTED,True,0.3307,761,0.9909,None
Tp_D_NRN_S_N_nat00059_ani00005_11415.jpg,DETECTED,True,0.2958,767,0.9987,None
Tp_D_NRN_S_N_nat00059_ani00070_11414.jpg,DETECTED,True,0.2931,763,0.9935,None
Tp_D_NRN_S_N_nat00062_ani00058_11418.jpg,DETECTED,True,0.2193,693,0.9023,None
Tp_D_NRN_S_N_nat00063_art00025_11437.jpg,DETECTED,True,0.3930,768,1.0000,None
Tp_D_NRN_S_N_nat00063_nat00061_11436.jpg,DETECTED,True,0.3774,767,0.9987,None
Tp_D_NRN_S_N_nat00076_nat00086_10081.tif,DETECTED,True,0.3128,763,0.9935,None
Tp_D_NRN_S_N_nat00097_ani00017_11412.jpg,DETECTED,True,0.2115,743,0.9674,None
Tp_D_NRN_S_N_nat00098_ani00058_11461.jpg,DETECTED,True,0.2668,765,0.9961,None
Tp_D_NRN_S_N_nat00098_cha00072_11462.jpg,DETECTED,True,0.2584,749,0.9753,None
Tp_D_NRN_S_N_nat00099_ani00078_10527.tif,DETECTED,True,0.3145,767,0.9987,None
Tp_D_NRN_S_N_nat10106_nat10107_11349.jpg,DETECTED,True,0.3068,764,0.9948,None
Tp_D_NRN_S_N_nat10109_pla00020_11355.jpg,DETECTED,True,0.3521,768,1.0000,None
Tp_D_NRN_S_N_nat10109_pla00049_11357.jpg,DETECTED,True,0.0000,0,1.0000,None
Tp_D_NRN_S_N_nat10109_pla00050_11356.jpg,DETECTED,True,0.0000,0,1.0000,None
Tp_D_NRN_S_N_nat10115_cha00052_11477.jpg,DETECTED,True,0.2904,756,0.9844,None
Tp_D_NRN_S_N_nat10116_cha00086_11371.jpg,DETECTED,True,0.0000,0,1.0000,None
Tp_D_NRN_S_N_nat10117_nat10124_11344.jpg,DETECTED,True,0.2385,738,0.9609,None
Tp_D_NRN_S_N_nat10120_cha00063_11389.jpg,DETECTED,True,0.3500,764,0.9948,None
Tp_D_NRN_S_N_nat10123_ani00005_11419.jpg,DETECTED,True,0.3049,764,0.9948,None
Tp_D_NRN_S_N_nat10123_ani00017_11411.jpg,DETECTED,True,0.2833,758,0.9870,None
Tp_D_NRN_S_N_nat10123_ani00070_11417.jpg,DETECTED,True,0.3110,764,0.9948,None
Tp_D_NRN_S_N_nat10125_ani00005_11635.jpg,DETECTED,True,0.3641,766,0.9974,None
Tp_D_NRN_S_N_nat10125_ani00017_11636.jpg,DETECTED,True,0.3470,767,0.9987,None
Tp_D_NRN_S_N_nat10125_ani00070_11634.jpg,DETECTED,True,0.3570,768,1.0000,None
Tp_D_NRN_S_N_nat10126_ani10123_11651.jpg,DETECTED,True,0.3797,766,0.9974,None
Tp_D_NRN_S_N_nat10131_ani00005_11903.jpg,DETECTED,True,0.0000,0,1.0000,None
Tp_D_NRN_S_N_nat10131_ani00070_11902.jpg,DETECTED,True,0.0000,0,1.0000,None
Tp_D_NRN_S_N_nat10138_arc10125_11941.jpg,DETECTED,True,0.0000,0,1.0000,None
Tp_D_NRN_S_N_nat10139_ani00005_11950.jpg,DETECTED,True,0.0000,0,1.0000,None
Tp_D_NRN_S_N_nat10139_ani00058_11951.jpg,DETECTED,True,0.0000,0,1.0000,None
Tp_D_NRN_S_N_nat10139_ani00070_11944.jpg,DETECTED,True,0.0000,0,1.0000,None
Tp_D_NRN_S_N_nat10139_cha00063_11942.jpg,DETECTED,True,0.0000,0,1.0000,None
Tp_D_NRN_S_N_nat10139_cha00070_11943.jpg,DETECTED,True,0.0000,0,1.0000,None
Tp_D_NRN_S_N_nat10140_arc10125_11958.jpg,DETECTED,True,0.0000,0,1.0000,None
Tp_D_NRN_S_N_nat10145_ani00021_11987.jpg,DETECTED,True,0.0000,0,1.0000,None
Tp_D_NRN_S_N_nat10145_ani00024_11981.jpg,DETECTED,True,0.0000,0,1.0000,None
Tp_D_NRN_S_N_nat10145_ani00031_11984.jpg,DETECTED,True,0.0000,0,1.0000,None
Tp_D_NRN_S_N_nat10145_ani00036_11985.jpg,DETECTED,True,0.0000,0,1.0000,None
Tp_D_NRN_S_N_nat10145_ani00041_11982.jpg,DETECTED,True,0.0000,0,1.0000,None
Tp_D_NRN_S_N_nat10145_ani00085_11989.jpg,DETECTED,True,0.0000,0,1.0000,None
Tp_D_NRN_S_N_nat10145_ani00097_11980.jpg,DETECTED,True,0.0000,0,1.0000,None
Tp_D_NRN_S_N_nat10145_ani00097_11988.jpg,DETECTED,True,0.0000,0,1.0000,None
Tp_D_NRN_S_N_nat10146_pla00020_12071.jpg,DETECTED,True,0.0000,0,1.0000,None
Tp_D_NRN_S_N_nat10149_ani00005_12006.jpg,DETECTED,True,0.0000,0,1.0000,None
Tp_D_NRN_S_N_nat10149_ani00058_12005.jpg,DETECTED,True,0.0000,0,1.0000,None
Tp_D_NRN_S_N_nat10149_ani00070_12007.jpg,DETECTED,True,0.0000,0,1.0000,None
Tp_D_NRN_S_N_nat10153_ani00021_12133.jpg,DETECTED,True,0.0000,0,1.0000,None
Tp_D_NRN_S_N_nat10156_ani00005_12015.jpg,DETECTED,True,0.0000,0,1.0000,None
Tp_D_NRN_S_N_nat10156_ani00031_12018.jpg,DETECTED,True,0.0000,0,1.0000,None
Tp_D_NRN_S_N_nat10156_ani00058_12013.jpg,DETECTED,True,0.0000,0,1.0000,None
Tp_D_NRN_S_N_nat10156_ani00070_12014.jpg,DETECTED,True,0.0000,0,1.0000,None
Tp_D_NRN_S_N_nat10156_cha00062_12010.jpg,DETECTED,True,0.0000,0,1.0000,None
Tp_D_NRN_S_N_nat10156_pla00050_12008.jpg,DETECTED,True,0.0000,0,1.0000,None
Tp_D_NRN_S_N_nat10158_ani00005_12026.jpg,DETECTED,True,0.0000,0,1.0000,None
Tp_D_NRN_S_N_nat10158_ani00058_12027.jpg,DETECTED,True,0.0000,0,1.0000,None
Tp_D_NRN_S_N_nat10159_ani00031_12059.jpg,DETECTED,True,0.0000,0,1.0000,None
Tp_D_NRN_S_N_nat10159_ani00058_12051.jpg,DETECTED,True,0.0000,0,1.0000,None
Tp_D_NRN_S_N_nat10159_ani00070_12052.jpg,DETECTED,True,0.0000,0,1.0000,None
Tp_D_NRN_S_N_nat10159_ani00099_12054.jpg,DETECTED,True,0.0000,0,1.0000,None
Tp_D_NRN_S_N_nat10161_art00092_12085.jpg,DETECTED,True,0.0000,0,1.0000,None
Tp_D_NRN_S_N_nat10161_cha00063_12080.jpg,DETECTED,True,0.0000,0,1.0000,None
Tp_D_NRN_S_N_nat10162_art00021_12086.jpg,DETECTED,True,0.0000,0,1.0000,None
Tp_D_NRN_S_N_nat10164_ani00058_12091.jpg,DETECTED,True,0.0000,0,1.0000,None
Tp_D_NRN_S_N_nat10164_ani00070_12092.jpg,DETECTED,True,0.0000,0,1.0000,None
Tp_D_NRN_S_N_nat20019_nat20024_01523.tif,DETECTED,True,0.2908,3232,0.9945,None
Tp_D_NRN_S_N_nat20020_nat20023_01524.tif,DETECTED,True,0.2797,3204,0.9858,None
Tp_D_NRN_S_N_nat20056_nat20054_01560.tif,DETECTED,True,0.0000,0,1.0000,None
Tp_D_NRN_S_N_nat20081_nat20082_01585.tif,DETECTED,True,0.0000,0,1.0000,None
Tp_D_NRN_S_N_nat20084_nat20082_01588.tif,DETECTED,True,0.0000,0,1.0000,None
Tp_D_NRN_S_N_nat20086_nat20082_01590.tif,DETECTED,True,0.0000,0,1.0000,None
Tp_D_NRN_S_N_nat20097_nat20023_01601.tif,DETECTED,True,0.0000,0,1.0000,None
Tp_D_NRN_S_N_pla00008_pla00009_10936.jpg,DETECTED,True,0.0000,0,1.0000,None
Tp_D_NRN_S_N_pla00009_pla00010_10933.jpg,DETECTED,True,0.0000,0,1.0000,None
Tp_D_NRN_S_N_pla00010_pla00008_10935.jpg,DETECTED,True,0.3981,768,1.0000,None
Tp_D_NRN_S_N_pla00010_pla00009_10934.jpg,DETECTED,True,0.0000,0,1.0000,None
Tp_D_NRN_S_N_pla00011_pla00010_10932.jpg,DETECTED,True,0.3876,768,1.0000,None
Tp_D_NRN_S_N_pla00015_pla00016_10960.jpg,DETECTED,True,0.0000,0,1.0000,None
Tp_D_NRN_S_N_pla00020_pla10126_12131.jpg,DETECTED,True,0.0000,0,1.0000,None
Tp_D_NRN_S_N_pla00021_pla00014_10965.jpg,DETECTED,True,0.0000,0,1.0000,None
Tp_D_NRN_S_N_pla00021_pla00019_10956.jpg,DETECTED,True,0.3526,767,0.9987,None
Tp_D_NRN_S_N_pla00023_pla00019_10955.jpg,DETECTED,True,0.3476,768,1.0000,None
Tp_D_NRN_S_N_pla00024_pla00023_10952.jpg,DETECTED,True,0.3795,768,1.0000,None
Tp_D_NRN_S_N_pla00026_pla00018_10957.jpg,DETECTED,True,0.3788,768,1.0000,None
Tp_D_NRN_S_N_pla00028_pla00027_10949.jpg,DETECTED,True,0.3671,766,0.9974,None
Tp_D_NRN_S_N_pla00029_pla00030_10947.jpg,DETECTED,True,0.0000,0,1.0000,None
Tp_D_NRN_S_N_pla00030_pla00030_10951.jpg,DETECTED,True,0.0615,124,0.1615,None
Tp_D_NRN_S_N_pla00038_pla00049_10983.jpg,DETECTED,True,0.0000,0,1.0000,None
Tp_D_NRN_S_N_pla00048_pla00033_10989.jpg,DETECTED,True,0.0000,0,1.0000,None
Tp_D_NRN_S_N_pla00074_ani00013_01179.tif,DETECTED,True,0.0000,0,1.0000,None
Tp_D_NRN_S_N_pla00077_ani00058_01180.tif,DETECTED,True,0.0000,0,1.0000,None
Tp_D_NRN_S_N_pla00077_pla00053_11213.jpg,DETECTED,True,0.0000,0,1.0000,None
Tp_D_NRN_S_N_pla00085_ani00005_00607.tif,DETECTED,True,0.3488,764,0.9948,None
Tp_D_NRN_S_N_pla00085_ani00081_01187.tif,DETECTED,True,0.3310,765,0.9961,None
Tp_D_NRN_S_N_pla00091_ani00031_00935.tif,DETECTED,True,0.3871,768,1.0000,None
Tp_D_NRN_S_N_pla00093_sec00097_11288.jpg,DETECTED,True,0.3747,768,1.0000,None
Tp_D_NRN_S_N_pla00093_txt00070_11327.jpg,DETECTED,True,0.3757,768,1.0000,None
Tp_D_NRN_S_N_pla00094_pla00094_01191.tif,DETECTED,True,0.0131,30,0.0391,None
Tp_D_NRN_S_N_pla00095_sec00097_11697.jpg,DETECTED,True,0.0000,0,1.0000,None
Tp_D_NRN_S_N_pla10120_ani10122_11607.jpg,DETECTED,True,0.0000,0,1.0000,None
Tp_D_NRN_S_N_pla10120_pla00020_11603.jpg,DETECTED,True,0.0000,0,1.0000,None
Tp_D_NRN_S_N_pla10121_cha00062_11655.jpg,DETECTED,True,0.0000,0,1.0000,None
Tp_D_NRN_S_N_pla10122_ani10122_11606.jpg,DETECTED,True,0.3725,767,0.9987,None
Tp_D_NRN_S_N_pla10122_pla00020_11604.jpg,DETECTED,True,0.3477,768,1.0000,None
Tp_D_NRN_S_N_pla10122_pla10120_11605.jpg,DETECTED,True,0.3731,768,1.0000,None
Tp_D_NRN_S_N_pla10124_nat00059_11706.jpg,DETECTED,True,0.3393,766,0.9974,None
Tp_D_NRN_S_N_pla10124_nat00095_11705.jpg,DETECTED,True,0.3402,757,0.9857,None
Tp_D_NRN_S_N_pla10124_nat10124_11704.jpg,DETECTED,True,0.3449,766,0.9974,None
Tp_D_NRN_S_N_pla10124_pla10123_11555.jpg,DETECTED,True,0.3569,765,0.9961,None
Tp_D_NRN_S_N_pla10124_sec00097_11698.jpg,DETECTED,True,0.3919,768,1.0000,None
Tp_D_NRN_S_N_pla20031_pla20030_01931.tif,DETECTED,True,0.0000,0,1.0000,None
Tp_D_NRN_S_N_sec00002_nat00086_11509.jpg,DETECTED,True,0.3437,766,0.9974,None
Tp_D_NRN_S_N_sec00009_art00076_11744.jpg,DETECTED,True,0.3599,766,0.9974,None
Tp_D_NRN_S_N_sec00010_ind00098_10855.jpg,DETECTED,True,0.2832,755,0.9831,None
Tp_D_NRN_S_N_sec00013_cha00071_00033.tif,DETECTED,True,0.3764,767,0.9987,None
Tp_D_NRN_S_N_sec00015_sec00097_11695.jpg,DETECTED,True,0.3821,768,1.0000,None
Tp_D_NRN_S_N_sec00016_ani00013_00702.tif,DETECTED,True,0.3944,768,1.0000,None
Tp_D_NRN_S_N_sec00016_ind00098_10790.jpg,DETECTED,True,0.4015,766,0.9974,None
Tp_D_NRN_S_N_sec00021_sec00007_10775.jpg,DETECTED,True,0.3839,767,0.9987,None
Tp_D_NRN_S_N_sec00022_sec00023_10809.jpg,DETECTED,True,0.3568,766,0.9974,None
Tp_D_NRN_S_N_sec00023_art00076_11742.jpg,DETECTED,True,0.3352,761,0.9909,None
Tp_D_NRN_S_N_sec00023_ind00042_10886.jpg,DETECTED,True,0.3317,759,0.9883,None
Tp_D_NRN_S_N_sec00023_sec00022_10807.jpg,DETECTED,True,0.3620,767,0.9987,None
Tp_D_NRN_S_N_sec00023_sec00022_10808.jpg,DETECTED,True,0.3587,767,0.9987,None
Tp_D_NRN_S_N_sec00026_sec00027_00047.tif,DETECTED,True,0.3602,767,0.9987,None
Tp_D_NRN_S_N_sec00041_ani00076_10500.tif,DETECTED,True,0.3390,768,1.0000,None
Tp_D_NRN_S_N_sec00042_ani00076_10499.tif,DETECTED,True,0.2997,768,1.0000,None
Tp_D_NRN_S_N_sec00042_ani00081_10498.tif,DETECTED,True,0.3214,758,0.9870,None
Tp_D_NRN_S_N_sec00048_art00012_00069.tif,DETECTED,True,0.0000,0,1.0000,None
Tp_D_NRN_S_N_sec00049_sec00051_11245.jpg,DETECTED,True,0.0000,0,1.0000,None
Tp_D_NRN_S_N_sec00050_sec00049_00071.tif,DETECTED,True,0.0000,0,1.0000,None
Tp_D_NRN_S_N_sec00052_sec00051_11242.jpg,DETECTED,True,0.3980,768,1.0000,None
Tp_D_NRN_S_N_sec00052_sec00055_11239.jpg,DETECTED,True,0.4093,768,1.0000,None
Tp_D_NRN_S_N_sec00054_sec00055_11237.jpg,DETECTED,True,0.3988,768,1.0000,None
Tp_D_NRN_S_N_sec00055_sec00050_00076.tif,DETECTED,True,0.4146,768,1.0000,None
Tp_D_NRN_S_N_sec00061_ani00064_00730.tif,DETECTED,True,0.0000,0,1.0000,None
Tp_D_NRN_S_N_sec00064_cha00052_11409.jpg,DETECTED,True,0.3492,764,0.9948,None
Tp_D_NRN_S_N_sec00071_art00064_00706.tif,DETECTED,True,0.0000,0,1.0000,None
Tp_D_NRN_S_N_sec00071_art00064_00707.tif,DETECTED,True,0.0000,0,1.0000,None
Tp_D_NRN_S_N_sec00071_ind00084_11277.jpg,DETECTED,True,0.3677,767,0.9987,None
Tp_D_NRN_S_N_sec00071_ind00094_11279.jpg,DETECTED,True,0.0000,0,1.0000,None
Tp_D_NRN_S_N_sec00071_sec00071_00092.tif,DETECTED,True,0.0213,59,0.0768,None
Tp_D_NRN_S_N_sec00073_art00012_00094.tif,DETECTED,True,0.0000,0,1.0000,None
Tp_D_NRN_S_N_sec00073_art00064_00725.tif,DETECTED,True,0.0000,0,1.0000,None
Tp_D_NRN_S_N_sec00076_ani00098_00724.tif,DETECTED,True,0.0000,0,1.0000,None
Tp_D_NRN_S_N_sec00081_cha00042_11115.jpg,DETECTED,True,0.3281,768,1.0000,None
Tp_D_NRN_S_N_sec00082_ani00081_00723.tif,DETECTED,True,0.3599,768,1.0000,None
Tp_D_NRN_S_N_sec00085_art00020_11456.jpg,DETECTED,True,0.3664,766,0.9974,None
Tp_D_NRN_S_N_sec00087_ani00037_00720.tif,DETECTED,True,0.4031,768,1.0000,None
Tp_D_NRN_S_N_sec00087_cha00052_11471.jpg,DETECTED,True,0.3462,765,0.9961,None
Tp_D_NRN_S_N_sec00090_ani00013_00717.tif,DETECTED,True,0.3420,765,0.9961,None
Tp_D_NRN_S_N_sec00091_cha00023_00716.tif,DETECTED,True,0.3584,768,1.0000,None
Tp_D_NRN_S_N_sec00092_ani00098_00715.tif,DETECTED,True,0.3446,768,1.0000,None
Tp_D_NRN_S_N_sec00093_cha00096_00713.tif,DETECTED,True,0.0000,0,1.0000,None
Tp_D_NRN_S_N_sec00095_ani00098_00712.tif,DETECTED,True,0.3660,767,0.9987,None
Tp_D_NRN_S_N_sec00098_ani00100_11629.jpg,DETECTED,True,0.3773,768,1.0000,None
Tp_D_NRN_S_N_sec00098_cha00042_11114.jpg,DETECTED,True,0.2608,756,0.9844,None
Tp_D_NRN_S_N_sec00100_ani00005_00708.tif,DETECTED,True,0.3183,763,0.9935,None
Tp_D_NRN_S_N_sec10109_sec10113_10347.tif,DETECTED,True,0.0000,0,1.0000,None
Tp_D_NRN_S_N_sec10115_pla00049_11534.jpg,DETECTED,True,0.0000,0,1.0000,None
Tp_D_NRN_S_N_txt00029_txt00029_10832.jpg,DETECTED,True,0.1353,267,0.3477,None
Tp_D_NRN_S_N_txt00081_txt00082_11294.jpg,DETECTED,True,0.3872,768,1.0000,None
Tp_D_NRN_S_N_txt00088_txt00092_11330.jpg,DETECTED,True,0.3900,768,1.0000,None
Tp_D_NRN_S_N_txt00096_txt10106_10819.jpg,DETECTED,True,0.0000,0,1.0000,None
Tp_D_NRN_S_N_txt00097_txt10106_10818.jpg,DETECTED,True,0.0000,0,1.0000,None
Tp_D_NRN_S_N_txt10104_txt10111_10811.jpg,DETECTED,True,0.0000,0,1.0000,None
Tp_D_NRN_S_N_txt10106_txt10113_10817.jpg,DETECTED,True,0.0000,0,1.0000,None
Tp_D_NRN_S_O_ani00084_ani00085_10058.tif,DETECTED,True,0.3023,762,0.9922,None
Tp_D_NRN_S_O_ani10102_ani10104_10023.tif,DETECTED,True,0.3164,330,1.0000,None
Tp_D_NRN_S_O_ani10126_ani00037_12463.jpg,DETECTED,True,0.0000,0,1.0000,None
Tp_D_NRN_S_O_ani10127_ani00021_12468.jpg,DETECTED,True,0.0000,0,1.0000,None
Tp_D_NRN_S_O_ani10146_ani10163_12494.jpg,DETECTED,True,0.0000,0,1.0000,None
Tp_D_NRN_S_O_ani10178_ani10200_12484.jpg,DETECTED,True,0.0000,0,1.0000,None
Tp_D_NRN_S_O_arc00052_cha00023_00272.tif,DETECTED,True,0.3476,767,0.9987,None
Tp_D_NRN_S_O_nat10148_nat10162_12117.jpg,DETECTED,True,0.2503,1631,0.9708,None
Tp_D_NRN_S_O_nat10153_ani00036_12134.jpg,DETECTED,True,0.0000,0,1.0000,None
Tp_D_NRN_S_O_nat10156_ani00036_12019.jpg,DETECTED,True,0.0000,0,1.0000,None
Tp_D_NRN_S_O_nat10156_ani00084_12023.jpg,DETECTED,True,0.0000,0,1.0000,None
Tp_D_NRN_S_O_nat10159_ani00036_12061.jpg,DETECTED,True,0.0000,0,1.0000,None
Tp_D_NRN_S_O_nat10159_ani00084_12055.jpg,DETECTED,True,0.0000,0,1.0000,None
Tp_D_NRN_S_O_nat10159_ani00097_12056.jpg,DETECTED,True,0.0000,0,1.0000,None
Tp_D_NRN_S_O_pla00028_pla00025_10950.jpg,DETECTED,True,0.0000,0,1.0000,None
Tp_S_CND_L_N_cha00084_cha00084_10203.tif,DETECTED,True,0.1497,507,0.6602,None
Tp_S_CND_M_B_sec00019_sec00019_00040.tif,DETECTED,True,0.1256,309,0.4023,None
Tp_S_CND_M_N_cha00079_cha00079_10195.tif,DETECTED,True,0.0602,154,0.2005,None
Tp_S_CND_M_N_cha00088_cha00088_10174.tif,DETECTED,True,0.2288,602,0.7839,None
Tp_S_CND_M_N_pla00022_pla00022_10969.jpg,DETECTED,True,0.0200,28,0.0365,None
Tp_S_CND_M_N_sec00099_sec00099_10365.tif,DETECTED,True,0.1763,540,0.7031,None
Tp_S_CND_S_B_ani00022_ani00022_00142.tif,DETECTED,True,0.0149,55,0.0716,None
Tp_S_CND_S_B_cha00088_cha00088_10179.tif,DETECTED,True,0.0415,98,0.1276,None
Tp_S_CND_S_B_nat00039_nat00039_00958.tif,DETECTED,True,0.0497,179,0.2331,None
Tp_S_CND_S_B_sec00085_sec00085_00105.tif,DETECTED,True,0.0759,201,0.2617,None
Tp_S_CND_S_B_sec00097_sec00097_00117.tif,DETECTED,True,0.0158,29,0.0378,None
Tp_S_CND_S_N_ani00009_ani00009_00129.tif,DETECTED,True,0.0384,114,0.1484,None
Tp_S_CND_S_N_arc00017_arc00017_01115.tif,DETECTED,True,0.0126,24,0.0312,None
Tp_S_CND_S_N_art00044_art00044_10406.tif,DETECTED,True,0.0448,121,0.1576,None
Tp_S_CND_S_N_art00047_art00047_10507.tif,DETECTED,True,0.0168,41,0.0534,None
Tp_S_CND_S_N_art00094_art00094_10403.tif,DETECTED,True,0.1313,354,0.4609,None
Tp_S_CND_S_N_art00094_art00094_10404.tif,DETECTED,True,0.1619,428,0.5573,None
Tp_S_CND_S_N_art20013_art20013_01819.tif,DETECTED,True,0.0228,116,0.0832,None
Tp_S_CND_S_N_art20067_art20067_02500.tif,MISSED,False,0.0045,28,0.0086,None
Tp_S_CND_S_N_cha00052_cha00052_10718.jpg,DETECTED,True,0.0256,41,0.0534,None
Tp_S_CND_S_N_ind00069_ind00069_01356.tif,DETECTED,True,0.0223,58,0.0755,None
Tp_S_CND_S_N_ind00070_ind00070_01357.tif,DETECTED,True,0.0060,16,0.0208,None
Tp_S_CND_S_N_ind20036_ind20036_01777.tif,DETECTED,True,0.0408,446,0.1256,None
Tp_S_CND_S_N_pla00004_pla00004_01126.tif,DETECTED,True,0.0110,25,0.0326,None
Tp_S_CND_S_N_pla00057_pla00057_00590.tif,DETECTED,True,0.0611,145,0.1888,None
Tp_S_CND_S_N_pla00068_pla00068_01175.tif,DETECTED,True,0.0216,64,0.0833,None
Tp_S_CND_S_N_pla00078_pla00078_01181.tif,DETECTED,True,0.0395,117,0.1523,None
Tp_S_CND_S_N_pla20091_pla20091_02351.tif,DETECTED,True,0.0080,81,0.0225,None
Tp_S_CND_S_N_sec00024_sec00024_00045.tif,DETECTED,True,0.0223,50,0.0651,None
Tp_S_CND_S_N_sec00047_sec00047_00068.tif,DETECTED,True,0.0215,61,0.0794,None
Tp_S_CND_S_N_sec00059_sec00059_00080.tif,DETECTED,True,0.0281,67,0.0872,None
Tp_S_CND_S_N_sec00073_sec00073_10384.tif,DETECTED,True,0.0086,18,0.0234,None
Tp_S_CND_S_N_sec00078_sec00078_10386.tif,DETECTED,True,0.0104,19,0.0247,None
Tp_S_CND_S_N_sec00099_sec00099_10366.tif,DETECTED,True,0.0221,57,0.0742,None
Tp_S_CND_S_N_sec20057_sec20057_01647.tif,DETECTED,True,0.0173,106,0.0799,None
Tp_S_CND_S_N_txt00084_txt00084_01290.tif,DETECTED,True,0.0165,29,0.0378,None
Tp_S_CNN_L_N_cha00091_cha00091_10202.tif,DETECTED,True,0.1472,400,0.5208,None
Tp_S_CNN_L_N_txt00095_txt00095_10164.tif,DETECTED,True,0.3071,664,0.8646,None
Tp_S_CNN_L_O_ind00004_ind00004_10165.tif,DETECTED,True,0.2092,503,0.6549,None
Tp_S_CNN_M_B_ani00009_ani00009_10214.tif,DETECTED,True,0.0823,290,0.3776,None
Tp_S_CNN_M_B_ind00088_ind00088_10640.jpg,DETECTED,True,0.0814,175,0.2279,None
Tp_S_CNN_M_B_nat00057_nat00057_11104.jpg,DETECTED,True,0.0678,243,0.3164,None
Tp_S_CNN_M_B_sec00092_sec00092_00112.tif,DETECTED,True,0.0886,261,0.3398,None
Tp_S_CNN_M_N_ani00016_ani00016_10207.tif,DETECTED,True,0.1106,300,0.3906,None
Tp_S_CNN_M_N_ani00019_ani00019_11855.jpg,DETECTED,True,0.1114,268,0.3490,None
Tp_S_CNN_M_N_ani00024_ani00024_10206.tif,DETECTED,True,0.0558,136,0.1771,None
Tp_S_CNN_M_N_ani00064_ani00064_10443.tif,DETECTED,True,0.0864,218,0.2839,None
Tp_S_CNN_M_N_ani10206_ani10206_12414.jpg,DETECTED,True,0.0617,399,0.1682,None
Tp_S_CNN_M_N_arc00032_arc00032_10263.tif,DETECTED,True,0.1973,541,0.7044,None
Tp_S_CNN_M_N_arc00037_arc00037_10143.tif,DETECTED,True,0.1451,413,0.5378,None
Tp_S_CNN_M_N_arc00040_arc00040_10237.tif,DETECTED,True,0.1776,459,0.5977,None
Tp_S_CNN_M_N_arc00040_arc00040_10238.tif,DETECTED,True,0.1492,383,0.4987,None
Tp_S_CNN_M_N_arc00043_arc00043_10242.tif,DETECTED,True,0.1996,541,0.7044,None
Tp_S_CNN_M_N_arc00051_arc00051_10727.jpg,DETECTED,True,0.1874,475,0.6185,None
Tp_S_CNN_M_N_arc00052_arc00052_10264.tif,DETECTED,True,0.1884,521,0.6784,None
Tp_S_CNN_M_N_arc00062_arc00062_10252.tif,DETECTED,True,0.1456,378,0.4922,None
Tp_S_CNN_M_N_arc00062_arc00062_10253.tif,DETECTED,True,0.1705,467,0.6081,None
Tp_S_CNN_M_N_arc00063_arc00063_10256.tif,DETECTED,True,0.0974,304,0.3958,None
Tp_S_CNN_M_N_arc00064_arc00064_10255.tif,DETECTED,True,0.1927,448,0.5833,None
Tp_S_CNN_M_N_arc00064_arc00064_10432.tif,DETECTED,True,0.1578,370,0.4818,None
Tp_S_CNN_M_N_arc00065_arc00065_10254.tif,DETECTED,True,0.1588,387,0.5039,None
Tp_S_CNN_M_N_arc00067_arc00067_10249.tif,DETECTED,True,0.1105,336,0.4375,None
Tp_S_CNN_M_N_arc00067_arc00067_10250.tif,DETECTED,True,0.1452,466,0.6068,None
Tp_S_CNN_M_N_arc00083_arc00083_10268.tif,DETECTED,True,0.2167,540,0.7031,None
Tp_S_CNN_M_N_arc00083_arc00083_10269.tif,DETECTED,True,0.2449,595,0.7747,None
Tp_S_CNN_M_N_arc00087_arc00087_10734.jpg,DETECTED,True,0.2034,516,0.6719,None
Tp_S_CNN_M_N_arc10115_arc10115_10764.jpg,DETECTED,True,0.1722,973,0.6823,None
Tp_S_CNN_M_N_art00004_art00004_10436.tif,DETECTED,True,0.1687,477,0.6211,None
Tp_S_CNN_M_N_art00004_art00004_10437.tif,DETECTED,True,0.0888,230,0.2995,None
Tp_S_CNN_M_N_art00005_art00005_11794.jpg,DETECTED,True,0.2037,469,0.6107,None
Tp_S_CNN_M_N_art00007_art00007_10751.jpg,DETECTED,True,0.1506,427,0.5560,None
Tp_S_CNN_M_N_art00017_art00017_10273.tif,DETECTED,True,0.1294,422,0.5495,None
Tp_S_CNN_M_N_art00020_art00020_10279.tif,DETECTED,True,0.2208,535,0.6966,None
Tp_S_CNN_M_N_art00022_art00022_10551.tif,DETECTED,True,0.2206,499,0.6497,None
Tp_S_CNN_M_N_art00023_art00023_10549.tif,DETECTED,True,0.2073,481,0.6263,None
Tp_S_CNN_M_N_art00024_art00024_10553.tif,DETECTED,True,0.1771,498,0.6484,None
Tp_S_CNN_M_N_art00028_art00028_10511.tif,DETECTED,True,0.0917,250,0.3255,None
Tp_S_CNN_M_N_art00031_art00031_10472.tif,DETECTED,True,0.0435,103,0.1341,None
Tp_S_CNN_M_N_art00044_art00044_10407.tif,DETECTED,True,0.2144,553,0.7201,None
Tp_S_CNN_M_N_art00047_art00047_10506.tif,DETECTED,True,0.0714,161,0.2096,None
Tp_S_CNN_M_N_art00048_art00048_10258.tif,DETECTED,True,0.2117,533,0.6940,None
Tp_S_CNN_M_N_art00048_art00048_10259.tif,DETECTED,True,0.2090,541,0.7044,None
Tp_S_CNN_M_N_art00053_art00053_10294.tif,DETECTED,True,0.2277,559,0.7279,None
Tp_S_CNN_M_N_art00053_art00053_10532.tif,DETECTED,True,0.2266,559,0.7279,None
Tp_S_CNN_M_N_art00054_art00054_10293.tif,DETECTED,True,0.1586,429,0.5586,None
Tp_S_CNN_M_N_art00054_art00054_10539.tif,DETECTED,True,0.1227,295,0.3841,None
Tp_S_CNN_M_N_art00056_art00056_10291.tif,DETECTED,True,0.1602,455,0.5924,None
Tp_S_CNN_M_N_art00057_art00057_10292.tif,DETECTED,True,0.1765,430,0.5599,None
Tp_S_CNN_M_N_art00063_art00063_10524.tif,DETECTED,True,0.1444,414,0.5391,None
Tp_S_CNN_M_N_art00064_art00064_10260.tif,DETECTED,True,0.1591,408,0.5312,None
Tp_S_CNN_M_N_art00069_art00069_10853.jpg,DETECTED,True,0.1527,404,0.5260,None
Tp_S_CNN_M_N_art00071_art00071_10480.tif,DETECTED,True,0.1577,489,0.6367,None
Tp_S_CNN_M_N_art00073_art00073_10477.tif,DETECTED,True,0.1933,502,0.6536,None
Tp_S_CNN_M_N_art00074_art00074_10536.tif,DETECTED,True,0.1239,396,0.5156,None
Tp_S_CNN_M_N_art00077_art00077_10288.tif,DETECTED,True,0.1634,377,0.4909,None
Tp_S_CNN_M_N_art00079_art00079_10286.tif,DETECTED,True,0.1408,489,0.6367,None
Tp_S_CNN_M_N_art00080_art00080_10482.tif,DETECTED,True,0.0553,148,0.1927,None
Tp_S_CNN_M_N_art10116_art10116_11530.jpg,DETECTED,True,0.1451,429,0.5586,None
Tp_S_CNN_M_N_cha00011_cha00011_10306.tif,DETECTED,True,0.1486,388,0.5052,None
Tp_S_CNN_M_N_cha00011_cha00011_10307.tif,DETECTED,True,0.0755,174,0.2266,None
Tp_S_CNN_M_N_cha00017_cha00017_10313.tif,DETECTED,True,0.2006,547,0.7122,None
Tp_S_CNN_M_N_cha00023_cha00023_10722.jpg,DETECTED,True,0.2168,537,0.6992,None
Tp_S_CNN_M_N_cha00048_cha00048_11004.jpg,DETECTED,True,0.0513,139,0.1810,None
Tp_S_CNN_M_N_cha00056_cha00056_10262.tif,DETECTED,True,0.1180,351,0.4570,None
Tp_S_CNN_M_N_cha00063_cha00063_10344.tif,DETECTED,True,0.0761,218,0.2839,None
Tp_S_CNN_M_N_cha00070_cha00070_10295.tif,DETECTED,True,0.2112,520,0.6771,None
Tp_S_CNN_M_N_cha00073_cha00073_11026.jpg,DETECTED,True,0.0431,92,0.1198,None
Tp_S_CNN_M_N_cha00078_cha00078_11027.jpg,DETECTED,True,0.0593,138,0.1797,None
Tp_S_CNN_M_N_cha00080_cha00080_10196.tif,DETECTED,True,0.1502,390,0.5078,None
Tp_S_CNN_M_N_cha00082_cha00082_10197.tif,DETECTED,True,0.0724,207,0.2695,None
Tp_S_CNN_M_N_ind00002_ind00002_10052.tif,DETECTED,True,0.2009,484,0.6302,None
Tp_S_CNN_M_N_ind00008_ind00008_10419.tif,DETECTED,True,0.1846,529,0.6888,None
Tp_S_CNN_M_N_ind00009_ind00009_10415.tif,DETECTED,True,0.1724,469,0.6107,None
Tp_S_CNN_M_N_ind00010_ind00010_10425.tif,DETECTED,True,0.2034,545,0.7096,None
Tp_S_CNN_M_N_ind00013_ind00013_10409.tif,DETECTED,True,0.1898,501,0.6523,None
Tp_S_CNN_M_N_ind00018_ind00018_10709.jpg,DETECTED,True,0.0636,149,0.1940,None
Tp_S_CNN_M_N_ind00022_ind00022_10706.jpg,DETECTED,True,0.1792,502,0.6536,None
Tp_S_CNN_M_N_ind00026_ind00026_10397.tif,DETECTED,True,0.1736,444,0.5781,None
Tp_S_CNN_M_N_ind00034_ind00034_10401.tif,DETECTED,True,0.1830,474,0.6172,None
Tp_S_CNN_M_N_ind00040_ind00040_10879.jpg,DETECTED,True,0.0380,71,0.0924,None
Tp_S_CNN_M_N_ind00058_ind00058_10428.tif,DETECTED,True,0.2260,570,0.7422,None
Tp_S_CNN_M_N_ind00059_ind00059_10399.tif,DETECTED,True,0.0324,96,0.1250,None
Tp_S_CNN_M_N_ind00069_ind00069_10692.jpg,DETECTED,True,0.2159,497,0.6471,None
Tp_S_CNN_M_N_ind00079_ind00079_10665.jpg,DETECTED,True,0.0411,68,0.0885,None
Tp_S_CNN_M_N_ind00087_ind00087_10296.tif,DETECTED,True,0.1796,495,0.6445,None
Tp_S_CNN_M_N_ind00087_ind00087_10297.tif,DETECTED,True,0.1891,518,0.6745,None
Tp_S_CNN_M_N_ind00088_ind00088_10638.jpg,DETECTED,True,0.0614,121,0.1576,None
Tp_S_CNN_M_N_ind00088_ind00088_10639.jpg,DETECTED,True,0.0599,127,0.1654,None
Tp_S_CNN_M_N_ind00088_ind00088_10641.jpg,DETECTED,True,0.1687,491,0.6393,None
Tp_S_CNN_M_N_ind00094_ind00094_10653.jpg,DETECTED,True,0.1461,468,0.6094,None
Tp_S_CNN_M_N_ind00095_ind00095_10656.jpg,DETECTED,True,0.1719,490,0.6380,None
Tp_S_CNN_M_N_nat00041_nat00041_11071.jpg,DETECTED,True,0.0403,81,0.1055,None
Tp_S_CNN_M_N_nat00044_nat00044_10557.jpg,DETECTED,True,0.1332,365,0.4753,None
Tp_S_CNN_M_N_nat00047_nat00047_11068.jpg,DETECTED,True,0.0907,256,0.3333,None
Tp_S_CNN_M_N_nat00051_nat00051_11089.jpg,DETECTED,True,0.0446,73,0.0951,None
Tp_S_CNN_M_N_nat00055_nat00055_10926.jpg,DETECTED,True,0.0607,192,0.2500,None
Tp_S_CNN_M_N_nat00059_nat00059_10564.jpg,DETECTED,True,0.1539,474,0.6172,None
Tp_S_CNN_M_N_nat00060_nat00060_10563.jpg,DETECTED,True,0.1400,474,0.6172,None
Tp_S_CNN_M_N_nat00062_nat00062_10578.jpg,DETECTED,True,0.0929,318,0.4141,None
Tp_S_CNN_M_N_nat00066_nat00066_10569.jpg,DETECTED,True,0.0962,322,0.4193,None
Tp_S_CNN_M_N_nat00068_nat00068_10567.jpg,DETECTED,True,0.0503,139,0.1810,None
Tp_S_CNN_M_N_nat00068_nat00068_10568.jpg,DETECTED,True,0.1315,403,0.5247,None
Tp_S_CNN_M_N_nat00069_nat00069_10566.jpg,DETECTED,True,0.1843,498,0.6484,None
Tp_S_CNN_M_N_nat00070_nat00070_10601.jpg,DETECTED,True,0.0664,144,0.1875,None
Tp_S_CNN_M_N_nat00071_nat00071_10610.jpg,DETECTED,True,0.1161,414,0.5391,None
Tp_S_CNN_M_N_nat00072_nat00072_10565.jpg,DETECTED,True,0.1347,469,0.6107,None
Tp_S_CNN_M_N_nat00073_nat00073_10592.jpg,DETECTED,True,0.2122,490,0.6380,None
Tp_S_CNN_M_N_nat00074_nat00074_10449.tif,DETECTED,True,0.1588,480,0.6250,None
Tp_S_CNN_M_N_nat00079_nat00079_10572.jpg,DETECTED,True,0.1877,471,0.6133,None
Tp_S_CNN_M_N_nat00080_nat00080_10571.jpg,DETECTED,True,0.1562,512,0.6667,None
Tp_S_CNN_M_N_nat00081_nat00081_10597.jpg,DETECTED,True,0.1790,530,0.6901,None
Tp_S_CNN_M_N_nat00082_nat00082_10579.jpg,DETECTED,True,0.1489,464,0.6042,None
Tp_S_CNN_M_N_nat00082_nat00082_10604.jpg,DETECTED,True,0.1028,338,0.4401,None
Tp_S_CNN_M_N_nat00086_nat00086_10599.jpg,DETECTED,True,0.0809,249,0.3242,None
Tp_S_CNN_M_N_nat00088_nat00088_10580.jpg,DETECTED,True,0.1767,513,0.6680,None
Tp_S_CNN_M_N_nat00092_nat00092_10595.jpg,DETECTED,True,0.2368,560,0.7292,None
Tp_S_CNN_M_N_nat00093_nat00093_10587.jpg,DETECTED,True,0.1303,465,0.6055,None
Tp_S_CNN_M_N_nat00095_nat00095_10598.jpg,DETECTED,True,0.0817,297,0.3867,None
Tp_S_CNN_M_N_nat00096_nat00096_10600.jpg,DETECTED,True,0.1313,361,0.4701,None
Tp_S_CNN_M_N_nat10151_nat10151_12110.jpg,DETECTED,True,0.2291,1788,0.7450,None
Tp_S_CNN_M_N_pla00007_pla00007_10941.jpg,DETECTED,True,0.0774,161,0.2096,None
Tp_S_CNN_M_N_pla00012_pla00012_10968.jpg,DETECTED,True,0.1869,435,0.5664,None
Tp_S_CNN_M_N_pla00030_pla00030_10148.tif,DETECTED,True,0.2485,586,0.7630,None
Tp_S_CNN_M_N_pla00035_pla00035_10149.tif,DETECTED,True,0.1250,300,0.3906,None
Tp_S_CNN_M_N_pla00074_pla00074_10620.jpg,DETECTED,True,0.1787,399,0.5195,None
Tp_S_CNN_M_N_pla00076_pla00076_10622.jpg,DETECTED,True,0.1626,518,0.6745,None
Tp_S_CNN_M_N_pla00077_pla00077_10624.jpg,DETECTED,True,0.1665,382,0.4974,None
Tp_S_CNN_M_N_pla00080_pla00080_10458.tif,DETECTED,True,0.2753,608,0.7917,None
Tp_S_CNN_M_N_pla00081_pla00081_10628.jpg,DETECTED,True,0.1981,493,0.6419,None
Tp_S_CNN_M_N_pla00082_pla00082_10461.tif,DETECTED,True,0.1737,436,0.5677,None
Tp_S_CNN_M_N_pla00083_pla00083_10456.tif,DETECTED,True,0.2198,546,0.7109,None
Tp_S_CNN_M_N_pla00084_pla00084_10453.tif,DETECTED,True,0.1999,457,0.5951,None
Tp_S_CNN_M_N_pla00090_pla00090_10605.jpg,DETECTED,True,0.1864,495,0.6445,None
Tp_S_CNN_M_N_pla00093_pla00093_10613.jpg,DETECTED,True,0.2085,534,0.6953,None
Tp_S_CNN_M_N_pla00094_pla00094_10450.tif,DETECTED,True,0.2001,532,0.6927,None
Tp_S_CNN_M_N_pla00094_pla00094_10614.jpg,DETECTED,True,0.1643,483,0.6289,None
Tp_S_CNN_M_N_pla00095_pla00095_10609.jpg,DETECTED,True,0.2376,584,0.7604,None
Tp_S_CNN_M_N_pla00097_pla00097_10615.jpg,DETECTED,True,0.2406,564,0.7344,None
Tp_S_CNN_M_N_pla00098_pla00098_10617.jpg,DETECTED,True,0.2797,605,0.7878,None
Tp_S_CNN_M_N_pla10114_pla10114_10430.tif,DETECTED,True,0.1876,963,0.6753,None
Tp_S_CNN_M_N_pla10116_pla10116_10602.jpg,DETECTED,True,0.1215,1220,0.6348,None
Tp_S_CNN_M_N_sec00017_sec00017_10784.jpg,DETECTED,True,0.1846,438,0.5703,None
Tp_S_CNN_M_N_sec00018_sec00018_10793.jpg,DETECTED,True,0.1987,460,0.5990,None
Tp_S_CNN_M_N_sec00019_sec00019_10796.jpg,DETECTED,True,0.1308,307,0.3997,None
Tp_S_CNN_M_N_sec00042_sec00042_10493.tif,DETECTED,True,0.0689,167,0.2174,None
Tp_S_CNN_M_N_sec00042_sec00042_10494.tif,DETECTED,True,0.0710,218,0.2839,None
Tp_S_CNN_M_N_sec00043_sec00043_10491.tif,DETECTED,True,0.0766,243,0.3164,None
Tp_S_CNN_M_N_sec00043_sec00043_10492.tif,DETECTED,True,0.1174,365,0.4753,None
Tp_S_CNN_M_N_sec00044_sec00044_10584.jpg,DETECTED,True,0.1607,476,0.6198,None
Tp_S_CNN_M_N_sec00046_sec00046_10509.tif,DETECTED,True,0.1543,423,0.5508,None
Tp_S_CNN_M_N_sec00047_sec00047_10585.jpg,DETECTED,True,0.1837,467,0.6081,None
Tp_S_CNN_M_N_sec00081_sec00081_10350.tif,DETECTED,True,0.1885,476,0.6198,None
Tp_S_CNN_M_N_sec00081_sec00081_10351.tif,DETECTED,True,0.0229,52,0.0677,None
Tp_S_CNN_M_N_sec00083_sec00083_10354.tif,DETECTED,True,0.1960,514,0.6693,None
Tp_S_CNN_M_N_sec00086_sec00086_10360.tif,DETECTED,True,0.1515,395,0.5143,None
Tp_S_CNN_M_N_sec00087_sec00087_10361.tif,DETECTED,True,0.1756,423,0.5508,None
Tp_S_CNN_M_N_sec00091_sec00091_10355.tif,DETECTED,True,0.2175,547,0.7122,None
Tp_S_CNN_M_N_sec00092_sec00092_10358.tif,DETECTED,True,0.1259,353,0.4596,None
Tp_S_CNN_M_N_txt00005_txt00005_10838.jpg,DETECTED,True,0.2263,544,0.7083,None
Tp_S_CNN_M_N_txt00006_txt00006_10839.jpg,DETECTED,True,0.2932,602,0.7839,None
Tp_S_CNN_M_N_txt00010_txt00010_10844.jpg,DETECTED,True,0.2753,590,0.7682,None
Tp_S_CNN_M_N_txt00011_txt00011_10845.jpg,DETECTED,True,0.2150,550,0.7161,None
Tp_S_CNN_M_N_txt00016_txt00016_10833.jpg,DETECTED,True,0.2291,530,0.6901,None
Tp_S_CNN_M_N_txt00020_txt00020_10840.jpg,DETECTED,True,0.1901,590,0.7682,None
Tp_S_CNN_M_N_txt00021_txt00021_10866.jpg,DETECTED,True,0.2544,546,0.7109,None
Tp_S_CNN_M_N_txt00026_txt00026_10329.tif,DETECTED,True,0.1378,470,0.6120,None
Tp_S_CNN_M_N_txt00027_txt00027_10843.jpg,DETECTED,True,0.2603,570,0.7422,None
Tp_S_CNN_M_N_txt00029_txt00029_10834.jpg,DETECTED,True,0.2284,532,0.6927,None
Tp_S_CNN_M_N_txt00042_txt00042_10830.jpg,DETECTED,True,0.2753,564,0.7344,None
Tp_S_CNN_M_N_txt00050_txt00050_10372.tif,DETECTED,True,0.1487,337,0.4388,None
Tp_S_CNN_M_N_txt00055_txt00055_10826.jpg,DETECTED,True,0.2730,564,0.7344,None
Tp_S_CNN_M_N_txt00072_txt00072_10204.tif,DETECTED,True,0.1234,430,0.5599,None
Tp_S_CNN_M_N_txt00077_txt00077_11296.jpg,DETECTED,True,0.0799,184,0.2396,None
Tp_S_CNN_M_N_txt00085_txt00085_10822.jpg,DETECTED,True,0.2318,541,0.7044,None
Tp_S_CNN_M_N_txt00085_txt00085_11309.jpg,DETECTED,True,0.0685,148,0.1927,None
Tp_S_CNN_M_N_txt00086_txt00086_10823.jpg,DETECTED,True,0.2570,559,0.7279,None
Tp_S_CNN_M_N_txt00086_txt00086_11312.jpg,DETECTED,True,0.1111,257,0.3346,None
Tp_S_CNN_M_N_txt00089_txt00089_11313.jpg,DETECTED,True,0.0996,287,0.3737,None
Tp_S_CNN_M_N_txt00091_txt00091_11314.jpg,DETECTED,True,0.0856,198,0.2578,None
Tp_S_CNN_M_N_txt00094_txt00094_10161.tif,DETECTED,True,0.1592,505,0.6576,None
Tp_S_CNN_M_N_txt00096_txt00096_10163.tif,DETECTED,True,0.2800,610,0.7943,None
Tp_S_CNN_M_N_txt00098_txt00098_10153.tif,DETECTED,True,0.1868,520,0.6771,None
Tp_S_CNN_M_N_txt00099_txt00099_10154.tif,DETECTED,True,0.2508,564,0.7344,None
Tp_S_CNN_M_N_txt00099_txt00099_10156.tif,DETECTED,True,0.2834,627,0.8164,None
Tp_S_CNN_M_N_txt00100_txt00100_10155.tif,DETECTED,True,0.2582,589,0.7669,None
Tp_S_CNN_M_N_txt10101_txt10101_10150.tif,DETECTED,True,0.2424,1036,0.7265,None
Tp_S_CNN_M_N_txt10101_txt10101_10151.tif,DETECTED,True,0.2545,1066,0.7475,None
Tp_S_CNN_M_N_txt10107_txt10107_10812.jpg,DETECTED,True,0.2652,1080,0.7574,None
Tp_S_CNN_M_N_txt10107_txt10107_10813.jpg,DETECTED,True,0.2539,1079,0.7567,None
Tp_S_CNN_M_N_txt10107_txt10107_10867.jpg,DETECTED,True,0.2487,1053,0.7384,None
Tp_S_CNN_M_N_txt10110_txt10110_10862.jpg,DETECTED,True,0.2558,995,0.6829,None
Tp_S_CNN_M_N_txt10113_txt10113_10865.jpg,DETECTED,True,0.1669,835,0.5856,None
Tp_S_CNN_M_O_ani00097_ani00097_10101.tif,DETECTED,True,0.0270,66,0.0859,None
Tp_S_CNN_M_O_ani00097_ani00097_10133.tif,DETECTED,True,0.1230,426,0.5547,None
Tp_S_CNN_M_O_arc00030_arc00030_10067.tif,DETECTED,True,0.0601,133,0.1732,None
Tp_S_CNN_M_O_arc00066_arc00066_10257.tif,DETECTED,True,0.2152,540,0.7031,None
Tp_S_CNN_M_O_art00051_art00051_10280.tif,DETECTED,True,0.1693,517,0.6732,None
Tp_S_CNN_S_B_arc00092_arc00092_01042.tif,DETECTED,True,0.0101,16,0.0208,None
Tp_S_CNN_S_B_arc00093_arc00093_01037.tif,MISSED,False,0.0073,11,0.0143,None
Tp_S_CNN_S_B_arc20018_arc20018_01471.tif,DETECTED,True,0.0074,94,0.0294,None
Tp_S_CNN_S_B_arc20018_arc20018_02160.tif,DETECTED,True,0.0125,145,0.0453,None
Tp_S_CNN_S_B_art00019_art00019_20023.jpg,DETECTED,True,0.0617,167,0.2174,None
Tp_S_CNN_S_B_art00031_art00031_01218.tif,DETECTED,True,0.0159,44,0.0573,None
Tp_S_CNN_S_B_art00046_art00046_11925.jpg,DETECTED,True,0.0725,200,0.2604,None
Tp_S_CNN_S_B_art20065_art20065_02499.tif,DETECTED,True,0.0051,29,0.0158,None
Tp_S_CNN_S_B_cha00013_cha00013_00333.tif,DETECTED,True,0.0108,28,0.0365,None
Tp_S_CNN_S_B_cha00047_cha00047_00367.tif,DETECTED,True,0.0140,42,0.0547,None
Tp_S_CNN_S_B_cha00053_cha00053_00373.tif,DETECTED,True,0.0200,50,0.0651,None
Tp_S_CNN_S_B_cha10187_cha10187_12309.jpg,DETECTED,True,0.0309,319,0.0899,None
Tp_S_CNN_S_B_cha20005_cha20005_02419.tif,DETECTED,True,0.0050,60,0.0187,None
Tp_S_CNN_S_B_nat00016_nat00016_01000.tif,DETECTED,True,0.3887,768,1.0000,None
Tp_S_CNN_S_B_nat00026_nat00026_00944.tif,DETECTED,True,0.0237,60,0.0781,None
Tp_S_CNN_S_B_nat00079_nat00079_00985.tif,DETECTED,True,0.0095,30,0.0391,None
Tp_S_CNN_S_B_nat00094_nat00094_11097.jpg,DETECTED,True,0.0522,118,0.1536,None
Tp_S_CNN_S_B_nat10109_nat10109_11354.jpg,DETECTED,True,0.0312,75,0.0977,None
Tp_S_CNN_S_B_nat10121_nat10121_11339.jpg,DETECTED,True,0.0179,42,0.0547,None
Tp_S_CNN_S_B_pla00050_pla00050_01159.tif,DETECTED,True,0.0147,31,0.0404,None
Tp_S_CNN_S_B_pla20010_pla20010_02393.tif,DETECTED,True,0.0057,26,0.0170,None
Tp_S_CNN_S_B_pla20100_pla20100_02000.tif,DETECTED,True,0.0181,149,0.0549,None
Tp_S_CNN_S_B_sec00008_sec00008_00770.tif,DETECTED,True,0.0282,71,0.0924,None
Tp_S_CNN_S_B_sec00082_sec00082_00102.tif,DETECTED,True,0.0093,23,0.0299,None
Tp_S_CNN_S_B_sec00099_sec00099_00709.tif,DETECTED,True,0.0128,35,0.0456,None
Tp_S_CNN_S_B_sec20003_sec20003_01438.tif,DETECTED,True,0.0116,143,0.0454,None
Tp_S_CNN_S_B_sec20010_sec20010_01445.tif,DETECTED,True,0.0123,176,0.0550,None
Tp_S_CNN_S_B_sec20012_sec20012_01447.tif,DETECTED,True,0.0325,297,0.0928,None
Tp_S_CNN_S_B_sec20083_sec20083_01673.tif,MISSED,False,0.0058,15,0.0080,None
Tp_S_CNN_S_M_ind00055_ind00055_10908.jpg,DETECTED,True,0.0216,25,0.0326,None
Tp_S_CNN_S_N_ani00052_ani00052_00172.tif,DETECTED,True,0.0211,49,0.0638,None
Tp_S_CNN_S_N_ani00055_ani00055_00175.tif,DETECTED,True,0.0498,119,0.1549,None
Tp_S_CNN_S_N_ani00077_ani00077_10719.jpg,DETECTED,True,0.0477,107,0.0842,None
Tp_S_CNN_S_N_ani00079_ani00079_00821.tif,DETECTED,True,0.0450,119,0.1549,None
Tp_S_CNN_S_N_ani00080_ani00080_00820.tif,DETECTED,True,0.0314,89,0.1159,None
Tp_S_CNN_S_N_ani00090_ani00090_00210.tif,DETECTED,True,0.0117,28,0.0365,None
Tp_S_CNN_S_N_ani00100_ani00100_01252.tif,MISSED,False,0.0039,9,0.0117,None
Tp_S_CNN_S_N_ani10129_ani10129_12470.jpg,MISSED,False,0.0103,9,0.0052,None
Tp_S_CNN_S_N_ani10160_ani10160_12495.jpg,DETECTED,True,0.0703,289,0.1932,None
Tp_S_CNN_S_N_ani10180_ani10180_12424.jpg,DETECTED,True,0.0379,172,0.1103,None
Tp_S_CNN_S_N_ani10193_ani10193_12441.jpg,DETECTED,True,0.0337,131,0.0908,None
Tp_S_CNN_S_N_ani10196_ani10196_12404.jpg,DETECTED,True,0.0436,183,0.1047,None
Tp_S_CNN_S_N_ani10199_ani10199_12408.jpg,DETECTED,True,0.0813,318,0.2265,None
Tp_S_CNN_S_N_ani10204_ani10204_12416.jpg,DETECTED,True,0.0210,44,0.0214,None
Tp_S_CNN_S_N_ani10211_ani10211_12374.jpg,MISSED,False,0.0078,9,0.0038,None
Tp_S_CNN_S_N_ani10221_ani10221_12392.jpg,DETECTED,True,0.0236,87,0.0323,None
Tp_S_CNN_S_N_ani10224_ani10224_12475.jpg,DETECTED,True,0.0369,315,0.1228,None
Tp_S_CNN_S_N_ani20006_ani20006_02049.tif,DETECTED,True,0.0104,77,0.0300,None
Tp_S_CNN_S_N_ani20012_ani20012_02055.tif,DETECTED,True,0.0372,245,0.1361,None
Tp_S_CNN_S_N_ani20018_ani20018_02061.tif,DETECTED,True,0.0087,61,0.0260,None
Tp_S_CNN_S_N_ani20023_ani20023_02066.tif,DETECTED,True,0.0175,66,0.0352,None
Tp_S_CNN_S_N_ani20028_ani20028_02071.tif,DETECTED,True,0.0126,38,0.0281,None
Tp_S_CNN_S_N_ani20031_ani20031_02074.tif,DETECTED,True,0.0288,102,0.0850,None
Tp_S_CNN_S_N_ani20032_ani20032_02075.tif,DETECTED,True,0.0098,32,0.0227,None
Tp_S_CNN_S_N_ani20052_ani20052_02095.tif,DETECTED,True,0.0391,227,0.1386,None
Tp_S_CNN_S_N_ani20067_ani20067_02109.tif,DETECTED,True,0.0090,38,0.0260,None
Tp_S_CNN_S_N_arc00011_arc00011_01110.tif,DETECTED,True,0.0302,72,0.0938,None
Tp_S_CNN_S_N_arc00014_arc00014_01112.tif,DETECTED,True,0.0153,40,0.0521,None
Tp_S_CNN_S_N_arc00018_arc00018_01116.tif,DETECTED,True,0.0280,67,0.0872,None
Tp_S_CNN_S_N_arc00030_arc00030_00778.tif,DETECTED,True,0.0152,35,0.0456,None
Tp_S_CNN_S_N_arc00037_arc00037_10144.tif,DETECTED,True,0.0334,82,0.1068,None
Tp_S_CNN_S_N_arc00041_arc00041_01084.tif,DETECTED,True,0.0157,38,0.0495,None
Tp_S_CNN_S_N_arc00047_arc00047_10240.tif,DETECTED,True,0.0243,65,0.0846,None
Tp_S_CNN_S_N_arc00047_arc00047_10241.tif,DETECTED,True,0.0175,53,0.0690,None
Tp_S_CNN_S_N_arc00048_arc00048_10243.tif,DETECTED,True,0.0168,39,0.0508,None
Tp_S_CNN_S_N_arc00048_arc00048_10244.tif,DETECTED,True,0.0285,68,0.0885,None
Tp_S_CNN_S_N_arc00049_arc00049_10247.tif,DETECTED,True,0.1675,418,0.5443,None
Tp_S_CNN_S_N_arc00050_arc00050_01076.tif,MISSED,False,0.0061,11,0.0143,None
Tp_S_CNN_S_N_arc00050_arc00050_10246.tif,DETECTED,True,0.1604,394,0.5130,None
Tp_S_CNN_S_N_arc00051_arc00051_10245.tif,DETECTED,True,0.1822,456,0.5938,None
Tp_S_CNN_S_N_arc00061_arc00061_00281.tif,DETECTED,True,0.0285,64,0.0833,None
Tp_S_CNN_S_N_arc00067_arc00067_10251.tif,DETECTED,True,0.0099,22,0.0286,None
Tp_S_CNN_S_N_arc00073_arc00073_01054.tif,DETECTED,True,0.0170,51,0.0664,None
Tp_S_CNN_S_N_arc00074_arc00074_01053.tif,MISSED,False,0.0064,9,0.0117,None
Tp_S_CNN_S_N_arc00083_arc00083_00303.tif,DETECTED,True,0.0172,42,0.0547,None
Tp_S_CNN_S_N_arc00084_arc00084_10733.jpg,DETECTED,True,0.0881,219,0.2852,None
Tp_S_CNN_S_N_arc10104_arc10104_10861.jpg,DETECTED,True,0.0273,28,0.0933,None
Tp_S_CNN_S_N_arc20034_arc20034_01487.tif,DETECTED,True,0.0136,113,0.0353,None
Tp_S_CNN_S_N_arc20042_arc20042_02178.tif,MISSED,False,0.0061,46,0.0144,None
Tp_S_CNN_S_N_arc20069_arc20069_01709.tif,MISSED,False,0.0066,23,0.0137,None
Tp_S_CNN_S_N_arc20100_arc20100_01740.tif,DETECTED,True,0.0065,59,0.0179,None
Tp_S_CNN_S_N_art00002_art00002_10440.tif,DETECTED,True,0.0356,94,0.1224,None
Tp_S_CNN_S_N_art00006_art00006_01196.tif,DETECTED,True,0.0133,37,0.0482,None
Tp_S_CNN_S_N_art00014_art00014_01203.tif,DETECTED,True,0.0322,91,0.1185,None
Tp_S_CNN_S_N_art00016_art00016_01205.tif,DETECTED,True,0.0440,120,0.1562,None
Tp_S_CNN_S_N_art00018_art00018_10278.tif,DETECTED,True,0.0324,96,0.1250,None
Tp_S_CNN_S_N_art00021_art00021_01208.tif,MISSED,False,0.0060,6,0.0078,None
Tp_S_CNN_S_N_art00026_art00026_10548.tif,DETECTED,True,0.0141,33,0.0430,None
Tp_S_CNN_S_N_art00026_art00026_10736.jpg,DETECTED,True,0.0216,28,0.0365,None
Tp_S_CNN_S_N_art00032_art00032_10467.tif,DETECTED,True,0.0186,53,0.0690,None
Tp_S_CNN_S_N_art00053_art00053_01026.tif,DETECTED,True,0.0070,12,0.0156,None
Tp_S_CNN_S_N_art00056_art00056_00524.tif,DETECTED,True,0.0252,64,0.0833,None
Tp_S_CNN_S_N_art00058_art00058_01233.tif,DETECTED,True,0.0174,46,0.0599,None
Tp_S_CNN_S_N_art00067_art00067_01239.tif,DETECTED,True,0.0280,68,0.0885,None
Tp_S_CNN_S_N_art00074_art00074_10537.tif,DETECTED,True,0.0349,95,0.1237,None
Tp_S_CNN_S_N_art00077_art00077_00531.tif,DETECTED,True,0.0495,137,0.1784,None
Tp_S_CNN_S_N_art00080_art00080_01247.tif,DETECTED,True,0.0160,50,0.0651,None
Tp_S_CNN_S_N_art00081_art00081_10435.tif,DETECTED,True,0.0580,169,0.2201,None
Tp_S_CNN_S_N_art00083_art00083_00533.tif,DETECTED,True,0.0312,97,0.1263,None
Tp_S_CNN_S_N_art00085_art00085_10283.tif,DETECTED,True,0.2477,615,0.8008,None
Tp_S_CNN_S_N_art00092_art00092_01250.tif,DETECTED,True,0.0144,30,0.0391,None
Tp_S_CNN_S_N_art00097_art00097_01003.tif,DETECTED,True,0.0169,35,0.0456,None
Tp_S_CNN_S_N_art00100_art00100_01001.tif,DETECTED,True,0.0314,106,0.1380,None
Tp_S_CNN_S_N_art20002_art20002_01808.tif,DETECTED,True,0.0137,104,0.0277,None
Tp_S_CNN_S_N_art20003_art20003_01809.tif,DETECTED,True,0.0091,104,0.0325,None
Tp_S_CNN_S_N_art20006_art20006_02340.tif,MISSED,False,0.0052,45,0.0143,None
Tp_S_CNN_S_N_art20031_art20031_01837.tif,DETECTED,True,0.0069,27,0.0169,None
Tp_S_CNN_S_N_art20053_art20053_01859.tif,DETECTED,True,0.0229,138,0.0836,None
Tp_S_CNN_S_N_art20056_art20056_02329.tif,DETECTED,True,0.0122,48,0.0364,None
Tp_S_CNN_S_N_art20058_art20058_01864.tif,DETECTED,True,0.0158,71,0.0476,None
Tp_S_CNN_S_N_art20060_art20060_01866.tif,DETECTED,True,0.0220,223,0.0668,None
Tp_S_CNN_S_N_art20062_art20062_01868.tif,DETECTED,True,0.0089,45,0.0226,None
Tp_S_CNN_S_N_art20065_art20065_01870.tif,DETECTED,True,0.0000,0,1.0000,None
Tp_S_CNN_S_N_art20068_art20068_02322.tif,DETECTED,True,0.0228,198,0.0666,None
Tp_S_CNN_S_N_art20070_art20070_01876.tif,DETECTED,True,0.0147,94,0.0616,None
Tp_S_CNN_S_N_art20071_art20071_01877.tif,DETECTED,True,0.0697,535,0.2798,None
Tp_S_CNN_S_N_art20073_art20073_02320.tif,DETECTED,True,0.0079,37,0.0291,None
Tp_S_CNN_S_N_art20076_art20076_02317.tif,DETECTED,True,0.0095,123,0.0328,None
Tp_S_CNN_S_N_art20078_art20078_01884.tif,DETECTED,True,0.0107,97,0.0259,None
Tp_S_CNN_S_N_art20079_art20079_01885.tif,MISSED,False,0.0028,15,0.0040,None
Tp_S_CNN_S_N_art20086_art20086_01892.tif,MISSED,False,0.0058,32,0.0085,None
Tp_S_CNN_S_N_art20090_art20090_01896.tif,DETECTED,True,0.0122,69,0.0363,None
Tp_S_CNN_S_N_art20090_art20090_02307.tif,DETECTED,True,0.0147,88,0.0463,None
Tp_S_CNN_S_N_art20091_art20091_01897.tif,DETECTED,True,0.0295,206,0.1084,None
Tp_S_CNN_S_N_cha00009_cha00009_00329.tif,DETECTED,True,0.0208,62,0.0807,None
Tp_S_CNN_S_N_cha00017_cha00017_10311.tif,DETECTED,True,0.0329,90,0.1172,None
Tp_S_CNN_S_N_cha00033_cha00033_00353.tif,DETECTED,True,0.0066,17,0.0221,None
Tp_S_CNN_S_N_cha00038_cha00038_00358.tif,DETECTED,True,0.0477,117,0.1523,None
Tp_S_CNN_S_N_cha00053_cha00053_11721.jpg,DETECTED,True,0.0310,60,0.0781,None
Tp_S_CNN_S_N_cha00057_cha00057_10112.tif,DETECTED,True,0.0338,63,0.0820,None
Tp_S_CNN_S_N_cha00057_cha00057_10113.tif,DETECTED,True,0.0483,91,0.1185,None
Tp_S_CNN_S_N_cha00057_cha00057_10114.tif,DETECTED,True,0.0201,36,0.0469,None
Tp_S_CNN_S_N_cha00064_cha00064_11018.jpg,DETECTED,True,0.0195,32,0.0417,None
Tp_S_CNN_S_N_cha00072_cha00072_11025.jpg,DETECTED,True,0.0567,123,0.1602,None
Tp_S_CNN_S_N_cha00080_cha00080_10188.tif,DETECTED,True,0.0496,130,0.1693,None
Tp_S_CNN_S_N_cha00100_cha00100_10157.tif,DETECTED,True,0.0081,34,0.0162,None
Tp_S_CNN_S_N_cha00100_cha00100_10158.tif,DETECTED,True,0.0191,128,0.0610,None
Tp_S_CNN_S_N_cha10114_nat10114_12182.jpg,DETECTED,True,0.0000,0,1.0000,None
Tp_S_CNN_S_N_cha10115_cha10115_12174.jpg,DETECTED,True,0.0199,118,0.0369,None
Tp_S_CNN_S_N_cha10118_cha10118_12196.jpg,DETECTED,True,0.0473,433,0.1353,None
Tp_S_CNN_S_N_cha10124_cha10124_12154.jpg,DETECTED,True,0.0162,28,0.0201,None
Tp_S_CNN_S_N_cha10125_cha10125_12160.jpg,DETECTED,True,0.0198,37,0.0279,None
Tp_S_CNN_S_N_cha10127_cha10127_12183.jpg,DETECTED,True,0.0427,533,0.1421,None
Tp_S_CNN_S_N_cha10137_cha10137_12209.jpg,DETECTED,True,0.0553,256,0.1219,None
Tp_S_CNN_S_N_cha10140_cha10140_12197.jpg,DETECTED,True,0.0273,68,0.0324,None
Tp_S_CNN_S_N_cha10161_cha10161_12255.jpg,DETECTED,True,0.0117,64,0.0263,None
Tp_S_CNN_S_N_cha10178_cha10178_12289.jpg,DETECTED,True,0.0253,96,0.0510,None
Tp_S_CNN_S_N_cha10183_cha10183_12318.jpg,MISSED,False,0.0174,46,0.0130,None
Tp_S_CNN_S_N_cha10186_cha10186_12311.jpg,DETECTED,True,0.0330,121,0.0645,None
Tp_S_CNN_S_N_cha10207_cha10207_12341.jpg,DETECTED,True,0.0234,158,0.0421,None
Tp_S_CNN_S_N_cha10207_cha10207_12348.jpg,DETECTED,True,0.0171,74,0.0197,None
Tp_S_CNN_S_N_cha20003_cha20003_02002.tif,DETECTED,True,0.0055,54,0.0174,None
Tp_S_CNN_S_N_cha20007_cha20007_02006.tif,MISSED,False,0.0047,37,0.0116,None
Tp_S_CNN_S_N_cha20020_cha20020_02019.tif,DETECTED,True,0.0253,315,0.0955,None
Tp_S_CNN_S_N_cha20034_cha20034_02033.tif,DETECTED,True,0.0071,60,0.0206,None
Tp_S_CNN_S_N_cha20045_cha20045_02044.tif,DETECTED,True,0.0076,47,0.0256,None
Tp_S_CNN_S_N_ind00004_ind00004_00881.tif,DETECTED,True,0.0113,22,0.0286,None
Tp_S_CNN_S_N_ind00008_ind00008_10420.tif,DETECTED,True,0.0356,112,0.1458,None
Tp_S_CNN_S_N_ind00008_ind00008_10421.tif,DETECTED,True,0.0105,33,0.0430,None
Tp_S_CNN_S_N_ind00009_ind00009_10414.tif,DETECTED,True,0.0114,21,0.0273,None
Tp_S_CNN_S_N_ind00021_ind00021_01319.tif,MISSED,False,0.0055,7,0.0091,None
Tp_S_CNN_S_N_ind00024_ind00024_00439.tif,DETECTED,True,0.0079,18,0.0234,None
Tp_S_CNN_S_N_ind00025_ind00025_01321.tif,DETECTED,True,0.0214,44,0.0573,None
Tp_S_CNN_S_N_ind00028_ind00028_11064.jpg,DETECTED,True,0.0193,17,0.0221,None
Tp_S_CNN_S_N_ind00030_ind00030_00445.tif,DETECTED,True,0.0194,47,0.0612,None
Tp_S_CNN_S_N_ind00032_ind00032_11059.jpg,DETECTED,True,0.0296,39,0.0508,None
Tp_S_CNN_S_N_ind00036_ind00036_10873.jpg,DETECTED,True,0.0275,32,0.0417,None
Tp_S_CNN_S_N_ind00040_ind00040_10876.jpg,DETECTED,True,0.0252,30,0.0391,None
Tp_S_CNN_S_N_ind00040_ind00040_10878.jpg,DETECTED,True,0.0356,61,0.0794,None
Tp_S_CNN_S_N_ind00041_ind00041_10882.jpg,DETECTED,True,0.0258,49,0.0638,None
Tp_S_CNN_S_N_ind00041_ind00041_10883.jpg,DETECTED,True,0.0193,27,0.0352,None
Tp_S_CNN_S_N_ind00046_ind00046_10889.jpg,DETECTED,True,0.1398,421,0.5482,None
Tp_S_CNN_S_N_ind00059_ind00059_10714.jpg,DETECTED,True,0.0403,94,0.1224,None
Tp_S_CNN_S_N_ind00070_ind00070_10695.jpg,DETECTED,True,0.0406,72,0.0938,None
Tp_S_CNN_S_N_ind00082_ind00082_01366.tif,DETECTED,True,0.0104,25,0.0326,None
Tp_S_CNN_S_N_ind00090_ind00090_10644.jpg,DETECTED,True,0.0182,27,0.0352,None
Tp_S_CNN_S_N_ind00095_ind00095_10657.jpg,DETECTED,True,0.0296,43,0.0560,None
Tp_S_CNN_S_N_ind00096_ind00096_10659.jpg,DETECTED,True,0.0267,49,0.0638,None
Tp_S_CNN_S_N_ind20001_ind20001_02261.tif,DETECTED,True,0.0175,94,0.0570,None
Tp_S_CNN_S_N_ind20007_ind20007_01748.tif,DETECTED,True,0.0248,165,0.0930,None
Tp_S_CNN_S_N_ind20018_ind20018_02275.tif,MISSED,False,0.0048,21,0.0106,None
Tp_S_CNN_S_N_ind20038_ind20038_02290.tif,DETECTED,True,0.0096,118,0.0315,None
Tp_S_CNN_S_N_ind20044_ind20044_02292.tif,MISSED,False,0.0032,21,0.0056,None
Tp_S_CNN_S_N_ind20049_ind20049_01790.tif,DETECTED,True,0.0166,52,0.0442,None
Tp_S_CNN_S_N_ind20053_ind20053_01794.tif,DETECTED,True,0.0080,25,0.0241,None
Tp_S_CNN_S_N_ind20055_ind20055_01796.tif,MISSED,False,0.0070,20,0.0114,None
Tp_S_CNN_S_N_ind20057_ind20057_01798.tif,MISSED,False,0.0084,20,0.0140,None
Tp_S_CNN_S_N_nat00009_nat00009_00629.tif,DETECTED,True,0.0121,37,0.0482,None
Tp_S_CNN_S_N_nat00032_nat00032_00646.tif,DETECTED,True,0.0193,56,0.0729,None
Tp_S_CNN_S_N_nat00040_nat00040_11072.jpg,DETECTED,True,0.0252,41,0.0534,None
Tp_S_CNN_S_N_nat00043_nat00043_11069.jpg,DETECTED,True,0.0384,77,0.1003,None
Tp_S_CNN_S_N_nat00053_nat00053_00663.tif,DETECTED,True,0.0122,32,0.0417,None
Tp_S_CNN_S_N_nat00053_nat00053_11078.jpg,DETECTED,True,0.0283,58,0.0755,None
Tp_S_CNN_S_N_nat00053_nat00053_11079.jpg,DETECTED,True,0.0417,87,0.1133,None
Tp_S_CNN_S_N_nat00065_nat00065_00671.tif,DETECTED,True,0.0187,41,0.0534,None
Tp_S_CNN_S_N_nat00073_nat00073_10590.jpg,DETECTED,True,0.0553,124,0.1615,None
Tp_S_CNN_S_N_nat00078_nat00078_10573.jpg,DETECTED,True,0.0470,117,0.1523,None
Tp_S_CNN_S_N_nat00082_nat00082_10603.jpg,DETECTED,True,0.0296,61,0.0794,None
Tp_S_CNN_S_N_nat00087_nat00087_10582.jpg,DETECTED,True,0.0488,145,0.1888,None
Tp_S_CNN_S_N_nat00088_nat00088_10581.jpg,DETECTED,True,0.0189,26,0.0339,None
Tp_S_CNN_S_N_nat00091_nat00091_11098.jpg,DETECTED,True,0.0396,91,0.1185,None
Tp_S_CNN_S_N_nat00092_nat00092_10594.jpg,DETECTED,True,0.0176,33,0.0430,None
Tp_S_CNN_S_N_nat10163_nat10163_12088.jpg,DETECTED,True,0.0488,327,0.1363,None
Tp_S_CNN_S_N_nat20014_nat20014_02214.tif,DETECTED,True,0.0000,0,1.0000,None
Tp_S_CNN_S_N_nat20037_nat20037_01541.tif,DETECTED,True,0.0137,56,0.0412,None
Tp_S_CNN_S_N_nat20045_nat20045_01549.tif,DETECTED,True,0.0359,155,0.1200,None
Tp_S_CNN_S_N_nat20049_nat20049_01553.tif,DETECTED,True,0.0605,217,0.1938,None
Tp_S_CNN_S_N_nat20058_nat20058_01562.tif,DETECTED,True,0.0184,105,0.0627,None
Tp_S_CNN_S_N_nat20059_nat20059_02253.tif,DETECTED,True,0.0083,31,0.0185,None
Tp_S_CNN_S_N_pla00001_pla00001_01123.tif,DETECTED,True,0.0181,49,0.0638,None
Tp_S_CNN_S_N_pla00009_pla00009_01131.tif,DETECTED,True,0.0664,164,0.2135,None
Tp_S_CNN_S_N_pla00010_pla00010_00549.tif,DETECTED,True,0.0249,57,0.0742,None
Tp_S_CNN_S_N_pla00010_pla00010_01132.tif,DETECTED,True,0.1084,259,0.3372,None
Tp_S_CNN_S_N_pla00013_pla00013_00552.tif,DETECTED,True,0.0354,67,0.0872,None
Tp_S_CNN_S_N_pla00017_pla00017_01137.tif,DETECTED,True,0.0325,73,0.0951,None
Tp_S_CNN_S_N_pla00019_pla00019_00557.tif,DETECTED,True,0.0777,203,0.2643,None
Tp_S_CNN_S_N_pla00019_pla00019_01139.tif,DETECTED,True,0.0828,222,0.2891,None
Tp_S_CNN_S_N_pla00021_pla00021_01141.tif,DETECTED,True,0.0599,147,0.1914,None
Tp_S_CNN_S_N_pla00024_pla00024_00561.tif,DETECTED,True,0.0636,157,0.2044,None
Tp_S_CNN_S_N_pla00026_pla00026_01143.tif,DETECTED,True,0.0481,110,0.1432,None
Tp_S_CNN_S_N_pla00029_pla00029_00565.tif,DETECTED,True,0.0248,64,0.0833,None
Tp_S_CNN_S_N_pla00032_pla00032_10993.jpg,DETECTED,True,0.0283,56,0.0729,None
Tp_S_CNN_S_N_pla00036_pla00036_00571.tif,DETECTED,True,0.0820,210,0.2734,None
Tp_S_CNN_S_N_pla00041_pla00041_00576.tif,DETECTED,True,0.0468,134,0.1745,None
Tp_S_CNN_S_N_pla00043_pla00043_10996.jpg,DETECTED,True,0.0347,74,0.0964,None
Tp_S_CNN_S_N_pla00045_pla00045_00580.tif,DETECTED,True,0.0481,144,0.1875,None
Tp_S_CNN_S_N_pla00045_pla00045_10971.jpg,DETECTED,True,0.0165,12,0.0156,None
Tp_S_CNN_S_N_pla00046_pla00046_00581.tif,DETECTED,True,0.0720,187,0.2435,None
Tp_S_CNN_S_N_pla00046_pla00046_01156.tif,DETECTED,True,0.0093,18,0.0234,None
Tp_S_CNN_S_N_pla00049_pla00049_10723.jpg,DETECTED,True,0.0327,66,0.0859,None
Tp_S_CNN_S_N_pla00052_pla00052_01161.tif,DETECTED,True,0.0216,60,0.0781,None
Tp_S_CNN_S_N_pla00055_pla00055_00589.tif,DETECTED,True,0.0466,133,0.1732,None
Tp_S_CNN_S_N_pla00057_pla00057_01166.tif,DETECTED,True,0.0611,173,0.2253,None
Tp_S_CNN_S_N_pla00058_pla00058_11209.jpg,DETECTED,True,0.0193,28,0.0365,None
Tp_S_CNN_S_N_pla00066_pla00066_00597.tif,DETECTED,True,0.0352,85,0.1107,None
Tp_S_CNN_S_N_pla00067_pla00067_11217.jpg,DETECTED,True,0.0322,55,0.0716,None
Tp_S_CNN_S_N_pla00069_pla00069_01176.tif,DETECTED,True,0.0180,52,0.0677,None
Tp_S_CNN_S_N_pla00069_pla00069_11215.jpg,DETECTED,True,0.0510,111,0.1445,None
Tp_S_CNN_S_N_pla00078_pla00078_10854.jpg,DETECTED,True,0.0208,36,0.0469,None
Tp_S_CNN_S_N_pla00081_pla00081_10629.jpg,DETECTED,True,0.0252,45,0.0586,None
Tp_S_CNN_S_N_pla00099_pla00099_00620.tif,DETECTED,True,0.0465,109,0.1419,None
Tp_S_CNN_S_N_pla10127_pla10127_12137.jpg,DETECTED,True,0.0204,94,0.0392,None
Tp_S_CNN_S_N_pla20009_pla20009_01909.tif,DETECTED,True,0.0065,26,0.0170,None
Tp_S_CNN_S_N_pla20034_pla20034_01934.tif,DETECTED,True,0.0274,128,0.0742,None
Tp_S_CNN_S_N_pla20049_pla20049_01949.tif,DETECTED,True,0.0138,76,0.0397,None
Tp_S_CNN_S_N_pla20053_pla20053_01953.tif,DETECTED,True,0.0210,128,0.0669,None
Tp_S_CNN_S_N_pla20054_pla20054_01954.tif,MISSED,False,0.0051,24,0.0126,None
Tp_S_CNN_S_N_pla20059_pla20059_01959.tif,DETECTED,True,0.0117,104,0.0353,None
Tp_S_CNN_S_N_pla20062_pla20062_01962.tif,MISSED,False,0.0045,28,0.0096,None
Tp_S_CNN_S_N_pla20068_pla20068_01968.tif,DETECTED,True,0.0113,45,0.0316,None
Tp_S_CNN_S_N_pla20069_pla20069_01969.tif,DETECTED,True,0.0083,26,0.0182,None
Tp_S_CNN_S_N_pla20069_pla20069_02366.tif,DETECTED,True,0.0114,61,0.0428,None
Tp_S_CNN_S_N_pla20094_pla20094_02348.tif,MISSED,False,0.0059,29,0.0148,None
Tp_S_CNN_S_N_sec00008_sec00008_10800.jpg,DETECTED,True,0.0359,76,0.0990,None
Tp_S_CNN_S_N_sec00022_sec00022_00043.tif,DETECTED,True,0.0090,18,0.0234,None
Tp_S_CNN_S_N_sec00028_sec00028_10782.jpg,DETECTED,True,0.0221,26,0.0339,None
Tp_S_CNN_S_N_sec00034_sec00034_11248.jpg,DETECTED,True,0.0281,43,0.0560,None
Tp_S_CNN_S_N_sec00055_sec00055_11236.jpg,DETECTED,True,0.0327,61,0.0794,None
Tp_S_CNN_S_N_sec00066_sec00066_11257.jpg,DETECTED,True,0.0466,138,0.1797,None
Tp_S_CNN_S_N_sec00076_sec00076_00097.tif,DETECTED,True,0.0126,31,0.0404,None
Tp_S_CNN_S_N_sec00084_sec00084_00104.tif,MISSED,False,0.0076,11,0.0143,None
Tp_S_CNN_S_N_sec00084_sec00084_10352.tif,DETECTED,True,0.0274,52,0.0677,None
Tp_S_CNN_S_N_sec00087_sec00087_10362.tif,DETECTED,True,0.0290,75,0.0977,None
Tp_S_CNN_S_N_sec00087_sec00087_11122.jpg,DETECTED,True,0.0218,39,0.0508,None
Tp_S_CNN_S_N_sec00089_sec00089_10357.tif,DETECTED,True,0.1610,459,0.5977,None
Tp_S_CNN_S_N_sec10115_sec10115_11531.jpg,DETECTED,True,0.0165,37,0.0482,None
Tp_S_CNN_S_N_sec20002_sec20002_02115.tif,DETECTED,True,0.0221,285,0.0891,None
Tp_S_CNN_S_N_sec20003_sec20003_02114.tif,DETECTED,True,0.0066,55,0.0175,None
Tp_S_CNN_S_N_sec20015_sec20015_01605.tif,DETECTED,True,0.0133,53,0.0390,None
Tp_S_CNN_S_N_sec20023_sec20023_02123.tif,DETECTED,True,0.0094,27,0.0204,None
Tp_S_CNN_S_N_sec20039_sec20039_02448.tif,DETECTED,True,0.0069,23,0.0225,None
Tp_S_CNN_S_N_sec20062_sec20062_02149.tif,DETECTED,True,0.0354,221,0.1584,None
Tp_S_CNN_S_N_sec20079_sec20079_01669.tif,DETECTED,True,0.0173,103,0.0549,None
Tp_S_CNN_S_N_sec20083_sec20083_02143.tif,MISSED,False,0.0067,23,0.0123,None
Tp_S_CNN_S_N_sec20095_sec20095_01685.tif,DETECTED,True,0.0125,80,0.0381,None
Tp_S_CNN_S_N_txt00007_txt00007_01265.tif,DETECTED,True,0.0238,57,0.0742,None
Tp_S_CNN_S_N_txt00011_txt00011_01268.tif,DETECTED,True,0.0142,33,0.0430,None
Tp_S_CNN_S_N_txt00014_txt00014_10846.jpg,DETECTED,True,0.0621,155,0.2018,None
Tp_S_CNN_S_N_txt00025_txt00025_01270.tif,DETECTED,True,0.0445,113,0.1471,None
Tp_S_CNN_S_N_txt00028_txt00028_01269.tif,DETECTED,True,0.0538,129,0.1680,None
Tp_S_CNN_S_N_txt00039_txt00039_11325.jpg,DETECTED,True,0.0572,147,0.1914,None
Tp_S_CNN_S_N_txt00039_txt00039_11326.jpg,DETECTED,True,0.0358,73,0.0951,None
Tp_S_CNN_S_N_txt00041_txt00041_00694.tif,DETECTED,True,0.0219,51,0.0664,None
Tp_S_CNN_S_N_txt00041_txt00041_01273.tif,DETECTED,True,0.0396,106,0.1380,None
Tp_S_CNN_S_N_txt00045_txt00045_00693.tif,DETECTED,True,0.0333,82,0.1068,None
Tp_S_CNN_S_N_txt00045_txt00045_11324.jpg,DETECTED,True,0.0473,93,0.1211,None
Tp_S_CNN_S_N_txt00046_txt00046_01274.tif,DETECTED,True,0.0221,44,0.0573,None
Tp_S_CNN_S_N_txt00049_txt00049_01276.tif,DETECTED,True,0.0843,192,0.2500,None
Tp_S_CNN_S_N_txt00050_txt00050_01277.tif,DETECTED,True,0.0280,68,0.0885,None
Tp_S_CNN_S_N_txt00053_txt00053_01279.tif,DETECTED,True,0.0348,78,0.1016,None
Tp_S_CNN_S_N_txt00054_txt00054_01280.tif,DETECTED,True,0.0393,94,0.1224,None
Tp_S_CNN_S_N_txt00056_txt00056_01281.tif,DETECTED,True,0.0401,93,0.1211,None
Tp_S_CNN_S_N_txt00059_txt00059_00692.tif,DETECTED,True,0.1236,276,0.3594,None
Tp_S_CNN_S_N_txt00067_txt00067_01298.tif,DETECTED,True,0.0242,57,0.0742,None
Tp_S_CNN_S_N_txt00071_txt00071_11299.jpg,DETECTED,True,0.0675,138,0.1797,None
Tp_S_CNN_S_N_txt00072_txt00072_01285.tif,DETECTED,True,0.0265,72,0.0938,None
Tp_S_CNN_S_N_txt00075_txt00075_00687.tif,DETECTED,True,0.0294,77,0.1003,None
Tp_S_CNN_S_N_txt00075_txt00075_01300.tif,DETECTED,True,0.0132,30,0.0391,None
Tp_S_CNN_S_N_txt00075_txt00075_11297.jpg,DETECTED,True,0.0236,29,0.0378,None
Tp_S_CNN_S_N_txt00077_txt00077_01287.tif,DETECTED,True,0.0257,70,0.0911,None
Tp_S_CNN_S_N_txt00081_txt00081_01292.tif,DETECTED,True,0.0190,51,0.0664,None
Tp_S_CNN_S_N_txt00086_txt00086_11311.jpg,DETECTED,True,0.0363,67,0.0872,None
Tp_S_CNN_S_N_txt00089_txt00089_00686.tif,DETECTED,True,0.0713,206,0.2682,None
Tp_S_CNN_S_O_arc00033_arc00033_01091.tif,DETECTED,True,0.0136,25,0.0326,None
Tp_S_CNN_S_O_ind00071_ind00071_10940.jpg,DETECTED,True,0.0226,26,0.0339,None
Tp_S_CNN_S_O_pla10128_pla10128_12140.jpg,DETECTED,True,0.0348,211,0.0879,None
Tp_S_CRD_M_B_sec00083_sec00083_11287.jpg,DETECTED,True,0.0699,186,0.2422,None
Tp_S_CRD_M_N_arc10119_arc10119_10757.jpg,DETECTED,True,0.0548,295,0.2069,None
Tp_S_CRD_M_N_art00007_art00007_10749.jpg,DETECTED,True,0.1091,274,0.3568,None
Tp_S_CRD_M_N_art00007_art00007_10750.jpg,DETECTED,True,0.1811,462,0.6016,None
Tp_S_CRD_M_N_art10110_art10110_11565.jpg,DETECTED,True,0.0150,39,0.0508,None
Tp_S_CRD_M_N_art10110_art10110_11570.jpg,DETECTED,True,0.0142,51,0.0664,None
Tp_S_CRD_M_N_ind00054_ind00054_10904.jpg,DETECTED,True,0.0445,96,0.1250,None
Tp_S_CRD_M_N_sec00010_sec00010_10857.jpg,DETECTED,True,0.0357,88,0.1146,None
Tp_S_CRD_M_N_sec00016_sec00016_10791.jpg,DETECTED,True,0.0993,243,0.3164,None
Tp_S_CRD_M_N_sec00018_sec00018_10792.jpg,DETECTED,True,0.0761,179,0.2331,None
Tp_S_CRD_M_N_txt00098_txt00098_10152.tif,DETECTED,True,0.1236,335,0.4362,None
Tp_S_CRD_S_B_ani00046_ani00046_00166.tif,DETECTED,True,0.0263,94,0.1224,None
Tp_S_CRD_S_B_ani00047_ani00047_00167.tif,DETECTED,True,0.0206,57,0.0742,None
Tp_S_CRD_S_B_ani00057_ani00057_00177.tif,DETECTED,True,0.0331,130,0.1693,None
Tp_S_CRD_S_B_ani10138_ani10138_12500.jpg,DETECTED,True,0.0221,57,0.0317,None
Tp_S_CRD_S_B_art00005_art00005_01430.tif,DETECTED,True,0.0072,20,0.0260,None
Tp_S_CRD_S_B_art00027_art00027_10765.jpg,DETECTED,True,0.0439,106,0.1380,None
Tp_S_CRD_S_B_sec00002_sec00002_00022.tif,DETECTED,True,0.0118,30,0.0391,None
Tp_S_CRD_S_B_sec00068_sec00068_11254.jpg,DETECTED,True,0.0236,46,0.0599,None
Tp_S_CRD_S_B_txt00020_txt00020_20024.jpg,DETECTED,True,0.0883,285,0.3711,None
Tp_S_CRD_S_N_ani00067_ani00067_00187.tif,DETECTED,True,0.0180,35,0.0456,None
Tp_S_CRD_S_N_ani00091_ani00091_00211.tif,DETECTED,True,0.0575,174,0.2266,None
Tp_S_CRD_S_N_arc00001_arc00001_00221.tif,DETECTED,True,0.0097,24,0.0312,None
Tp_S_CRD_S_N_arc00085_arc00085_00305.tif,DETECTED,True,0.0631,134,0.1745,None
Tp_S_CRD_S_N_arc20025_arc20025_02167.tif,MISSED,False,0.0055,54,0.0144,None
Tp_S_CRD_S_N_arc20083_arc20083_02189.tif,DETECTED,True,0.0127,66,0.0400,None
Tp_S_CRD_S_N_arc20093_arc20093_02411.tif,MISSED,False,0.0086,51,0.0136,None
Tp_S_CRD_S_N_art00009_art00009_01199.tif,DETECTED,True,0.0342,118,0.1536,None
Tp_S_CRD_S_N_art00048_art00048_01021.tif,DETECTED,True,0.0074,14,0.0182,None
Tp_S_CRD_S_N_cha00060_cha00060_00380.tif,DETECTED,True,0.0067,14,0.0182,None
Tp_S_CRD_S_N_cha10113_cha10113_11544.jpg,DETECTED,True,0.0000,0,1.0000,None
Tp_S_CRD_S_N_cha10145_cha10145_12240.jpg,DETECTED,True,0.0252,64,0.0305,None
Tp_S_CRD_S_N_cha10154_cha10154_12264.jpg,DETECTED,True,0.0285,108,0.0514,None
Tp_S_CRD_S_N_cha10154_cha10154_12265.jpg,DETECTED,True,0.0318,137,0.0652,None
Tp_S_CRD_S_N_cha10197_cha10197_12366.jpg,DETECTED,True,0.0298,171,0.0549,None
Tp_S_CRD_S_N_cha10204_cha10204_12351.jpg,DETECTED,True,0.0246,217,0.0579,None
Tp_S_CRD_S_N_cha20039_cha20039_02038.tif,DETECTED,True,0.0142,75,0.0560,None
Tp_S_CRD_S_N_ind00036_ind00036_10874.jpg,DETECTED,True,0.0537,115,0.1497,None
Tp_S_CRD_S_N_ind00039_ind00039_01330.tif,DETECTED,True,0.0224,45,0.0586,None
Tp_S_CRD_S_N_ind00047_ind00047_01337.tif,DETECTED,True,0.0257,60,0.0781,None
Tp_S_CRD_S_N_ind00050_ind00050_10898.jpg,DETECTED,True,0.0285,48,0.0625,None
Tp_S_CRD_S_N_ind00052_ind00052_01341.tif,DETECTED,True,0.0069,22,0.0286,None
Tp_S_CRD_S_N_ind00052_ind00052_10402.tif,DETECTED,True,0.0298,98,0.1276,None
Tp_S_CRD_S_N_ind00093_ind00093_01375.tif,DETECTED,True,0.0181,35,0.0456,None
Tp_S_CRD_S_N_ind00094_ind00094_01376.tif,DETECTED,True,0.0110,33,0.0430,None
Tp_S_CRD_S_N_ind20020_ind20020_02277.tif,DETECTED,True,0.0236,161,0.0767,None
Tp_S_CRD_S_N_pla00034_pla00034_01149.tif,DETECTED,True,0.0107,31,0.0404,None
Tp_S_CRD_S_N_pla00076_pla00076_10623.jpg,DETECTED,True,0.0680,213,0.2773,None
Tp_S_CRD_S_N_pla10003_pla10003_20098.jpg,DETECTED,True,0.0618,448,0.1867,None
Tp_S_CRD_S_N_pla20002_pla20002_02398.tif,DETECTED,True,0.0135,179,0.0511,None
Tp_S_CRD_S_N_sec00020_sec00020_00771.tif,DETECTED,True,0.0234,61,0.0794,None
Tp_S_CRD_S_N_sec00025_sec00025_10776.jpg,DETECTED,True,0.0405,73,0.0951,None
Tp_S_CRD_S_N_sec20002_sec20002_01437.tif,DETECTED,True,0.0095,81,0.0253,None
Tp_S_CRD_S_N_txt00100_txt00100_01293.tif,DETECTED,True,0.0283,67,0.0872,None
Tp_S_CRN_L_N_arc00053_arc00053_10248.tif,DETECTED,True,0.2464,598,0.7786,None
Tp_S_CRN_M_B_ani00001_ani00001_10098.tif,DETECTED,True,0.0652,118,0.1536,None
Tp_S_CRN_M_B_arc00086_arc00086_11197.jpg,DETECTED,True,0.0401,90,0.1172,None
Tp_S_CRN_M_B_arc00099_arc00099_11191.jpg,DETECTED,True,0.0566,122,0.1589,None
Tp_S_CRN_M_B_arc00100_arc00100_11192.jpg,DETECTED,True,0.0368,77,0.1003,None
Tp_S_CRN_M_B_art00018_art00018_10034.tif,DETECTED,True,0.0425,126,0.1641,None
Tp_S_CRN_M_B_nat00031_nat00031_10095.tif,DETECTED,True,0.0744,163,0.2122,None
Tp_S_CRN_M_B_nat00038_nat00038_10076.tif,DETECTED,True,0.1507,439,0.5716,None
Tp_S_CRN_M_N_ani00099_ani00099_10094.tif,DETECTED,True,0.0446,108,0.1406,None
Tp_S_CRN_M_N_arc00036_arc00036_10088.tif,DETECTED,True,0.1031,266,0.3464,None
Tp_S_CRN_M_N_arc00059_arc00059_10065.tif,DETECTED,True,0.0326,95,0.1237,None
Tp_S_CRN_M_N_arc00059_arc00059_10082.tif,DETECTED,True,0.0155,47,0.0612,None
Tp_S_CRN_M_N_arc00072_arc00072_10265.tif,DETECTED,True,0.1945,482,0.6276,None
Tp_S_CRN_M_N_arc00073_arc00073_10266.tif,DETECTED,True,0.1759,490,0.6380,None
Tp_S_CRN_M_N_arc00080_arc00080_10017.tif,DETECTED,True,0.0657,215,0.2799,None
Tp_S_CRN_M_N_arc10111_arc10111_10730.jpg,DETECTED,True,0.0836,76,0.2533,None
Tp_S_CRN_M_N_arc10111_arc10111_10731.jpg,DETECTED,True,0.0683,75,0.2500,None
Tp_S_CRN_M_N_arc10111_arc10111_10732.jpg,DETECTED,True,0.0580,58,0.1933,None
Tp_S_CRN_M_N_arc10119_arc10119_10756.jpg,DETECTED,True,0.1468,745,0.5224,None
Tp_S_CRN_M_N_arc10127_arc10127_11892.jpg,DETECTED,True,0.0474,99,0.1279,None
Tp_S_CRN_M_N_art00003_art00003_10441.tif,DETECTED,True,0.2161,566,0.7370,None
Tp_S_CRN_M_N_art00008_art00008_10741.jpg,DETECTED,True,0.1354,396,0.5156,None
Tp_S_CRN_M_N_art00008_art00008_10742.jpg,DETECTED,True,0.1354,390,0.5078,None
Tp_S_CRN_M_N_art00008_art00008_10743.jpg,DETECTED,True,0.1675,497,0.6471,None
Tp_S_CRN_M_N_art00016_art00016_10277.tif,DETECTED,True,0.0548,140,0.1823,None
Tp_S_CRN_M_N_art00021_art00021_10547.tif,DETECTED,True,0.1160,297,0.3867,None
Tp_S_CRN_M_N_art00024_art00024_10554.jpg,DETECTED,True,0.0692,199,0.2591,None
Tp_S_CRN_M_N_art00034_art00034_10546.tif,DETECTED,True,0.0684,171,0.2227,None
Tp_S_CRN_M_N_art00058_art00058_10530.tif,DETECTED,True,0.0445,124,0.1615,None
Tp_S_CRN_M_N_art00058_art00058_10531.tif,DETECTED,True,0.1098,320,0.4167,None
Tp_S_CRN_M_N_art00063_art00063_10525.tif,DETECTED,True,0.1657,452,0.5885,None
Tp_S_CRN_M_N_art00066_art00066_10473.tif,DETECTED,True,0.0839,224,0.2917,None
Tp_S_CRN_M_N_art00077_art00077_11713.jpg,DETECTED,True,0.0940,243,0.3164,None
Tp_S_CRN_M_N_art00097_art00097_10304.tif,DETECTED,True,0.2644,583,0.7591,None
Tp_S_CRN_M_N_art00100_art00100_10018.tif,DETECTED,True,0.0351,120,0.1562,None
Tp_S_CRN_M_N_art10103_art10103_10261.tif,DETECTED,True,0.1809,996,0.6985,None
Tp_S_CRN_M_N_cha00017_cha00017_10312.tif,DETECTED,True,0.1194,298,0.3880,None
Tp_S_CRN_M_N_cha00023_cha00023_10721.jpg,DETECTED,True,0.0755,178,0.2318,None
Tp_S_CRN_M_N_cha00048_cha00048_11005.jpg,DETECTED,True,0.0728,154,0.2005,None
Tp_S_CRN_M_N_cha00064_cha00064_11019.jpg,DETECTED,True,0.1054,261,0.3398,None
Tp_S_CRN_M_N_cha10116_cha10116_12172.jpg,DETECTED,True,0.0295,209,0.0674,None
Tp_S_CRN_M_N_cha10125_cha10125_12161.jpg,DETECTED,True,0.0552,241,0.1817,None
Tp_S_CRN_M_N_ind00027_ind00027_10396.tif,DETECTED,True,0.0392,84,0.1094,None
Tp_S_CRN_M_N_ind00033_ind00033_10400.tif,DETECTED,True,0.0353,98,0.1276,None
Tp_S_CRN_M_N_ind00039_ind00039_10131.tif,DETECTED,True,0.1818,466,0.6068,None
Tp_S_CRN_M_N_ind00051_ind00051_10902.jpg,DETECTED,True,0.0945,211,0.2747,None
Tp_S_CRN_M_N_nat00001_nat00001_10555.jpg,DETECTED,True,0.1211,482,0.6276,None
Tp_S_CRN_M_N_nat00001_nat00001_10556.jpg,DETECTED,True,0.1097,403,0.5247,None
Tp_S_CRN_M_N_nat00019_nat00019_11046.jpg,DETECTED,True,0.0311,74,0.0964,None
Tp_S_CRN_M_N_nat00049_nat00049_11084.jpg,DETECTED,True,0.0312,55,0.0716,None
Tp_S_CRN_M_N_nat00063_nat00063_10561.jpg,DETECTED,True,0.1684,428,0.5573,None
Tp_S_CRN_M_N_nat00064_nat00064_10560.jpg,DETECTED,True,0.1914,547,0.7122,None
Tp_S_CRN_M_N_nat10137_nat10137_11930.jpg,DETECTED,True,0.0812,515,0.2146,None
Tp_S_CRN_M_N_nat10161_nat10161_12079.jpg,DETECTED,True,0.1199,772,0.4595,None
Tp_S_CRN_M_N_nat10164_nat00021_12098.jpg,DETECTED,True,0.0751,415,0.2470,None
Tp_S_CRN_M_N_pla00037_pla00037_10981.jpg,DETECTED,True,0.0759,175,0.2279,None
Tp_S_CRN_M_N_pla00046_pla00046_10992.jpg,DETECTED,True,0.0148,14,0.0182,None
Tp_S_CRN_M_N_pla00059_pla00059_10724.jpg,DETECTED,True,0.0517,116,0.1510,None
Tp_S_CRN_M_N_pla00072_pla00072_10459.tif,DETECTED,True,0.1534,394,0.5130,None
Tp_S_CRN_M_N_pla00086_pla00086_10626.jpg,DETECTED,True,0.0920,232,0.3021,None
Tp_S_CRN_M_N_pla00086_pla00086_10627.jpg,DETECTED,True,0.1045,241,0.3138,None
Tp_S_CRN_M_N_pla00088_pla00088_10852.jpg,DETECTED,True,0.0709,215,0.2799,None
Tp_S_CRN_M_N_pla00092_pla00092_10608.jpg,DETECTED,True,0.2724,610,0.7943,None
Tp_S_CRN_M_N_sec00021_sec00021_10777.jpg,DETECTED,True,0.2474,569,0.7409,None
Tp_S_CRN_M_N_sec00039_sec00039_10484.tif,DETECTED,True,0.0584,212,0.2760,None
Tp_S_CRN_M_N_sec00045_sec00045_10487.tif,DETECTED,True,0.1209,314,0.4089,None
Tp_S_CRN_M_N_sec00053_sec00053_11243.jpg,DETECTED,True,0.0445,77,0.1003,None
Tp_S_CRN_M_N_sec00097_sec00097_10130.tif,DETECTED,True,0.2437,595,0.7747,None
Tp_S_CRN_M_N_txt00007_txt00007_10841.jpg,DETECTED,True,0.2539,550,0.7161,None
Tp_S_CRN_M_N_txt00019_txt00019_10850.jpg,DETECTED,True,0.2486,539,0.7018,None
Tp_S_CRN_M_N_txt00047_txt00047_11321.jpg,DETECTED,True,0.0930,194,0.2526,None
Tp_S_CRN_M_N_txt00073_txt00073_11304.jpg,DETECTED,True,0.0642,158,0.2057,None
Tp_S_CRN_M_N_txt00073_txt00073_11305.jpg,DETECTED,True,0.0559,134,0.1745,None
Tp_S_CRN_M_N_txt00083_txt00083_10864.jpg,DETECTED,True,0.2629,560,0.7292,None
Tp_S_CRN_M_N_txt00084_txt00084_11301.jpg,DETECTED,True,0.0493,138,0.1797,None
Tp_S_CRN_M_N_txt00085_txt00085_11308.jpg,DETECTED,True,0.0730,156,0.2031,None
Tp_S_CRN_M_O_ind00064_ind00064_10686.jpg,DETECTED,True,0.1965,584,0.7604,None
Tp_S_CRN_S_B_arc00001_arc00001_11183.jpg,DETECTED,True,0.0286,53,0.0690,None
Tp_S_CRN_S_B_arc00004_arc00004_11172.jpg,DETECTED,True,0.0452,88,0.1146,None
Tp_S_CRN_S_B_arc00065_arc00065_11451.jpg,DETECTED,True,0.0273,60,0.0781,None
Tp_S_CRN_S_B_arc00076_arc00076_11189.jpg,DETECTED,True,0.0396,97,0.1263,None
Tp_S_CRN_S_B_arc00095_arc00095_01035.tif,DETECTED,True,0.0159,46,0.0599,None
Tp_S_CRN_S_B_art00014_art00014_20054.jpg,DETECTED,True,0.0451,121,0.1576,None
Tp_S_CRN_S_B_cha00021_cha00021_20025.jpg,DETECTED,True,0.0131,20,0.0260,None
Tp_S_CRN_S_B_cha00085_cha00085_10180.tif,DETECTED,True,0.0114,18,0.0234,None
Tp_S_CRN_S_B_cha10114_cha10114_12176.jpg,DETECTED,True,0.0685,1054,0.2811,None
Tp_S_CRN_S_B_cha10207_cha10207_12355.jpg,DETECTED,True,0.0251,181,0.0483,None
Tp_S_CRN_S_B_ind00037_ind00037_10872.jpg,DETECTED,True,0.0304,50,0.0651,None
Tp_S_CRN_S_B_pla00039_pla00039_10980.jpg,DETECTED,True,0.0372,64,0.0833,None
Tp_S_CRN_S_B_pla00057_pla00057_11210.jpg,DETECTED,True,0.0273,48,0.0625,None
Tp_S_CRN_S_B_pla10002_pla10002_20045.jpg,DETECTED,True,0.0517,171,0.1849,None
Tp_S_CRN_S_B_sec00060_sec00060_11266.jpg,DETECTED,True,0.0262,39,0.0508,None
Tp_S_CRN_S_B_txt00031_txt00031_01272.tif,DETECTED,True,0.0320,73,0.0951,None
Tp_S_CRN_S_M_pla00060_pla00060_11222.jpg,DETECTED,True,0.0339,68,0.0885,None
Tp_S_CRN_S_N_ani00011_ani00011_00131.tif,DETECTED,True,0.0570,135,0.1758,None
Tp_S_CRN_S_N_ani00011_ani00011_10222.tif,DETECTED,True,0.0241,65,0.0846,None
Tp_S_CRN_S_N_ani00053_ani00053_00173.tif,DETECTED,True,0.1029,250,0.3255,None
Tp_S_CRN_S_N_ani00054_ani00054_00174.tif,DETECTED,True,0.0217,60,0.0781,None
Tp_S_CRN_S_N_ani00088_ani00088_10138.tif,DETECTED,True,0.0239,63,0.0820,None
Tp_S_CRN_S_N_ani00098_ani00098_00218.tif,DETECTED,True,0.0208,63,0.0820,None
Tp_S_CRN_S_N_ani10119_ani10119_11608.jpg,DETECTED,True,0.0239,56,0.0729,None
Tp_S_CRN_S_N_ani10141_ani10141_12480.jpg,DETECTED,True,0.0195,42,0.0233,None
Tp_S_CRN_S_N_ani10145_ani10145_12476.jpg,DETECTED,True,0.0312,125,0.0595,None
Tp_S_CRN_S_N_ani10154_ani10154_12464.jpg,DETECTED,True,0.0332,139,0.0579,None
Tp_S_CRN_S_N_ani10155_ani10155_12485.jpg,DETECTED,True,0.0379,96,0.0800,None
Tp_S_CRN_S_N_ani10203_ani10203_12420.jpg,DETECTED,True,0.0471,253,0.1232,None
Tp_S_CRN_S_N_ani10206_ani10206_12415.jpg,DETECTED,True,0.0453,250,0.1054,None
Tp_S_CRN_S_N_ani10221_ani10221_12391.jpg,DETECTED,True,0.0300,154,0.0571,None
Tp_S_CRN_S_N_ani10221_ani10221_12393.jpg,DETECTED,True,0.0287,138,0.0512,None
Tp_S_CRN_S_N_arc00004_arc00004_11175.jpg,DETECTED,True,0.3372,759,0.9883,None
Tp_S_CRN_S_N_arc00062_ani00005_11499.jpg,DETECTED,True,0.0235,29,0.0378,None
Tp_S_CRN_S_N_arc00062_arc00062_11495.jpg,DETECTED,True,0.0189,20,0.0260,None
Tp_S_CRN_S_N_arc00078_art00092_11881.jpg,DETECTED,True,0.0222,21,0.0273,None
Tp_S_CRN_S_N_arc00085_arc00085_10728.jpg,DETECTED,True,0.0571,132,0.1719,None
Tp_S_CRN_S_N_arc00098_arc00098_11795.jpg,DETECTED,True,0.0218,36,0.0469,None
Tp_S_CRN_S_N_arc10127_arc10127_11891.jpg,DETECTED,True,0.0184,29,0.0375,None
Tp_S_CRN_S_N_arc10130_arc10130_11897.jpg,DETECTED,True,0.0272,151,0.0510,None
Tp_S_CRN_S_N_arc10130_arc10130_11898.jpg,DETECTED,True,0.0284,172,0.0581,None
Tp_S_CRN_S_N_arc20016_arc20016_02159.tif,DETECTED,True,0.0147,165,0.0516,None
Tp_S_CRN_S_N_arc20043_arc20043_02179.tif,DETECTED,True,0.0123,107,0.0334,None
Tp_S_CRN_S_N_art00005_art00005_11792.jpg,DETECTED,True,0.0426,79,0.1029,None
Tp_S_CRN_S_N_art00005_art00005_11793.jpg,DETECTED,True,0.0230,33,0.0430,None
Tp_S_CRN_S_N_art00015_art00015_01204.tif,DETECTED,True,0.0623,128,0.1667,None
Tp_S_CRN_S_N_art00016_art00016_10274.tif,DETECTED,True,0.0393,107,0.1393,None
Tp_S_CRN_S_N_art00035_art00035_10468.tif,DETECTED,True,0.0317,82,0.1068,None
Tp_S_CRN_S_N_art00040_art00040_10462.tif,DETECTED,True,0.0350,76,0.0990,None
Tp_S_CRN_S_N_art00040_art00040_10464.tif,DETECTED,True,0.0429,149,0.1940,None
Tp_S_CRN_S_N_art00059_art00059_10508.tif,DETECTED,True,0.0152,41,0.0534,None
Tp_S_CRN_S_N_art00065_art00065_01238.tif,DETECTED,True,0.0491,106,0.1380,None
Tp_S_CRN_S_N_art00079_art00079_10287.tif,DETECTED,True,0.0383,100,0.1302,None
Tp_S_CRN_S_N_art00099_art00099_11715.jpg,DETECTED,True,0.0360,74,0.0964,None
Tp_S_CRN_S_N_art10109_art10109_11572.jpg,DETECTED,True,0.0044,13,0.0169,None
Tp_S_CRN_S_N_art10114_art10114_11596.jpg,MISSED,False,0.0048,11,0.0143,None
Tp_S_CRN_S_N_art20002_art20002_02497.tif,DETECTED,True,0.0120,91,0.0243,None
Tp_S_CRN_S_N_art20003_art20003_02496.tif,DETECTED,True,0.0239,320,0.1000,None
Tp_S_CRN_S_N_art20022_art20022_01828.tif,DETECTED,True,0.0342,303,0.0906,None
Tp_S_CRN_S_N_art20052_art20052_01858.tif,DETECTED,True,0.0057,41,0.0179,None
Tp_S_CRN_S_N_art20059_art20059_01865.tif,DETECTED,True,0.0190,112,0.0533,None
Tp_S_CRN_S_N_art20061_art20061_01867.tif,DETECTED,True,0.0236,169,0.0898,None
Tp_S_CRN_S_N_art20066_art20066_02324.tif,DETECTED,True,0.0066,30,0.0186,None
Tp_S_CRN_S_N_art20067_art20067_02323.tif,DETECTED,True,0.0076,49,0.0151,None
Tp_S_CRN_S_N_art20072_art20072_02321.tif,DETECTED,True,0.0313,226,0.0935,None
Tp_S_CRN_S_N_art20075_art20075_01881.tif,DETECTED,True,0.0246,183,0.0739,None
Tp_S_CRN_S_N_art20075_art20075_02318.tif,DETECTED,True,0.0147,93,0.0376,None
Tp_S_CRN_S_N_art20083_art20083_01889.tif,MISSED,False,0.0048,39,0.0145,None
Tp_S_CRN_S_N_art20093_art20093_01899.tif,DETECTED,True,0.0120,116,0.0309,None
Tp_S_CRN_S_N_cha00021_cha00021_11182.jpg,DETECTED,True,0.0195,21,0.0273,None
Tp_S_CRN_S_N_cha00038_cha00038_11031.jpg,DETECTED,True,0.0196,26,0.0339,None
Tp_S_CRN_S_N_cha00040_cha00040_11032.jpg,MISSED,False,0.0149,7,0.0091,None
Tp_S_CRN_S_N_cha00040_cha00040_11034.jpg,MISSED,False,0.0168,11,0.0143,None
Tp_S_CRN_S_N_cha00045_cha00045_11007.jpg,DETECTED,True,0.0201,17,0.0221,None
Tp_S_CRN_S_N_cha00053_cha00053_11720.jpg,DETECTED,True,0.0300,55,0.0716,None
Tp_S_CRN_S_N_cha00064_cha00064_00384.tif,DETECTED,True,0.0316,71,0.0924,None
Tp_S_CRN_S_N_cha00090_cha00090_10175.tif,DETECTED,True,0.0202,40,0.0521,None
Tp_S_CRN_S_N_cha10113_cha10113_11543.jpg,DETECTED,True,0.0000,0,1.0000,None
Tp_S_CRN_S_N_cha10115_cha10115_12173.jpg,DETECTED,True,0.0272,166,0.0519,None
Tp_S_CRN_S_N_cha10120_cha10120_12164.jpg,DETECTED,True,0.0175,66,0.0206,None
Tp_S_CRN_S_N_cha10135_cha10135_12206.jpg,DETECTED,True,0.0435,198,0.1056,None
Tp_S_CRN_S_N_cha10143_cha10143_12227.jpg,DETECTED,True,0.0318,120,0.0696,None
Tp_S_CRN_S_N_cha10152_cha10152_12218.jpg,DETECTED,True,0.0243,69,0.0515,None
Tp_S_CRN_S_N_cha10159_cha10159_12332.jpg,DETECTED,True,0.0305,245,0.0742,None
Tp_S_CRN_S_N_cha10160_cha10160_12259.jpg,DETECTED,True,0.0103,53,0.0283,None
Tp_S_CRN_S_N_cha10161_cha10161_12257.jpg,DETECTED,True,0.0360,374,0.1539,None
Tp_S_CRN_S_N_cha10163_cha10163_12248.jpg,DETECTED,True,0.0140,91,0.0337,None
Tp_S_CRN_S_N_cha10164_cha10164_12246.jpg,MISSED,False,0.0081,18,0.0074,None
Tp_S_CRN_S_N_cha10165_cha10165_12242.jpg,DETECTED,True,0.0168,118,0.0477,None
Tp_S_CRN_S_N_cha10167_cha10167_12297.jpg,DETECTED,True,0.0104,65,0.0208,None
Tp_S_CRN_S_N_cha10168_cha10168_12299.jpg,DETECTED,True,0.0130,36,0.0199,None
Tp_S_CRN_S_N_cha10177_cha10177_12287.jpg,DETECTED,True,0.0185,65,0.0197,None
Tp_S_CRN_S_N_cha10179_cha10179_12277.jpg,DETECTED,True,0.0090,78,0.0285,None
Tp_S_CRN_S_N_cha10184_cha10184_12316.jpg,MISSED,False,0.0149,22,0.0062,None
Tp_S_CRN_S_N_cha10190_cha10190_12326.jpg,DETECTED,True,0.0207,107,0.0301,None
Tp_S_CRN_S_N_cha10190_cha10190_12327.jpg,DETECTED,True,0.0205,107,0.0301,None
Tp_S_CRN_S_N_cha10199_cha10199_12359.jpg,DETECTED,True,0.0189,103,0.0254,None
Tp_S_CRN_S_N_cha10200_cha10200_12358.jpg,MISSED,False,0.0139,30,0.0091,None
Tp_S_CRN_S_N_cha10201_cha10201_12357.jpg,DETECTED,True,0.0183,59,0.0205,None
Tp_S_CRN_S_N_cha10205_cha10205_12350.jpg,DETECTED,True,0.0212,97,0.0259,None
Tp_S_CRN_S_N_cha10206_cha10207_12346.jpg,DETECTED,True,0.0221,106,0.0283,None
Tp_S_CRN_S_N_cha10207_cha10207_12347.jpg,MISSED,False,0.0143,37,0.0099,None
Tp_S_CRN_S_N_cha20007_cha20007_02421.tif,MISSED,False,0.0026,18,0.0056,None
Tp_S_CRN_S_N_cha20011_cha20011_02010.tif,DETECTED,True,0.0112,54,0.0387,None
Tp_S_CRN_S_N_cha20037_cha20037_02036.tif,DETECTED,True,0.0080,74,0.0205,None
Tp_S_CRN_S_N_ind00013_ind00013_10410.tif,DETECTED,True,0.0148,33,0.0430,None
Tp_S_CRN_S_N_ind00023_ind00023_10705.jpg,DETECTED,True,0.0341,60,0.0781,None
Tp_S_CRN_S_N_ind00036_ind00036_10875.jpg,DETECTED,True,0.0228,28,0.0365,None
Tp_S_CRN_S_N_ind00040_ind00040_10877.jpg,DETECTED,True,0.0330,51,0.0664,None
Tp_S_CRN_S_N_ind00042_ind00042_10884.jpg,DETECTED,True,0.0371,75,0.0977,None
Tp_S_CRN_S_N_ind00044_sec00007_00453.tif,DETECTED,True,0.0156,32,0.0417,None
Tp_S_CRN_S_N_ind00045_ind00045_10914.jpg,DETECTED,True,0.0282,38,0.0495,None
Tp_S_CRN_S_N_ind00046_ind00046_10888.jpg,DETECTED,True,0.0172,18,0.0234,None
Tp_S_CRN_S_N_ind00046_ind00046_10892.jpg,DETECTED,True,0.0000,0,1.0000,None
Tp_S_CRN_S_N_ind00048_ind00048_10896.jpg,DETECTED,True,0.0304,51,0.0664,None
Tp_S_CRN_S_N_ind00049_ind00049_10918.jpg,DETECTED,True,0.0235,35,0.0456,None
Tp_S_CRN_S_N_ind00050_ind00050_01339.tif,DETECTED,True,0.0156,49,0.0638,None
Tp_S_CRN_S_N_ind00050_ind00050_10899.jpg,DETECTED,True,0.0388,63,0.0820,None
Tp_S_CRN_S_N_ind00050_ind00050_10900.jpg,DETECTED,True,0.0335,58,0.0755,None
Tp_S_CRN_S_N_ind00051_ind00051_01340.tif,MISSED,False,0.0067,11,0.0143,None
Tp_S_CRN_S_N_ind00051_ind00051_10901.jpg,DETECTED,True,0.0310,55,0.0716,None
Tp_S_CRN_S_N_ind00056_ind00056_10911.jpg,DETECTED,True,0.0472,109,0.1419,None
Tp_S_CRN_S_N_ind00057_ind00057_10916.jpg,DETECTED,True,0.0563,141,0.1836,None
Tp_S_CRN_S_N_ind00058_ind00058_10427.tif,DETECTED,True,0.0203,52,0.0677,None
Tp_S_CRN_S_N_ind00064_ind00064_10685.jpg,DETECTED,True,0.0253,31,0.0404,None
Tp_S_CRN_S_N_ind00066_ind00066_10691.jpg,DETECTED,True,0.0377,68,0.0885,None
Tp_S_CRN_S_N_ind00073_ind00073_10699.jpg,DETECTED,True,0.0276,43,0.0560,None
Tp_S_CRN_S_N_ind00081_ind00081_00479.tif,DETECTED,True,0.0103,20,0.0260,None
Tp_S_CRN_S_N_ind00084_ind00084_10672.jpg,DETECTED,True,0.0280,44,0.0573,None
Tp_S_CRN_S_N_ind00093_ind00093_10652.jpg,DETECTED,True,0.0327,53,0.0690,None
Tp_S_CRN_S_N_ind20016_ind20016_01757.tif,DETECTED,True,0.0126,64,0.0388,None
Tp_S_CRN_S_N_ind20017_ind20017_01758.tif,DETECTED,True,0.0161,74,0.0575,None
Tp_S_CRN_S_N_ind20024_ind20024_01765.tif,DETECTED,True,0.0558,343,0.1829,None
Tp_S_CRN_S_N_ind20044_ind20044_01785.tif,DETECTED,True,0.0316,444,0.1184,None
Tp_S_CRN_S_N_ind20050_ind20050_01791.tif,DETECTED,True,0.0100,51,0.0444,None
Tp_S_CRN_S_N_nat00014_nat00014_20055.jpg,DETECTED,True,0.0461,107,0.1393,None
Tp_S_CRN_S_N_nat00055_nat00055_10925.jpg,DETECTED,True,0.0323,67,0.0872,None
Tp_S_CRN_S_N_nat00065_nat00065_10559.jpg,DETECTED,True,0.0140,21,0.0273,None
Tp_S_CRN_S_N_nat00076_nat00076_10593.jpg,DETECTED,True,0.0262,60,0.0781,None
Tp_S_CRN_S_N_nat00098_nat00098_10063.tif,DETECTED,True,0.0197,61,0.0794,None
Tp_S_CRN_S_N_nat10111_nat10111_11361.jpg,DETECTED,True,0.0198,35,0.0456,None
Tp_S_CRN_S_N_nat10135_nat10135_11914.jpg,DETECTED,True,0.0295,96,0.0434,None
Tp_S_CRN_S_N_nat10140_nat10140_11953.jpg,DETECTED,True,0.0555,447,0.1862,None
Tp_S_CRN_S_N_nat10145_nat10145_11977.jpg,DETECTED,True,0.0722,506,0.2108,None
Tp_S_CRN_S_N_nat10168_nat10168_12101.jpg,DETECTED,True,0.0221,104,0.0339,None
Tp_S_CRN_S_N_pla00004_pla00004_10938.jpg,DETECTED,True,0.0256,26,0.0339,None
Tp_S_CRN_S_N_pla00005_pla00005_01127.tif,DETECTED,True,0.0664,167,0.2174,None
Tp_S_CRN_S_N_pla00034_pla00034_00569.tif,DETECTED,True,0.0504,136,0.1771,None
Tp_S_CRN_S_N_pla00034_pla00034_10982.jpg,DETECTED,True,0.0425,77,0.1003,None
Tp_S_CRN_S_N_pla00038_pla00038_10987.jpg,DETECTED,True,0.0276,43,0.0560,None
Tp_S_CRN_S_N_pla00045_pla00045_10972.jpg,DETECTED,True,0.0341,61,0.0794,None
Tp_S_CRN_S_N_pla00053_pla00053_11211.jpg,DETECTED,True,0.0254,36,0.0469,None
Tp_S_CRN_S_N_pla00059_pla00059_01168.tif,DETECTED,True,0.0156,36,0.0469,None
Tp_S_CRN_S_N_pla00060_pla00060_01169.tif,DETECTED,True,0.0137,27,0.0352,None
Tp_S_CRN_S_N_pla00064_pla00064_11220.jpg,DETECTED,True,0.0214,28,0.0365,None
Tp_S_CRN_S_N_pla00070_pla00070_11216.jpg,DETECTED,True,0.0547,125,0.1628,None
Tp_S_CRN_S_N_pla00073_pla00073_00601.tif,DETECTED,True,0.0433,127,0.1654,None
Tp_S_CRN_S_N_pla00074_pla00074_10619.jpg,DETECTED,True,0.0192,34,0.0443,None
Tp_S_CRN_S_N_pla00092_pla00092_10606.jpg,DETECTED,True,0.0215,46,0.0599,None
Tp_S_CRN_S_N_pla00092_pla00092_10607.jpg,DETECTED,True,0.0573,140,0.1823,None
Tp_S_CRN_S_N_pla20002_pla20002_01902.tif,DETECTED,True,0.0091,88,0.0251,None
Tp_S_CRN_S_N_pla20012_pla20012_01912.tif,DETECTED,True,0.0514,260,0.1552,None
Tp_S_CRN_S_N_pla20035_pla20035_01935.tif,DETECTED,True,0.0217,150,0.0870,None
Tp_S_CRN_S_N_pla20037_pla20037_01937.tif,DETECTED,True,0.0128,69,0.0400,None
Tp_S_CRN_S_N_pla20055_pla20055_01955.tif,DETECTED,True,0.0374,186,0.1154,None
Tp_S_CRN_S_N_pla20058_pla20058_01958.tif,DETECTED,True,0.0103,57,0.0297,None
Tp_S_CRN_S_N_pla20064_pla20064_01964.tif,DETECTED,True,0.0046,44,0.0179,None
Tp_S_CRN_S_N_pla20065_pla20065_01965.tif,DETECTED,True,0.0739,244,0.2157,None
Tp_S_CRN_S_N_pla20066_pla20066_01966.tif,DETECTED,True,0.0281,116,0.0913,None
Tp_S_CRN_S_N_pla20067_pla20067_01967.tif,DETECTED,True,0.0186,164,0.0497,None
Tp_S_CRN_S_N_pla20071_pla20071_02365.tif,DETECTED,True,0.0270,244,0.0829,None
Tp_S_CRN_S_N_sec00008_sec00008_10803.jpg,DETECTED,True,0.0229,29,0.0378,None
Tp_S_CRN_S_N_sec00014_sec00014_11233.jpg,DETECTED,True,0.0251,43,0.0560,None
Tp_S_CRN_S_N_sec00020_sec00020_10795.jpg,DETECTED,True,0.0253,44,0.0573,None
Tp_S_CRN_S_N_sec00022_sec00022_00749.tif,DETECTED,True,0.0064,15,0.0195,None
Tp_S_CRN_S_N_sec00022_sec00022_10806.jpg,DETECTED,True,0.0425,96,0.1250,None
Tp_S_CRN_S_N_sec00033_sec00033_00054.tif,DETECTED,True,0.0348,94,0.1224,None
Tp_S_CRN_S_N_sec00034_sec00034_00055.tif,DETECTED,True,0.0313,68,0.0885,None
Tp_S_CRN_S_N_sec00046_sec00046_10137.tif,DETECTED,True,0.0108,21,0.0273,None
Tp_S_CRN_S_N_sec00048_sec00048_11247.jpg,DETECTED,True,0.0172,16,0.0208,None
Tp_S_CRN_S_N_sec00053_sec00053_11244.jpg,DETECTED,True,0.0186,22,0.0286,None
Tp_S_CRN_S_N_sec00055_sec00055_11234.jpg,DETECTED,True,0.0173,22,0.0286,None
Tp_S_CRN_S_N_sec00056_sec00056_11271.jpg,DETECTED,True,0.0261,38,0.0495,None
Tp_S_CRN_S_N_sec00066_sec00066_11256.jpg,DETECTED,True,0.0395,108,0.1406,None
Tp_S_CRN_S_N_sec00097_sec00097_10128.tif,DETECTED,True,0.0106,18,0.0234,None
Tp_S_CRN_S_N_sec00097_sec00097_10129.tif,MISSED,False,0.0063,9,0.0117,None
Tp_S_CRN_S_N_sec00099_sec00099_00119.tif,DETECTED,True,0.0114,20,0.0260,None
Tp_S_CRN_S_N_sec20046_sec20046_02146.tif,DETECTED,True,0.0083,39,0.0294,None
Tp_S_CRN_S_N_sec20051_sec20051_01641.tif,DETECTED,True,0.0176,81,0.0581,None
Tp_S_CRN_S_N_sec20052_sec20052_01642.tif,DETECTED,True,0.0085,52,0.0247,None
Tp_S_CRN_S_N_sec20089_sec20089_01679.tif,DETECTED,True,0.0103,45,0.0240,None
Tp_S_CRN_S_N_txt00013_txt00013_20056.jpg,DETECTED,True,0.0194,42,0.0547,None
Tp_S_CRN_S_N_txt00045_txt00045_11322.jpg,DETECTED,True,0.0382,79,0.1029,None
Tp_S_CRN_S_N_txt00047_txt00047_01275.tif,DETECTED,True,0.0371,89,0.1159,None
Tp_S_CRN_S_N_txt00048_txt00048_11318.jpg,DETECTED,True,0.0256,33,0.0430,None
Tp_S_CRN_S_N_txt00048_txt00048_11319.jpg,DETECTED,True,0.0437,76,0.0990,None
Tp_S_CRN_S_N_txt00051_txt00051_01278.tif,DETECTED,True,0.0583,139,0.1810,None
Tp_S_CRN_S_N_txt00073_txt00073_01291.tif,DETECTED,True,0.0092,20,0.0260,None
Tp_S_CRN_S_N_txt00073_txt00073_11306.jpg,DETECTED,True,0.0275,44,0.0573,None
Tp_S_CRN_S_N_txt00073_txt00073_11307.jpg,DETECTED,True,0.0265,51,0.0664,None
Tp_S_CRN_S_N_txt00083_txt00083_10863.jpg,DETECTED,True,0.0376,57,0.0742,None
Tp_S_CRN_S_N_txt00086_txt00086_01295.tif,DETECTED,True,0.0246,63,0.0820,None
Tp_S_CRN_S_O_art00040_art00040_10463.tif,DETECTED,True,0.0234,51,0.0664,None
Tp_S_CRN_S_O_ind00002_ind00002_10053.tif,DETECTED,True,0.0476,128,0.1667,None
Tp_S_CnN_S_N_txt00071_txt00071_01297.tif,DETECTED,True,0.0091,13,0.0169,None
Tp_S_NND_M_B_arc10107_arc10107_11164.jpg,DETECTED,True,0.1658,157,0.5233,None
Tp_S_NND_M_B_arc10107_arc10107_11165.jpg,DETECTED,True,0.1540,147,0.4900,None
Tp_S_NND_M_B_arc10125_arc10125_11888.jpg,DETECTED,True,0.0952,826,0.2790,None
Tp_S_NND_M_N_ani00002_ani00002_00122.tif,DETECTED,True,0.0517,167,0.2174,None
Tp_S_NND_M_N_arc00012_arc00012_11151.jpg,DETECTED,True,0.0814,225,0.2930,None
Tp_S_NND_M_N_art00049_art00049_10528.tif,DETECTED,True,0.1121,322,0.4193,None
Tp_S_NND_M_N_nat00022_nat00022_11040.jpg,DETECTED,True,0.0714,139,0.1810,None
Tp_S_NND_M_N_nat00023_nat00023_10342.tif,DETECTED,True,0.0777,184,0.2396,None
Tp_S_NND_M_N_sec00006_sec00006_00026.tif,DETECTED,True,0.1118,304,0.3958,None
Tp_S_NND_M_N_sec00017_sec00017_00038.tif,DETECTED,True,0.1110,277,0.3607,None
Tp_S_NND_S_B_ani00076_ani00076_00017.tif,DETECTED,True,0.0484,122,0.1589,None
Tp_S_NND_S_B_arc00003_arc00003_01102.tif,DETECTED,True,0.0077,13,0.0169,None
Tp_S_NND_S_B_arc00028_arc00028_01094.tif,DETECTED,True,0.0236,45,0.0586,None
Tp_S_NND_S_B_arc00060_arc00060_01066.tif,DETECTED,True,0.0114,21,0.0273,None
Tp_S_NND_S_B_arc20049_arc20049_01502.tif,DETECTED,True,0.0186,75,0.0580,None
Tp_S_NND_S_B_art00004_ani00077_01194.tif,DETECTED,True,0.0210,52,0.0677,None
Tp_S_NND_S_B_art00010_art00010_01200.tif,DETECTED,True,0.0385,91,0.1185,None
Tp_S_NND_S_B_art00011_art00011_01201.tif,DETECTED,True,0.0050,12,0.0156,None
Tp_S_NND_S_B_art00075_art00075_01245.tif,DETECTED,True,0.0145,25,0.0326,None
Tp_S_NND_S_B_art00092_art00092_01006.tif,DETECTED,True,0.0410,127,0.1654,None
Tp_S_NND_S_B_art20004_art20004_02341.tif,DETECTED,True,0.0291,333,0.1057,None
Tp_S_NND_S_B_ind00048_ind00048_01338.tif,DETECTED,True,0.0225,64,0.0833,None
Tp_S_NND_S_B_ind00071_ind00071_01358.tif,DETECTED,True,0.0392,104,0.1354,None
Tp_S_NND_S_B_ind00091_ind00091_01373.tif,DETECTED,True,0.0275,74,0.0964,None
Tp_S_NND_S_B_ind20008_ind20008_01749.tif,MISSED,False,0.0048,19,0.0109,None
Tp_S_NND_S_B_ind20008_ind20008_02268.tif,DETECTED,True,0.0136,87,0.0497,None
Tp_S_NND_S_B_nat20007_nat20007_02207.tif,DETECTED,True,0.0094,101,0.0269,None
Tp_S_NND_S_B_nat20008_nat20008_02208.tif,DETECTED,True,0.0071,100,0.0270,None
Tp_S_NND_S_B_nat20026_arc20001_02226.tif,DETECTED,True,0.0236,286,0.0880,None
Tp_S_NND_S_B_nat20046_nat20046_01550.tif,DETECTED,True,0.1083,566,0.3468,None
Tp_S_NND_S_B_nat20052_nat20052_01556.tif,DETECTED,True,0.0294,194,0.1268,None
Tp_S_NND_S_B_pla20081_pla20081_02359.tif,DETECTED,True,0.0209,224,0.0667,None
Tp_S_NND_S_B_pla20084_pla20084_02357.tif,DETECTED,True,0.0124,145,0.0387,None
Tp_S_NND_S_B_sec00041_sec00041_00062.tif,DETECTED,True,0.0131,34,0.0443,None
Tp_S_NND_S_B_sec00046_sec00046_01433.tif,DETECTED,True,0.0176,37,0.0482,None
Tp_S_NND_S_B_sec00081_sec00081_00035.tif,DETECTED,True,0.0481,130,0.1693,None
Tp_S_NND_S_N_ani00012_ani00012_00132.tif,DETECTED,True,0.0122,28,0.0365,None
Tp_S_NND_S_N_ani00015_ani00015_00135.tif,DETECTED,True,0.0476,134,0.1745,None
Tp_S_NND_S_N_ani00032_ani00032_00016.tif,DETECTED,True,0.0455,106,0.1380,None
Tp_S_NND_S_N_ani00037_ani00037_00832.tif,DETECTED,True,0.0298,76,0.0990,None
Tp_S_NND_S_N_ani00048_ani00048_00168.tif,DETECTED,True,0.0542,201,0.2617,None
Tp_S_NND_S_N_ani00062_ani00062_00182.tif,DETECTED,True,0.0629,173,0.2253,None
Tp_S_NND_S_N_ani00072_ani00072_00192.tif,DETECTED,True,0.0508,129,0.1680,None
Tp_S_NND_S_N_ani00074_ani00074_00194.tif,DETECTED,True,0.0603,148,0.1927,None
Tp_S_NND_S_N_ani00086_ani00086_00815.tif,DETECTED,True,0.0173,34,0.0443,None
Tp_S_NND_S_N_ani00088_ani00088_00208.tif,DETECTED,True,0.0248,75,0.0977,None
Tp_S_NND_S_N_ani20009_ani20009_02438.tif,DETECTED,True,0.0516,226,0.1624,None
Tp_S_NND_S_N_ani20015_ani20015_02058.tif,DETECTED,True,0.0188,116,0.0606,None
Tp_S_NND_S_N_ani20022_ani20022_02440.tif,DETECTED,True,0.0265,142,0.0676,None
Tp_S_NND_S_N_ani20025_ani20025_02068.tif,DETECTED,True,0.0300,190,0.0905,None
Tp_S_NND_S_N_ani20029_ani20029_02072.tif,DETECTED,True,0.0190,69,0.0511,None
Tp_S_NND_S_N_ani20030_ani20030_02073.tif,DETECTED,True,0.0166,133,0.0554,None
Tp_S_NND_S_N_ani20035_ani20035_02442.tif,DETECTED,True,0.0068,61,0.0207,None
Tp_S_NND_S_N_ani20051_ani20051_02094.tif,DETECTED,True,0.0429,238,0.1545,None
Tp_S_NND_S_N_ani20055_ani20055_02098.tif,DETECTED,True,0.0573,338,0.2310,None
Tp_S_NND_S_N_ani20060_ani20060_02102.tif,DETECTED,True,0.0187,105,0.0601,None
Tp_S_NND_S_N_arc00008_arc00008_00228.tif,DETECTED,True,0.0202,45,0.0586,None
Tp_S_NND_S_N_arc00012_arc00012_01111.tif,DETECTED,True,0.0591,178,0.2318,None
Tp_S_NND_S_N_arc00019_arc00019_01117.tif,DETECTED,True,0.0072,16,0.0208,None
Tp_S_NND_S_N_arc00072_arc00072_01055.tif,DETECTED,True,0.0267,49,0.0638,None
Tp_S_NND_S_N_arc00077_arc00077_01051.tif,DETECTED,True,0.0111,22,0.0286,None
Tp_S_NND_S_N_arc00088_arc00088_01041.tif,DETECTED,True,0.0086,12,0.0156,None
Tp_S_NND_S_N_arc20005_arc20005_02153.tif,DETECTED,True,0.0091,155,0.0456,None
Tp_S_NND_S_N_arc20010_arc20010_01463.tif,MISSED,False,0.0029,9,0.0029,None
Tp_S_NND_S_N_arc20019_arc20019_01472.tif,DETECTED,True,0.0162,186,0.0581,None
Tp_S_NND_S_N_arc20020_arc20020_02470.tif,MISSED,False,0.0030,24,0.0075,None
Tp_S_NND_S_N_arc20025_arc20025_01478.tif,DETECTED,True,0.0066,66,0.0176,None
Tp_S_NND_S_N_arc20026_arc20026_01479.tif,DETECTED,True,0.0178,235,0.0627,None
Tp_S_NND_S_N_arc20065_arc20065_02196.tif,DETECTED,True,0.0095,40,0.0213,None
Tp_S_NND_S_N_arc20073_arc20073_02193.tif,DETECTED,True,0.0073,32,0.0152,None
Tp_S_NND_S_N_arc20076_arc20076_01716.tif,DETECTED,True,0.0091,68,0.0283,None
Tp_S_NND_S_N_arc20094_arc20094_01734.tif,DETECTED,True,0.0112,70,0.0387,None
Tp_S_NND_S_N_arc20097_arc20097_01737.tif,MISSED,False,0.0027,8,0.0043,None
Tp_S_NND_S_N_art00025_art00025_01212.tif,DETECTED,True,0.0110,23,0.0299,None
Tp_S_NND_S_N_art00038_art00038_01224.tif,DETECTED,True,0.0090,22,0.0286,None
Tp_S_NND_S_N_art00071_art00071_01242.tif,DETECTED,True,0.0657,137,0.1784,None
Tp_S_NND_S_N_art00077_art00077_01394.tif,DETECTED,True,0.0072,19,0.0247,None
Tp_S_NND_S_N_art00078_art00078_01246.tif,DETECTED,True,0.0262,85,0.1107,None
Tp_S_NND_S_N_art00091_art00091_01007.tif,DETECTED,True,0.0243,63,0.0820,None
Tp_S_NND_S_N_art00092_art00092_00006.tif,DETECTED,True,0.0255,59,0.0768,None
Tp_S_NND_S_N_art10114_art10114_11597.jpg,MISSED,False,0.0031,10,0.0130,None
Tp_S_NND_S_N_art20014_art20014_01820.tif,DETECTED,True,0.0222,121,0.0913,None
Tp_S_NND_S_N_art20020_art20020_01826.tif,DETECTED,True,0.0087,31,0.0234,None
Tp_S_NND_S_N_art20055_art20055_02330.tif,DETECTED,True,0.0061,30,0.0222,None
Tp_S_NND_S_N_art20063_art20063_02326.tif,DETECTED,True,0.0074,41,0.0206,None
Tp_S_NND_S_N_cha00027_cha00027_00347.tif,DETECTED,True,0.0859,234,0.3047,None
Tp_S_NND_S_N_cha00049_cha00049_00852.tif,DETECTED,True,0.0132,39,0.0508,None
Tp_S_NND_S_N_cha00067_cha00067_00858.tif,DETECTED,True,0.0097,26,0.0339,None
Tp_S_NND_S_N_cha00074_cha00074_00394.tif,DETECTED,True,0.1052,298,0.3880,None
Tp_S_NND_S_N_cha00076_cha00076_10189.tif,DETECTED,True,0.0603,166,0.2161,None
Tp_S_NND_S_N_cha00091_cha00091_00878.tif,DETECTED,True,0.0226,67,0.0872,None
Tp_S_NND_S_N_cha00092_cha00092_00412.tif,DETECTED,True,0.0246,71,0.0924,None
Tp_S_NND_S_N_cha10144_cha10144_12231.jpg,DETECTED,True,0.0269,156,0.0382,None
Tp_S_NND_S_N_cha20003_cha20003_02418.tif,DETECTED,True,0.0063,68,0.0219,None
Tp_S_NND_S_N_cha20024_cha20024_02425.tif,DETECTED,True,0.0121,41,0.0195,None
Tp_S_NND_S_N_cha20025_cha20025_02024.tif,DETECTED,True,0.0120,151,0.0458,None
Tp_S_NND_S_N_cha20028_cha20028_02027.tif,MISSED,False,0.0034,18,0.0058,None
Tp_S_NND_S_N_cha20040_cha20040_02039.tif,DETECTED,True,0.0068,33,0.0246,None
Tp_S_NND_S_N_ind00005_ind00005_10416.tif,DETECTED,True,0.0089,23,0.0299,None
Tp_S_NND_S_N_ind00010_ind00010_00885.tif,DETECTED,True,0.0075,18,0.0234,None
Tp_S_NND_S_N_ind00018_ind00018_00434.tif,DETECTED,True,0.0566,162,0.2109,None
Tp_S_NND_S_N_ind00021_ind00021_00437.tif,DETECTED,True,0.0111,22,0.0286,None
Tp_S_NND_S_N_ind00035_ind00035_01326.tif,MISSED,False,0.0044,7,0.0091,None
Tp_S_NND_S_N_ind00040_ind00040_10881.jpg,DETECTED,True,0.0196,19,0.0247,None
Tp_S_NND_S_N_ind00048_ind00048_10897.jpg,DETECTED,True,0.0261,36,0.0469,None
Tp_S_NND_S_N_ind00058_ind00058_01347.tif,DETECTED,True,0.0153,33,0.0430,None
Tp_S_NND_S_N_ind00066_ind00066_00468.tif,DETECTED,True,0.0240,55,0.0716,None
Tp_S_NND_S_N_ind00067_ind00067_10688.jpg,DETECTED,True,0.0231,30,0.0391,None
Tp_S_NND_S_N_ind00068_ind00068_01355.tif,DETECTED,True,0.0130,23,0.0299,None
Tp_S_NND_S_N_ind00077_ind00077_10680.jpg,DETECTED,True,0.0292,40,0.0521,None
Tp_S_NND_S_N_ind00100_ind00100_01379.tif,DETECTED,True,0.0137,41,0.0534,None
Tp_S_NND_S_N_ind10101_ind10101_11116.jpg,DETECTED,True,0.0347,143,0.0596,None
Tp_S_NND_S_N_ind10101_ind10101_11118.jpg,DETECTED,True,0.0467,245,0.1021,None
Tp_S_NND_S_N_ind20002_ind20002_02262.tif,MISSED,False,0.0035,12,0.0090,None
Tp_S_NND_S_N_ind20006_ind20006_01747.tif,DETECTED,True,0.0192,97,0.0575,None
Tp_S_NND_S_N_ind20008_ind20008_02270.tif,DETECTED,True,0.0078,42,0.0240,None
Tp_S_NND_S_N_ind20012_ind20012_01753.tif,DETECTED,True,0.0384,268,0.1624,None
Tp_S_NND_S_N_ind20013_ind20013_01754.tif,DETECTED,True,0.0076,30,0.0186,None
Tp_S_NND_S_N_ind20023_ind20023_01764.tif,DETECTED,True,0.0183,138,0.0722,None
Tp_S_NND_S_N_ind20029_ind20029_01770.tif,DETECTED,True,0.0088,112,0.0299,None
Tp_S_NND_S_N_nat00033_nat00033_00647.tif,DETECTED,True,0.0375,101,0.1315,None
Tp_S_NND_S_N_nat20002_nat20002_01506.tif,DETECTED,True,0.0046,63,0.0177,None
Tp_S_NND_S_N_nat20004_nat20004_02204.tif,DETECTED,True,0.0147,173,0.0461,None
Tp_S_NND_S_N_nat20006_nat20006_01510.tif,DETECTED,True,0.0271,320,0.0853,None
Tp_S_NND_S_N_nat20012_nat20012_01516.tif,DETECTED,True,0.0080,67,0.0209,None
Tp_S_NND_S_N_nat20039_nat20039_02237.tif,DETECTED,True,0.0185,82,0.0618,None
Tp_S_NND_S_N_nat20067_nat20067_01571.tif,MISSED,False,0.0100,21,0.0124,None
Tp_S_NND_S_N_nat20069_nat20069_01573.tif,DETECTED,True,0.0269,161,0.0954,None
Tp_S_NND_S_N_nat20093_nat20093_01597.tif,DETECTED,True,0.0419,273,0.1558,None
Tp_S_NND_S_N_nat20097_nat20097_02260.tif,DETECTED,True,0.0098,35,0.0187,None
Tp_S_NND_S_N_pla00001_pla00001_00541.tif,DETECTED,True,0.0461,135,0.1758,None
Tp_S_NND_S_N_pla00007_pla00007_01129.tif,DETECTED,True,0.0694,192,0.2500,None
Tp_S_NND_S_N_pla00048_pla00048_01157.tif,DETECTED,True,0.0120,27,0.0352,None
Tp_S_NND_S_N_pla00078_pla00078_10451.tif,DETECTED,True,0.0503,145,0.1888,None
Tp_S_NND_S_N_pla00078_pla00078_10452.tif,DETECTED,True,0.0342,111,0.1445,None
Tp_S_NND_S_N_pla00079_pla00079_01182.tif,DETECTED,True,0.0378,105,0.1367,None
Tp_S_NND_S_N_pla20010_pla20010_01910.tif,DETECTED,True,0.0082,37,0.0242,None
Tp_S_NND_S_N_pla20021_pla20021_01921.tif,DETECTED,True,0.0342,116,0.1184,None
Tp_S_NND_S_N_pla20042_pla20042_01942.tif,DETECTED,True,0.0285,146,0.0951,None
Tp_S_NND_S_N_pla20050_pla20050_02378.tif,DETECTED,True,0.0390,235,0.1253,None
Tp_S_NND_S_N_pla20062_pla20062_02370.tif,DETECTED,True,0.0215,202,0.0694,None
Tp_S_NND_S_N_pla20084_pla20084_01984.tif,DETECTED,True,0.0182,218,0.0581,None
Tp_S_NND_S_N_pla20097_pla20097_02345.tif,DETECTED,True,0.0682,470,0.2288,None
Tp_S_NND_S_N_sec00003_sec00003_00739.tif,DETECTED,True,0.0079,20,0.0260,None
Tp_S_NND_S_N_sec00007_sec00007_00769.tif,DETECTED,True,0.0210,58,0.0755,None
Tp_S_NND_S_N_sec00009_sec00009_10858.jpg,DETECTED,True,0.0215,19,0.0247,None
Tp_S_NND_S_N_sec00042_sec00042_00063.tif,DETECTED,True,0.0594,132,0.1719,None
Tp_S_NND_S_N_sec00052_sec00052_00073.tif,DETECTED,True,0.0187,60,0.0781,None
Tp_S_NND_S_N_sec00056_sec00056_00077.tif,DETECTED,True,0.0155,34,0.0443,None
Tp_S_NND_S_N_sec00059_sec00059_11267.jpg,DETECTED,True,0.0371,64,0.0833,None
Tp_S_NND_S_N_sec00059_sec00059_11269.jpg,DETECTED,True,0.0245,25,0.0326,None
Tp_S_NND_S_N_sec00068_sec00068_00089.tif,DETECTED,True,0.0203,54,0.0703,None
Tp_S_NND_S_N_sec00069_sec00069_00090.tif,DETECTED,True,0.0463,111,0.1542,None
Tp_S_NND_S_N_sec20009_sec20009_02119.tif,DETECTED,True,0.0148,146,0.0454,None
Tp_S_NND_S_N_sec20022_sec20022_01612.tif,DETECTED,True,0.0093,40,0.0302,None
Tp_S_NND_S_N_sec20024_sec20024_01614.tif,DETECTED,True,0.0146,60,0.0452,None
Tp_S_NND_S_N_sec20025_sec20025_01615.tif,DETECTED,True,0.0228,78,0.0588,None
Tp_S_NND_S_N_sec20027_sec20027_01617.tif,DETECTED,True,0.0302,138,0.1041,None
Tp_S_NND_S_N_sec20028_sec20028_01618.tif,DETECTED,True,0.0274,117,0.0983,None
Tp_S_NND_S_N_sec20029_sec20029_01619.tif,DETECTED,True,0.0227,124,0.0810,None
Tp_S_NND_S_N_sec20030_sec20030_01620.tif,DETECTED,True,0.0076,30,0.0226,None
Tp_S_NND_S_N_sec20036_sec20036_01626.tif,DETECTED,True,0.0132,53,0.0400,None
Tp_S_NND_S_N_sec20039_sec20039_01629.tif,DETECTED,True,0.0087,29,0.0284,None
Tp_S_NND_S_N_sec20059_sec20059_01649.tif,DETECTED,True,0.0120,45,0.0339,None
Tp_S_NND_S_N_sec20064_sec20064_01654.tif,DETECTED,True,0.0000,0,1.0000,None
Tp_S_NND_S_N_sec20068_sec20068_01658.tif,DETECTED,True,0.0053,34,0.0160,None
Tp_S_NND_S_N_sec20099_sec20099_01689.tif,DETECTED,True,0.0184,98,0.0467,None
Tp_S_NNN_M_B_arc10118_arc10118_10780.jpg,DETECTED,True,0.0574,333,0.2335,None
Tp_S_NNN_M_B_arc10129_arc10129_11893.jpg,DETECTED,True,0.0440,267,0.1589,None
Tp_S_NNN_M_B_nat10156_nat10156_12028.jpg,DETECTED,True,0.0876,569,0.2371,None
Tp_S_NNN_M_B_txt00097_txt00097_10162.tif,DETECTED,True,0.2466,583,0.7591,None
Tp_S_NNN_M_N_ani00017_ani00017_10209.tif,DETECTED,True,0.0349,95,0.1237,None
Tp_S_NNN_M_N_ani00020_ani00020_10211.tif,DETECTED,True,0.0605,160,0.2083,None
Tp_S_NNN_M_N_ani00021_ani00021_00141.tif,DETECTED,True,0.0919,273,0.3555,None
Tp_S_NNN_M_N_ani00021_ani00021_10210.tif,DETECTED,True,0.0766,231,0.3008,None
Tp_S_NNN_M_N_ani00022_ani00022_10208.tif,DETECTED,True,0.0639,186,0.2422,None
Tp_S_NNN_M_N_ani00032_ani00032_00152.tif,DETECTED,True,0.1540,379,0.4935,None
Tp_S_NNN_M_N_ani00058_ani00058_11505.jpg,DETECTED,True,0.0970,285,0.3711,None
Tp_S_NNN_M_N_ani00074_ani00074_10444.tif,DETECTED,True,0.0529,126,0.1641,None
Tp_S_NNN_M_N_ani00074_ani00074_10445.tif,DETECTED,True,0.1480,349,0.4544,None
Tp_S_NNN_M_N_ani00074_ani00074_10446.tif,DETECTED,True,0.1972,466,0.6068,None
Tp_S_NNN_M_N_ani00078_ani00078_10497.tif,DETECTED,True,0.0817,207,0.2695,None
Tp_S_NNN_M_N_ani10125_ani10125_12396.jpg,DETECTED,True,0.0606,222,0.1982,None
Tp_S_NNN_M_N_ani10217_ani10217_12369.jpg,DETECTED,True,0.0628,532,0.1716,None
Tp_S_NNN_M_N_arc00002_arc00002_11186.jpg,DETECTED,True,0.1416,352,0.4583,None
Tp_S_NNN_M_N_arc00078_arc00078_11879.jpg,DETECTED,True,0.0417,85,0.1107,None
Tp_S_NNN_M_N_arc00094_arc00094_10720.jpg,DETECTED,True,0.0747,173,0.2253,None
Tp_S_NNN_M_N_arc10118_arc10118_10779.jpg,DETECTED,True,0.0504,292,0.2048,None
Tp_S_NNN_M_N_arc10126_arc10126_11890.jpg,DETECTED,True,0.0306,100,0.0595,None
Tp_S_NNN_M_N_arc10129_arc10129_11894.jpg,DETECTED,True,0.0461,201,0.1196,None
Tp_S_NNN_M_N_art00033_art00033_10552.tif,DETECTED,True,0.0109,29,0.0378,None
Tp_S_NNN_M_N_art00039_art00039_10545.tif,DETECTED,True,0.1439,371,0.4831,None
Tp_S_NNN_M_N_art00043_art00043_10540.tif,DETECTED,True,0.1063,318,0.4141,None
Tp_S_NNN_M_N_art00043_art00043_10542.tif,DETECTED,True,0.2028,543,0.7070,None
Tp_S_NNN_M_N_art00045_art00045_10747.jpg,DETECTED,True,0.0378,90,0.1172,None
Tp_S_NNN_M_N_art00050_art00050_10535.tif,DETECTED,True,0.1025,283,0.3685,None
Tp_S_NNN_M_N_art00054_art00054_10538.tif,DETECTED,True,0.0517,133,0.1732,None
Tp_S_NNN_M_N_art00061_art00061_10520.tif,DETECTED,True,0.0439,106,0.1380,None
Tp_S_NNN_M_N_art00062_art00062_10517.tif,DETECTED,True,0.1593,348,0.4531,None
Tp_S_NNN_M_N_art00068_art00068_10460.tif,DETECTED,True,0.1295,309,0.4023,None
Tp_S_NNN_M_N_art00075_art00075_10516.tif,DETECTED,True,0.1187,421,0.5482,None
Tp_S_NNN_M_N_art00084_art00084_10521.tif,DETECTED,True,0.0823,224,0.2917,None
Tp_S_NNN_M_N_cha00043_cha00043_11009.jpg,DETECTED,True,0.0437,102,0.1328,None
Tp_S_NNN_M_N_cha00044_cha00044_11008.jpg,DETECTED,True,0.0407,77,0.1003,None
Tp_S_NNN_M_N_cha00074_cha00074_10191.tif,DETECTED,True,0.1677,441,0.5742,None
Tp_S_NNN_M_N_cha00086_cha00086_10869.jpg,DETECTED,True,0.0898,235,0.3060,None
Tp_S_NNN_M_N_cha10156_cha10156_12249.jpg,DETECTED,True,0.0569,281,0.1414,None
Tp_S_NNN_M_N_cha10180_cha10180_12295.jpg,MISSED,False,0.0095,34,0.0110,None
Tp_S_NNN_M_N_ind00071_ind00071_10696.jpg,DETECTED,True,0.0525,107,0.1393,None
Tp_S_NNN_M_N_ind00079_ind00079_10664.jpg,DETECTED,True,0.0723,140,0.1823,None
Tp_S_NNN_M_N_ind00080_ind00080_10666.jpg,DETECTED,True,0.0378,71,0.0924,None
Tp_S_NNN_M_N_ind00080_ind00080_10667.jpg,DETECTED,True,0.0479,105,0.1367,None
Tp_S_NNN_M_N_ind00098_ind00098_10660.jpg,DETECTED,True,0.0905,279,0.3633,None
Tp_S_NNN_M_N_ind00100_ind00100_10631.jpg,DETECTED,True,0.0587,124,0.1615,None
Tp_S_NNN_M_N_ind10102_ind10102_11550.jpg,DETECTED,True,0.0084,28,0.0365,None
Tp_S_NNN_M_N_nat00017_nat00017_11049.jpg,DETECTED,True,0.0473,102,0.1328,None
Tp_S_NNN_M_N_nat00028_nat00028_10923.jpg,DETECTED,True,0.0584,103,0.1341,None
Tp_S_NNN_M_N_nat00042_nat00042_11070.jpg,DETECTED,True,0.0555,162,0.2109,None
Tp_S_NNN_M_N_nat00058_nat00058_11077.jpg,DETECTED,True,0.0762,224,0.2917,None
Tp_S_NNN_M_N_nat00085_nat00085_10589.jpg,DETECTED,True,0.1403,452,0.5885,None
Tp_S_NNN_M_N_nat00093_nat00093_10586.jpg,DETECTED,True,0.0535,138,0.1797,None
Tp_S_NNN_M_N_nat10147_nat10147_11996.jpg,DETECTED,True,0.0444,388,0.1617,None
Tp_S_NNN_M_N_nat10164_nat10160_12096.jpg,DETECTED,True,0.1031,852,0.5071,None
Tp_S_NNN_M_N_pla00012_pla00012_10967.jpg,DETECTED,True,0.0330,60,0.0781,None
Tp_S_NNN_M_N_pla00025_pla00025_10998.jpg,DETECTED,True,0.1004,205,0.2669,None
Tp_S_NNN_M_N_pla00050_pla00050_10431.tif,DETECTED,True,0.1198,310,0.4036,None
Tp_S_NNN_M_N_pla00061_pla00061_01170.tif,DETECTED,True,0.1468,344,0.4479,None
Tp_S_NNN_M_N_pla10126_pla10126_12127.jpg,DETECTED,True,0.0949,850,0.3542,None
Tp_S_NNN_M_N_pla20055_pla20055_02376.tif,DETECTED,True,0.2558,1212,0.7519,None
Tp_S_NNN_M_N_sec00009_sec00009_10859.jpg,DETECTED,True,0.0850,234,0.3047,None
Tp_S_NNN_M_N_sec00026_sec00026_10770.jpg,DETECTED,True,0.0864,238,0.3099,None
Tp_S_NNN_M_N_sec00029_sec00029_10797.jpg,DETECTED,True,0.0526,117,0.1523,None
Tp_S_NNN_M_N_sec00033_sec00033_11276.jpg,DETECTED,True,0.0532,115,0.1497,None
Tp_S_NNN_M_N_sec00036_sec00036_10505.tif,DETECTED,True,0.0750,197,0.2565,None
Tp_S_NNN_M_N_sec00040_sec00040_10490.tif,DETECTED,True,0.0864,240,0.3125,None
Tp_S_NNN_M_N_sec00045_sec00045_00066.tif,DETECTED,True,0.0518,151,0.1966,None
Tp_S_NNN_M_N_sec00054_cha00062_11473.jpg,DETECTED,True,0.1315,308,0.4010,None
Tp_S_NNN_M_N_sec00075_sec00075_10349.tif,DETECTED,True,0.0659,182,0.2370,None
Tp_S_NNN_M_N_txt00032_txt00032_10341.tif,DETECTED,True,0.1359,450,0.5859,None
Tp_S_NNN_M_N_txt00061_txt00061_10019.tif,DETECTED,True,0.1370,345,0.4492,None
Tp_S_NNN_M_N_txt00065_txt00065_10120.tif,DETECTED,True,0.0424,164,0.2135,None
Tp_S_NNN_M_N_txt00065_txt00065_10132.tif,DETECTED,True,0.0955,348,0.4531,None
Tp_S_NNN_M_N_txt00075_txt00075_11298.jpg,DETECTED,True,0.0401,81,0.1055,None
Tp_S_NNN_M_N_txt00094_txt00094_10160.tif,DETECTED,True,0.2063,551,0.7174,None
Tp_S_NNN_M_O_nat00045_nat00099_10558.jpg,DETECTED,True,0.0944,346,0.4505,None
Tp_S_NNN_N_N_art10015_art10015_20099.jpg,DETECTED,True,0.1161,1571,0.6546,None
Tp_S_NNN_S_B_ani00006_ani00006_00126.tif,DETECTED,True,0.0105,27,0.0352,None
Tp_S_NNN_S_B_ani00013_ani00013_20057.jpg,DETECTED,True,0.0368,104,0.1354,None
Tp_S_NNN_S_B_ani00014_ani00014_20058.jpg,DETECTED,True,0.1139,245,0.3190,None
Tp_S_NNN_S_B_ani00019_ani00019_20027.jpg,DETECTED,True,0.0339,107,0.1393,None
Tp_S_NNN_S_B_ani00025_ani00025_00145.tif,DETECTED,True,0.0770,212,0.2760,None
Tp_S_NNN_S_B_ani00030_ani00030_00150.tif,DETECTED,True,0.0133,37,0.0482,None
Tp_S_NNN_S_B_ani00038_ani00038_00158.tif,DETECTED,True,0.1155,294,0.3828,None
Tp_S_NNN_S_B_ani00044_ani00044_00164.tif,DETECTED,True,0.0495,197,0.2565,None
Tp_S_NNN_S_B_ani00056_ani00056_00176.tif,DETECTED,True,0.0645,168,0.2188,None
Tp_S_NNN_S_B_ani00060_ani00060_00180.tif,DETECTED,True,0.0937,234,0.3047,None
Tp_S_NNN_S_B_ani00076_ani00077_00196.tif,DETECTED,True,0.0172,40,0.0521,None
Tp_S_NNN_S_B_ani00082_ani00082_00202.tif,DETECTED,True,0.0537,150,0.1953,None
Tp_S_NNN_S_B_ani00084_ani00084_01257.tif,DETECTED,True,0.0163,42,0.0547,None
Tp_S_NNN_S_B_ani00094_ani00094_00810.tif,DETECTED,True,0.0479,142,0.1849,None
Tp_S_NNN_S_B_ani10003_ani10003_20044.jpg,DETECTED,True,0.0199,29,0.0362,None
Tp_S_NNN_S_B_ani10159_ani10159_12466.jpg,DETECTED,True,0.0294,203,0.0690,None
Tp_S_NNN_S_B_ani10208_ani10208_12371.jpg,MISSED,False,0.0109,29,0.0084,None
Tp_S_NNN_S_B_ani20001_ani20001_01450.tif,DETECTED,True,0.0770,318,0.2839,None
Tp_S_NNN_S_B_ani20002_ani20002_02401.tif,DETECTED,True,0.0284,178,0.0848,None
Tp_S_NNN_S_B_ani20003_ani20003_01452.tif,DETECTED,True,0.0059,58,0.0181,None
Tp_S_NNN_S_B_ani20003_ani20003_02402.tif,MISSED,False,0.0036,24,0.0075,None
Tp_S_NNN_S_B_ani20004_ani20004_01453.tif,DETECTED,True,0.0245,408,0.1088,None
Tp_S_NNN_S_B_ani20006_ani20006_02404.tif,DETECTED,True,0.0435,411,0.1602,None
Tp_S_NNN_S_B_ani20046_ani20046_02436.tif,DETECTED,True,0.0192,124,0.0630,None
Tp_S_NNN_S_B_ani20059_ani20059_02101.tif,DETECTED,True,0.0375,156,0.1026,None
Tp_S_NNN_S_B_arc00002_arc00002_00222.tif,DETECTED,True,0.0436,126,0.1641,None
Tp_S_NNN_S_B_arc00003_arc00003_00223.tif,DETECTED,True,0.0406,100,0.1302,None
Tp_S_NNN_S_B_arc00004_arc00004_00224.tif,DETECTED,True,0.0324,81,0.1055,None
Tp_S_NNN_S_B_arc00004_arc00004_01104.tif,MISSED,False,0.0040,6,0.0078,None
Tp_S_NNN_S_B_arc00014_arc00014_00234.tif,DETECTED,True,0.0176,40,0.0521,None
Tp_S_NNN_S_B_arc00014_arc00014_20059.jpg,DETECTED,True,0.0178,28,0.0365,None
Tp_S_NNN_S_B_arc00015_arc00015_20060.jpg,DETECTED,True,0.0411,90,0.1172,None
Tp_S_NNN_S_B_arc00019_arc00019_20028.jpg,DETECTED,True,0.0135,16,0.0208,None
Tp_S_NNN_S_B_arc00022_arc00022_20078.jpg,DETECTED,True,0.0227,53,0.0690,None
Tp_S_NNN_S_B_arc00023_arc00023_20079.jpg,DETECTED,True,0.0257,50,0.0651,None
Tp_S_NNN_S_B_arc00025_arc00025_01097.tif,DETECTED,True,0.0095,17,0.0221,None
Tp_S_NNN_S_B_arc00043_arc00043_10239.tif,DETECTED,True,0.0084,23,0.0299,None
Tp_S_NNN_S_B_arc00051_arc00051_01075.tif,DETECTED,True,0.0125,29,0.0378,None
Tp_S_NNN_S_B_arc00054_arc00054_11929.jpg,DETECTED,True,0.0244,28,0.0365,None
Tp_S_NNN_S_B_arc00056_arc00056_00276.tif,DETECTED,True,0.0176,47,0.0612,None
Tp_S_NNN_S_B_arc00056_arc00056_01070.tif,DETECTED,True,0.0353,84,0.1094,None
Tp_S_NNN_S_B_arc00063_arc00063_00283.tif,DETECTED,True,0.0129,37,0.0482,None
Tp_S_NNN_S_B_arc00067_arc00067_00287.tif,DETECTED,True,0.0210,60,0.0781,None
Tp_S_NNN_S_B_arc00070_arc00070_01057.tif,DETECTED,True,0.0143,48,0.0625,None
Tp_S_NNN_S_B_arc00075_arc00075_11194.jpg,DETECTED,True,0.0413,80,0.1042,None
Tp_S_NNN_S_B_arc00077_arc00077_00297.tif,DETECTED,True,0.0204,53,0.0690,None
Tp_S_NNN_S_B_arc00092_arc00092_01038.tif,DETECTED,True,0.0101,19,0.0247,None
Tp_S_NNN_S_B_arc00094_arc00094_01043.tif,DETECTED,True,0.0192,43,0.0560,None
Tp_S_NNN_S_B_arc00096_arc00096_11198.jpg,DETECTED,True,0.0281,52,0.0677,None
Tp_S_NNN_S_B_arc00096_arc00096_11199.jpg,DETECTED,True,0.0318,61,0.0794,None
Tp_S_NNN_S_B_arc00097_arc00097_01033.tif,DETECTED,True,0.0173,34,0.0443,None
Tp_S_NNN_S_B_arc00098_arc00098_01032.tif,DETECTED,True,0.0088,23,0.0299,None
Tp_S_NNN_S_B_arc00099_arc00099_01031.tif,DETECTED,True,0.0193,47,0.0612,None
Tp_S_NNN_S_B_arc00100_arc00100_01030.tif,MISSED,False,0.0051,6,0.0078,None
Tp_S_NNN_S_B_arc10121_arc10121_12104.jpg,DETECTED,True,0.0211,92,0.0245,None
Tp_S_NNN_S_B_arc10121_arc10121_12105.jpg,DETECTED,True,0.0243,149,0.0397,None
Tp_S_NNN_S_B_arc20004_arc20004_01457.tif,DETECTED,True,0.0318,364,0.1055,None
Tp_S_NNN_S_B_arc20008_arc20008_01461.tif,MISSED,False,0.0042,21,0.0056,None
Tp_S_NNN_S_B_arc20008_arc20008_02468.tif,DETECTED,True,0.0117,129,0.0344,None
Tp_S_NNN_S_B_arc20009_arc20009_01462.tif,DETECTED,True,0.0069,77,0.0244,None
Tp_S_NNN_S_B_arc20013_arc20013_02156.tif,DETECTED,True,0.0068,55,0.0172,None
Tp_S_NNN_S_B_arc20015_arc20015_01468.tif,DETECTED,True,0.0112,50,0.0312,None
Tp_S_NNN_S_B_arc20015_arc20015_02158.tif,DETECTED,True,0.0091,47,0.0294,None
Tp_S_NNN_S_B_arc20016_arc20016_01469.tif,DETECTED,True,0.0134,138,0.0431,None
Tp_S_NNN_S_B_arc20020_arc20020_01473.tif,DETECTED,True,0.0166,161,0.0503,None
Tp_S_NNN_S_B_arc20020_arc20020_02161.tif,DETECTED,True,0.0069,51,0.0159,None
Tp_S_NNN_S_B_arc20021_arc20021_02162.tif,DETECTED,True,0.0065,57,0.0178,None
Tp_S_NNN_S_B_arc20022_arc20022_01475.tif,DETECTED,True,0.0168,197,0.0525,None
Tp_S_NNN_S_B_arc20023_arc20023_01476.tif,DETECTED,True,0.0217,231,0.0616,None
Tp_S_NNN_S_B_arc20027_arc20027_02168.tif,DETECTED,True,0.0104,97,0.0259,None
Tp_S_NNN_S_B_arc20030_arc20030_02170.tif,MISSED,False,0.0037,37,0.0099,None
Tp_S_NNN_S_B_arc20032_arc20032_02172.tif,MISSED,False,0.0053,49,0.0142,None
Tp_S_NNN_S_B_arc20033_arc20033_01486.tif,DETECTED,True,0.0073,103,0.0299,None
Tp_S_NNN_S_B_arc20033_arc20033_02472.tif,MISSED,False,0.0036,35,0.0101,None
Tp_S_NNN_S_B_arc20039_arc20039_02175.tif,DETECTED,True,0.0109,103,0.0322,None
Tp_S_NNN_S_B_arc20045_arc20045_01498.tif,DETECTED,True,0.0000,0,1.0000,None
Tp_S_NNN_S_B_arc20047_arc20047_01500.tif,DETECTED,True,0.0068,104,0.0277,None
Tp_S_NNN_S_B_arc20048_arc20048_02182.tif,MISSED,False,0.0044,43,0.0115,None
Tp_S_NNN_S_B_arc20056_arc20056_01696.tif,DETECTED,True,0.0085,34,0.0244,None
Tp_S_NNN_S_B_arc20057_arc20057_02183.tif,DETECTED,True,0.0178,86,0.0666,None
Tp_S_NNN_S_B_arc20080_arc20080_02192.tif,DETECTED,True,0.0145,77,0.0479,None
Tp_S_NNN_S_B_arc20081_arc20081_02191.tif,DETECTED,True,0.0318,193,0.0971,None
Tp_S_NNN_S_B_arc20088_arc20088_02414.tif,DETECTED,True,0.0261,123,0.0909,None
Tp_S_NNN_S_B_arc20090_arc20090_02412.tif,DETECTED,True,0.0171,92,0.0485,None
Tp_S_NNN_S_B_arc20092_arc20092_02407.tif,DETECTED,True,0.0209,192,0.0914,None
Tp_S_NNN_S_B_art00002_art00002_01428.tif,DETECTED,True,0.0087,21,0.0273,None
Tp_S_NNN_S_B_art00013_art00013_20061.jpg,DETECTED,True,0.0508,112,0.1458,None
Tp_S_NNN_S_B_art00015_art00015_20062.jpg,DETECTED,True,0.1359,298,0.3880,None
Tp_S_NNN_S_B_art00020_art00020_20029.jpg,MISSED,False,0.0101,11,0.0143,None
Tp_S_NNN_S_B_art00021_art00021_20030.jpg,DETECTED,True,0.0207,31,0.0404,None
Tp_S_NNN_S_B_art00028_art00028_01215.tif,DETECTED,True,0.0136,31,0.0404,None
Tp_S_NNN_S_B_art00032_art00032_01219.tif,DETECTED,True,0.0193,56,0.0729,None
Tp_S_NNN_S_B_art00032_art00032_01422.tif,DETECTED,True,0.0663,160,0.2083,None
Tp_S_NNN_S_B_art00038_art00038_01020.tif,DETECTED,True,0.0073,16,0.0208,None
Tp_S_NNN_S_B_art00041_art00041_01225.tif,DETECTED,True,0.0242,59,0.0768,None
Tp_S_NNN_S_B_art00042_art00042_01412.tif,DETECTED,True,0.0073,13,0.0169,None
Tp_S_NNN_S_B_art00044_art00044_01228.tif,DETECTED,True,0.0228,58,0.0755,None
Tp_S_NNN_S_B_art00044_art00044_01410.tif,DETECTED,True,0.0197,50,0.0651,None
Tp_S_NNN_S_B_art00046_art00046_00926.tif,DETECTED,True,0.0220,55,0.0716,None
Tp_S_NNN_S_B_art00046_art00046_01408.tif,DETECTED,True,0.0229,73,0.0951,None
Tp_S_NNN_S_B_art00047_art00047_01407.tif,DETECTED,True,0.0064,13,0.0169,None
Tp_S_NNN_S_B_art00049_art00049_01023.tif,DETECTED,True,0.0098,26,0.0339,None
Tp_S_NNN_S_B_art00057_art00057_01232.tif,DETECTED,True,0.0090,13,0.0169,None
Tp_S_NNN_S_B_art00060_art00060_01235.tif,DETECTED,True,0.0289,74,0.0964,None
Tp_S_NNN_S_B_art00069_art00069_01240.tif,DETECTED,True,0.0096,25,0.0326,None
Tp_S_NNN_S_B_art00070_art00070_01241.tif,MISSED,False,0.0053,5,0.0065,None
Tp_S_NNN_S_B_art00082_art00082_01248.tif,DETECTED,True,0.0455,147,0.1914,None
Tp_S_NNN_S_B_art00093_art00093_01388.tif,DETECTED,True,0.0146,26,0.0339,None
Tp_S_NNN_S_B_art10001_art10001_20001.jpg,DETECTED,True,0.0339,351,0.0936,None
Tp_S_NNN_S_B_art10003_art10003_20041.jpg,DETECTED,True,0.0139,49,0.0303,None
Tp_S_NNN_S_B_art10005_art10005_20043.jpg,DETECTED,True,0.0299,127,0.1080,None
Tp_S_NNN_S_B_art10006_art10006_20046.jpg,DETECTED,True,0.0733,259,0.2800,None
Tp_S_NNN_S_B_art10009_art10009_20072.jpg,DETECTED,True,0.0530,202,0.2184,None
Tp_S_NNN_S_B_art10109_art10109_11574.jpg,DETECTED,True,0.0128,36,0.0469,None
Tp_S_NNN_S_B_art20011_art20011_02493.tif,MISSED,False,0.0040,15,0.0113,None
Tp_S_NNN_S_B_art20026_art20026_02337.tif,DETECTED,True,0.0155,168,0.0473,None
Tp_S_NNN_S_B_art20049_art20049_01855.tif,MISSED,False,0.0101,25,0.0133,None
Tp_S_NNN_S_B_art20058_art20058_02328.tif,MISSED,False,0.0028,7,0.0047,None
Tp_S_NNN_S_B_art20060_art20060_02327.tif,DETECTED,True,0.0049,57,0.0171,None
Tp_S_NNN_S_B_cha00002_cha00002_11162.jpg,DETECTED,True,0.0195,20,0.0260,None
Tp_S_NNN_S_B_cha00008_cha00008_00328.tif,DETECTED,True,0.0337,97,0.1263,None
Tp_S_NNN_S_B_cha00057_cha00057_00377.tif,DETECTED,True,0.0412,111,0.1445,None
Tp_S_NNN_S_B_cha00058_cha00058_00378.tif,DETECTED,True,0.0336,100,0.1302,None
Tp_S_NNN_S_B_cha00076_cha00076_00396.tif,DETECTED,True,0.0520,147,0.1914,None
Tp_S_NNN_S_B_cha00089_cha00089_10187.tif,DETECTED,True,0.0147,44,0.0573,None
Tp_S_NNN_S_B_cha00089_cha00089_10199.tif,DETECTED,True,0.0726,195,0.2539,None
Tp_S_NNN_S_B_cha10132_cha10132_12215.jpg,DETECTED,True,0.0202,40,0.0281,None
Tp_S_NNN_S_B_cha20002_cha20002_02001.tif,DETECTED,True,0.0222,214,0.0669,None
Tp_S_NNN_S_B_cha20008_cha20008_02422.tif,DETECTED,True,0.0000,0,1.0000,None
Tp_S_NNN_S_B_cha20009_cha20009_02423.tif,DETECTED,True,0.0057,73,0.0225,None
Tp_S_NNN_S_B_cha20015_cha20015_02014.tif,MISSED,False,0.0089,25,0.0133,None
Tp_S_NNN_S_B_cha20027_cha20027_02426.tif,DETECTED,True,0.0086,66,0.0200,None
Tp_S_NNN_S_B_cha20037_cha20037_02430.tif,MISSED,False,0.0065,43,0.0119,None
Tp_S_NNN_S_B_cha20047_cha20047_02434.tif,DETECTED,True,0.0522,300,0.1600,None
Tp_S_NNN_S_B_ind00001_ind00001_01301.tif,DETECTED,True,0.0174,46,0.0599,None
Tp_S_NNN_S_B_ind00002_ind00002_01302.tif,MISSED,False,0.0061,10,0.0130,None
Tp_S_NNN_S_B_ind00006_ind00006_00883.tif,DETECTED,True,0.0109,24,0.0312,None
Tp_S_NNN_S_B_ind00009_ind00009_00427.tif,DETECTED,True,0.0108,18,0.0234,None
Tp_S_NNN_S_B_ind00011_ind00011_00429.tif,DETECTED,True,0.0152,28,0.0365,None
Tp_S_NNN_S_B_ind00011_ind00011_10413.tif,DETECTED,True,0.0120,26,0.0339,None
Tp_S_NNN_S_B_ind00015_ind00015_20063.jpg,DETECTED,True,0.0259,44,0.0573,None
Tp_S_NNN_S_B_ind00018_ind00018_00890.tif,DETECTED,True,0.0137,29,0.0378,None
Tp_S_NNN_S_B_ind00018_ind00018_01316.tif,DETECTED,True,0.0175,40,0.0521,None
Tp_S_NNN_S_B_ind00020_ind00020_20031.jpg,DETECTED,True,0.0576,134,0.1745,None
Tp_S_NNN_S_B_ind00022_ind00022_00893.tif,MISSED,False,0.0062,9,0.0117,None
Tp_S_NNN_S_B_ind00022_ind00022_20080.jpg,DETECTED,True,0.0262,53,0.0690,None
Tp_S_NNN_S_B_ind00030_ind00030_20114.jpg,DETECTED,True,0.0405,82,0.1068,None
Tp_S_NNN_S_B_ind00030_ind00030_20115.tif,DETECTED,True,0.0175,42,0.0547,None
Tp_S_NNN_S_B_ind00036_ind00036_01327.tif,DETECTED,True,0.0088,24,0.0312,None
Tp_S_NNN_S_B_ind00046_ind00046_01336.tif,DETECTED,True,0.0101,23,0.0299,None
Tp_S_NNN_S_B_ind00056_ind00056_01345.tif,DETECTED,True,0.0090,22,0.0286,None
Tp_S_NNN_S_B_ind00064_ind00064_01352.tif,DETECTED,True,0.0119,37,0.0482,None
Tp_S_NNN_S_B_ind00076_ind00076_01362.tif,DETECTED,True,0.0060,13,0.0169,None
Tp_S_NNN_S_B_ind00077_ind00077_01363.tif,MISSED,False,0.0042,5,0.0065,None
Tp_S_NNN_S_B_ind00078_ind00078_01364.tif,MISSED,False,0.0051,8,0.0104,None
Tp_S_NNN_S_B_ind00083_ind00083_01367.tif,DETECTED,True,0.0053,15,0.0195,None
Tp_S_NNN_S_B_ind10001_ind10001_20008.jpg,DETECTED,True,0.0287,213,0.0568,None
Tp_S_NNN_S_B_ind20005_ind20005_02265.tif,DETECTED,True,0.0070,41,0.0243,None
Tp_S_NNN_S_B_ind20026_ind20026_02281.tif,DETECTED,True,0.0397,129,0.1613,None
Tp_S_NNN_S_B_ind20027_ind20027_02282.tif,MISSED,False,0.0025,7,0.0049,None
Tp_S_NNN_S_B_ind20045_ind20045_02293.tif,MISSED,False,0.0023,10,0.0027,None
Tp_S_NNN_S_B_nat00013_nat00013_00939.tif,DETECTED,True,0.0104,28,0.0365,None
Tp_S_NNN_S_B_nat00015_nat00015_11052.jpg,DETECTED,True,0.0303,66,0.0859,None
Tp_S_NNN_S_B_nat00017_nat00017_00636.tif,DETECTED,True,0.0355,97,0.1263,None
Tp_S_NNN_S_B_nat00019_nat00019_20032.jpg,MISSED,False,0.0104,7,0.0091,None
Tp_S_NNN_S_B_nat00021_nat00021_00943.tif,DETECTED,True,0.0192,51,0.0664,None
Tp_S_NNN_S_B_nat00021_nat00021_20033.jpg,DETECTED,True,0.0255,62,0.0807,None
Tp_S_NNN_S_B_nat00022_nat00022_20081.jpg,DETECTED,True,0.0755,182,0.2370,None
Tp_S_NNN_S_B_nat00029_nat00029_00645.tif,DETECTED,True,0.0154,33,0.0430,None
Tp_S_NNN_S_B_nat00036_nat00036_00956.tif,DETECTED,True,0.0123,29,0.0378,None
Tp_S_NNN_S_B_nat00040_nat00040_00963.tif,DETECTED,True,0.0133,40,0.0521,None
Tp_S_NNN_S_B_nat00050_nat00050_00968.tif,DETECTED,True,0.0287,80,0.1042,None
Tp_S_NNN_S_B_nat00059_nat00059_00971.tif,DETECTED,True,0.0412,125,0.1628,None
Tp_S_NNN_S_B_nat00061_nat00061_00972.tif,DETECTED,True,0.0254,51,0.0664,None
Tp_S_NNN_S_B_nat00065_nat00065_00975.tif,DETECTED,True,0.0290,67,0.0872,None
Tp_S_NNN_S_B_nat00071_nat00071_00977.tif,DETECTED,True,0.0121,25,0.0326,None
Tp_S_NNN_S_B_nat00073_nat00073_00979.tif,DETECTED,True,0.0138,44,0.0573,None
Tp_S_NNN_S_B_nat00074_nat00074_00980.tif,DETECTED,True,0.0151,41,0.0534,None
Tp_S_NNN_S_B_nat00081_nat00081_10596.jpg,DETECTED,True,0.0591,158,0.2057,None
Tp_S_NNN_S_B_nat00085_nat00085_00987.tif,DETECTED,True,0.0286,52,0.0677,None
Tp_S_NNN_S_B_nat00087_nat00087_00989.tif,DETECTED,True,0.0089,21,0.0273,None
Tp_S_NNN_S_B_nat00088_nat00088_00990.tif,DETECTED,True,0.0121,25,0.0326,None
Tp_S_NNN_S_B_nat00090_nat00090_00992.tif,DETECTED,True,0.0938,257,0.3346,None
Tp_S_NNN_S_B_nat00090_nat00090_11110.jpg,DETECTED,True,0.0685,175,0.2279,None
Tp_S_NNN_S_B_nat00092_nat00092_00994.tif,DETECTED,True,0.0224,51,0.0664,None
Tp_S_NNN_S_B_nat00098_nat00098_00999.tif,DETECTED,True,0.0147,38,0.0495,None
Tp_S_NNN_S_B_nat00100_nat00100_00998.tif,DETECTED,True,0.0206,38,0.0495,None
Tp_S_NNN_S_B_nat00100_nat00100_11095.jpg,DETECTED,True,0.0334,50,0.0651,None
Tp_S_NNN_S_B_nat10001_nat10001_20002.jpg,DETECTED,True,0.1972,2105,0.6284,None
Tp_S_NNN_S_B_nat10002_nat10002_20011.jpg,MISSED,False,0.0077,36,0.0096,None
Tp_S_NNN_S_B_nat10003_nat10003_20071.jpg,DETECTED,True,0.0172,101,0.0361,None
Tp_S_NNN_S_B_nat10109_nat10109_11353.jpg,DETECTED,True,0.0093,17,0.0221,None
Tp_S_NNN_S_B_nat20001_nat20001_01505.tif,DETECTED,True,0.0067,57,0.0161,None
Tp_S_NNN_S_B_nat20002_nat20002_02202.tif,MISSED,False,0.0036,42,0.0118,None
Tp_S_NNN_S_B_nat20009_nat20009_02209.tif,DETECTED,True,0.0000,0,1.0000,None
Tp_S_NNN_S_B_nat20010_nat20010_01514.tif,DETECTED,True,0.0000,0,1.0000,None
Tp_S_NNN_S_B_nat20012_nat20012_02228.tif,DETECTED,True,0.0087,65,0.0203,None
Tp_S_NNN_S_B_nat20015_nat20015_02215.tif,MISSED,False,0.0038,37,0.0099,None
Tp_S_NNN_S_B_nat20016_nat20016_02216.tif,DETECTED,True,0.0078,72,0.0222,None
Tp_S_NNN_S_B_nat20020_nat20020_02220.tif,MISSED,False,0.0044,42,0.0129,None
Tp_S_NNN_S_B_nat20027_nat20027_01531.tif,DETECTED,True,0.0059,60,0.0200,None
Tp_S_NNN_S_B_nat20027_nat20027_02227.tif,DETECTED,True,0.0059,52,0.0173,None
Tp_S_NNN_S_B_nat20030_nat20030_02230.tif,DETECTED,True,0.0292,343,0.1143,None
Tp_S_NNN_S_B_nat20031_nat20031_02231.tif,MISSED,False,0.0037,23,0.0072,None
Tp_S_NNN_S_B_nat20043_nat20043_01547.tif,MISSED,False,0.0041,12,0.0090,None
Tp_S_NNN_S_B_nat20047_nat20047_02244.tif,DETECTED,True,0.0111,59,0.0386,None
Tp_S_NNN_S_B_nat20049_nat20049_02245.tif,DETECTED,True,0.0088,35,0.0312,None
Tp_S_NNN_S_B_nat20051_nat20051_02247.tif,DETECTED,True,0.0108,63,0.0421,None
Tp_S_NNN_S_B_nat20052_nat20052_02248.tif,DETECTED,True,0.0052,23,0.0150,None
Tp_S_NNN_S_B_nat20056_nat20056_02251.tif,DETECTED,True,0.0113,52,0.0340,None
Tp_S_NNN_S_B_nat20059_nat20059_01563.tif,DETECTED,True,0.0077,30,0.0179,None
Tp_S_NNN_S_B_nat20088_nat20088_01592.tif,DETECTED,True,0.0157,109,0.0360,None
Tp_S_NNN_S_B_nat20090_nat20090_01594.tif,DETECTED,True,0.0226,112,0.0602,None
Tp_S_NNN_S_B_nat20092_nat20092_02458.tif,DETECTED,True,0.0079,52,0.0291,None
Tp_S_NNN_S_B_pla00002_pla00002_01124.tif,DETECTED,True,0.0069,13,0.0169,None
Tp_S_NNN_S_B_pla00003_pla00003_01125.tif,DETECTED,True,0.0231,59,0.0768,None
Tp_S_NNN_S_B_pla00014_pla00014_20064.jpg,DETECTED,True,0.0727,137,0.1784,None
Tp_S_NNN_S_B_pla00015_pla00015_20065.jpg,DETECTED,True,0.0507,119,0.1549,None
Tp_S_NNN_S_B_pla00019_pla00020_20034.jpg,DETECTED,True,0.0780,192,0.2500,None
Tp_S_NNN_S_B_pla00021_pla00021_20035.jpg,DETECTED,True,0.0666,184,0.2396,None
Tp_S_NNN_S_B_pla00024_pla00024_20082.jpg,DETECTED,True,0.0689,172,0.2240,None
Tp_S_NNN_S_B_pla00031_pla00031_10964.jpg,DETECTED,True,0.0231,32,0.0417,None
Tp_S_NNN_S_B_pla00049_pla00049_01158.tif,DETECTED,True,0.0112,34,0.0443,None
Tp_S_NNN_S_B_pla00054_pla00054_01163.tif,DETECTED,True,0.0183,40,0.0521,None
Tp_S_NNN_S_B_pla00089_pla00089_01190.tif,DETECTED,True,0.1722,393,0.5117,None
Tp_S_NNN_S_B_pla20001_pla20001_02399.tif,MISSED,False,0.0029,30,0.0086,None
Tp_S_NNN_S_B_pla20004_pla20004_01904.tif,DETECTED,True,0.0223,225,0.0726,None
Tp_S_NNN_S_B_pla20004_pla20004_02400.tif,DETECTED,True,0.0056,48,0.0155,None
Tp_S_NNN_S_B_pla20006_pla20006_02396.tif,DETECTED,True,0.0243,136,0.0725,None
Tp_S_NNN_S_B_pla20008_pla20008_02395.tif,DETECTED,True,0.0322,194,0.1035,None
Tp_S_NNN_S_B_pla20009_pla20009_02394.tif,MISSED,False,0.0041,19,0.0124,None
Tp_S_NNN_S_B_pla20013_pla20013_02392.tif,MISSED,False,0.0061,20,0.0121,None
Tp_S_NNN_S_B_pla20016_pla20016_01916.tif,DETECTED,True,0.0206,114,0.0707,None
Tp_S_NNN_S_B_pla20037_pla20037_02384.tif,DETECTED,True,0.0216,114,0.0661,None
Tp_S_NNN_S_B_pla20047_pla20047_02380.tif,MISSED,False,0.0032,17,0.0091,None
Tp_S_NNN_S_B_pla20061_pla20061_02371.tif,DETECTED,True,0.0085,86,0.0295,None
Tp_S_NNN_S_B_pla20065_pla20065_02368.tif,DETECTED,True,0.0152,78,0.0690,None
Tp_S_NNN_S_B_pla20085_pla20085_02356.tif,DETECTED,True,0.0315,477,0.1432,None
Tp_S_NNN_S_B_pla20090_pla20090_02352.tif,DETECTED,True,0.0083,78,0.0297,None
Tp_S_NNN_S_B_pla20092_pla20092_02350.tif,DETECTED,True,0.0112,56,0.0393,None
Tp_S_NNN_S_B_pla20093_pla20093_02349.tif,DETECTED,True,0.0282,162,0.1000,None
Tp_S_NNN_S_B_pla20099_pla20099_02343.tif,DETECTED,True,0.0101,69,0.0462,None
Tp_S_NNN_S_B_sec00013_sec00013_11229.jpg,DETECTED,True,0.0163,16,0.0208,None
Tp_S_NNN_S_B_sec00028_sec00028_20116.jpg,DETECTED,True,0.0242,37,0.0482,None
Tp_S_NNN_S_B_sec00031_sec00031_00738.tif,DETECTED,True,0.0367,88,0.1146,None
Tp_S_NNN_S_B_sec00035_sec00035_00736.tif,MISSED,False,0.0065,10,0.0130,None
Tp_S_NNN_S_B_sec00038_sec00038_00059.tif,DETECTED,True,0.0497,125,0.1628,None
Tp_S_NNN_S_B_sec00040_sec00040_00061.tif,DETECTED,True,0.0710,149,0.1940,None
Tp_S_NNN_S_B_sec00045_sec00045_00735.tif,DETECTED,True,0.0134,31,0.0404,None
Tp_S_NNN_S_B_sec00064_sec00064_00741.tif,DETECTED,True,0.0076,15,0.0195,None
Tp_S_NNN_S_B_sec00065_sec00065_00086.tif,DETECTED,True,0.0123,29,0.0378,None
Tp_S_NNN_S_B_sec00075_sec00075_00726.tif,DETECTED,True,0.0727,192,0.2500,None
Tp_S_NNN_S_B_sec00083_sec00083_11286.jpg,DETECTED,True,0.0207,27,0.0352,None
Tp_S_NNN_S_B_sec00087_sec00087_00107.tif,DETECTED,True,0.0190,46,0.0599,None
Tp_S_NNN_S_B_sec00089_sec00089_00109.tif,DETECTED,True,0.0227,93,0.1211,None
Tp_S_NNN_S_B_sec00089_sec00089_11121.jpg,DETECTED,True,0.0268,47,0.0612,None
Tp_S_NNN_S_B_sec00096_sec00096_00116.tif,DETECTED,True,0.0210,58,0.0755,None
Tp_S_NNN_S_B_sec00098_sec00098_00011.tif,DETECTED,True,0.0187,36,0.0469,None
Tp_S_NNN_S_B_sec10001_sec10001_20007.jpg,DETECTED,True,0.0128,115,0.0307,None
Tp_S_NNN_S_B_sec10002_sec10002_20048.jpg,DETECTED,True,0.0132,90,0.0310,None
Tp_S_NNN_S_B_sec10003_sec10003_20070.jpg,DETECTED,True,0.0317,377,0.0898,None
Tp_S_NNN_S_B_sec10116_sec10116_12145.jpg,DETECTED,True,0.0285,113,0.0673,None
Tp_S_NNN_S_B_sec20001_sec20001_01436.tif,DETECTED,True,0.0063,74,0.0197,None
Tp_S_NNN_S_B_sec20005_sec20005_01440.tif,DETECTED,True,0.0054,53,0.0168,None
Tp_S_NNN_S_B_sec20006_sec20006_01441.tif,DETECTED,True,0.0113,110,0.0349,None
Tp_S_NNN_S_B_sec20008_sec20008_02118.tif,DETECTED,True,0.0066,60,0.0190,None
Tp_S_NNN_S_B_sec20013_sec20013_01448.tif,DETECTED,True,0.0056,69,0.0216,None
Tp_S_NNN_S_B_sec20041_sec20041_02447.tif,DETECTED,True,0.0432,215,0.1437,None
Tp_S_NNN_S_B_sec20043_sec20043_02145.tif,DETECTED,True,0.0543,234,0.1765,None
Tp_S_NNN_S_B_sec20060_sec20060_02148.tif,DETECTED,True,0.0140,83,0.0626,None
Tp_S_NNN_S_B_sec20062_sec20062_01652.tif,DETECTED,True,0.0104,44,0.0315,None
Tp_S_NNN_S_B_sec20069_sec20069_01659.tif,MISSED,False,0.0071,20,0.0101,None
Tp_S_NNN_S_B_sec20078_sec20078_01668.tif,DETECTED,True,0.0085,42,0.0224,None
Tp_S_NNN_S_B_sec20080_sec20080_01670.tif,DETECTED,True,0.0150,105,0.0560,None
Tp_S_NNN_S_B_sec20091_sec20091_02445.tif,MISSED,False,0.0082,23,0.0110,None
Tp_S_NNN_S_B_txt00001_txt00001_01260.tif,DETECTED,True,0.0100,27,0.0352,None
Tp_S_NNN_S_B_txt00003_txt00003_01262.tif,DETECTED,True,0.1301,318,0.4141,None
Tp_S_NNN_S_B_txt00015_txt00015_20066.jpg,DETECTED,True,0.1163,276,0.3594,None
Tp_S_NNN_S_B_txt00019_txt00019_20036.jpg,DETECTED,True,0.0369,84,0.1094,None
Tp_S_NNN_S_B_txt00021_txt00021_20037.jpg,DETECTED,True,0.0843,196,0.2552,None
Tp_S_NNN_S_B_txt00026_txt00026_01271.tif,MISSED,False,0.0054,6,0.0078,None
Tp_S_NNN_S_B_txt00028_txt00028_20117.tif,DETECTED,True,0.0701,168,0.2188,None
Tp_S_NNN_S_B_txt00079_txt00079_01288.tif,DETECTED,True,0.0759,205,0.2669,None
Tp_S_NNN_S_B_txt00092_txt00092_00691.tif,DETECTED,True,0.0371,132,0.1719,None
Tp_S_NNN_S_M_ind00054_ind00054_10905.jpg,DETECTED,True,0.0217,32,0.0417,None
Tp_S_NNN_S_M_ind00055_ind00055_10906.jpg,DETECTED,True,0.0177,14,0.0182,None
Tp_S_NNN_S_M_ind00055_ind00055_10907.jpg,DETECTED,True,0.0181,15,0.0195,None
Tp_S_NNN_S_N_ani00003_ani00003_00834.tif,DETECTED,True,0.0393,119,0.1549,None
Tp_S_NNN_S_N_ani00004_ani00004_00124.tif,DETECTED,True,0.0997,236,0.3073,None
Tp_S_NNN_S_N_ani00006_ani00006_00833.tif,DETECTED,True,0.0099,28,0.0365,None
Tp_S_NNN_S_N_ani00007_ani00007_00127.tif,DETECTED,True,0.0262,79,0.1029,None
Tp_S_NNN_S_N_ani00008_ani00008_00128.tif,DETECTED,True,0.0385,115,0.1497,None
Tp_S_NNN_S_N_ani00012_ani00012_00836.tif,DETECTED,True,0.0256,66,0.0859,None
Tp_S_NNN_S_N_ani00023_ani00023_00010.tif,DETECTED,True,0.0216,76,0.0990,None
Tp_S_NNN_S_N_ani00031_ani00031_00151.tif,DETECTED,True,0.0653,166,0.2161,None
Tp_S_NNN_S_N_ani00034_ani00034_00154.tif,DETECTED,True,0.0707,190,0.2474,None
Tp_S_NNN_S_N_ani00040_ani00040_00160.tif,DETECTED,True,0.0857,237,0.3086,None
Tp_S_NNN_S_N_ani00043_ani00043_00163.tif,DETECTED,True,0.0529,158,0.2057,None
Tp_S_NNN_S_N_ani00044_ani00044_00830.tif,MISSED,False,0.0046,8,0.0104,None
Tp_S_NNN_S_N_ani00047_ani00047_00829.tif,DETECTED,True,0.0000,0,1.0000,None
Tp_S_NNN_S_N_ani00049_ani00049_01258.tif,MISSED,False,0.0060,7,0.0091,None
Tp_S_NNN_S_N_ani00050_ani00050_00170.tif,DETECTED,True,0.0659,155,0.2018,None
Tp_S_NNN_S_N_ani00050_ani00050_10223.tif,DETECTED,True,0.0664,158,0.2057,None
Tp_S_NNN_S_N_ani00051_ani00051_00171.tif,DETECTED,True,0.0179,50,0.0651,None
Tp_S_NNN_S_N_ani00055_ani00051_11147.jpg,DETECTED,True,0.0424,93,0.1211,None
Tp_S_NNN_S_N_ani00071_ani00071_00827.tif,DETECTED,True,0.0287,71,0.0924,None
Tp_S_NNN_S_N_ani00076_ani00076_00824.tif,DETECTED,True,0.0094,26,0.0339,None
Tp_S_NNN_S_N_ani00077_ani00077_00197.tif,DETECTED,True,0.0476,169,0.1330,None
Tp_S_NNN_S_N_ani00080_ani00080_00200.tif,DETECTED,True,0.0509,127,0.1654,None
Tp_S_NNN_S_N_ani00081_ani00081_00819.tif,DETECTED,True,0.0714,191,0.2487,None
Tp_S_NNN_S_N_ani00083_ani00083_00818.tif,DETECTED,True,0.0528,116,0.1510,None
Tp_S_NNN_S_N_ani00084_ani00084_00817.tif,DETECTED,True,0.0156,36,0.0469,None
Tp_S_NNN_S_N_ani00085_ani00085_00205.tif,DETECTED,True,0.0271,79,0.1029,None
Tp_S_NNN_S_N_ani00086_ani00086_00206.tif,DETECTED,True,0.0217,46,0.0599,None
Tp_S_NNN_S_N_ani00086_ani00086_11125.jpg,DETECTED,True,0.0290,39,0.0508,None
Tp_S_NNN_S_N_ani00087_ani00087_00207.tif,DETECTED,True,0.0263,66,0.0859,None
Tp_S_NNN_S_N_ani00087_ani00087_00814.tif,DETECTED,True,0.0172,44,0.0573,None
Tp_S_NNN_S_N_ani00089_ani00089_00209.tif,DETECTED,True,0.0306,96,0.1250,None
Tp_S_NNN_S_N_ani00089_ani00089_00813.tif,DETECTED,True,0.0201,46,0.0599,None
Tp_S_NNN_S_N_ani00089_ani00089_11145.jpg,DETECTED,True,0.0436,114,0.1484,None
Tp_S_NNN_S_N_ani00090_ani00090_00812.tif,DETECTED,True,0.0098,21,0.0273,None
Tp_S_NNN_S_N_ani00092_ani00092_00811.tif,DETECTED,True,0.0137,30,0.0391,None
Tp_S_NNN_S_N_ani00094_ani00094_00214.tif,DETECTED,True,0.0311,125,0.1628,None
Tp_S_NNN_S_N_ani00095_ani00095_00215.tif,DETECTED,True,0.0280,81,0.1055,None
Tp_S_NNN_S_N_ani00095_ani00095_00809.tif,DETECTED,True,0.0158,44,0.0573,None
Tp_S_NNN_S_N_ani00096_ani00096_00808.tif,DETECTED,True,0.0374,91,0.1185,None
Tp_S_NNN_S_N_ani00097_ani00097_00807.tif,DETECTED,True,0.0161,50,0.0651,None
Tp_S_NNN_S_N_ani00097_ani00097_01254.tif,DETECTED,True,0.0096,24,0.0312,None
Tp_S_NNN_S_N_ani00098_ani00098_00804.tif,DETECTED,True,0.0567,132,0.1719,None
Tp_S_NNN_S_N_ani00099_ani00099_00806.tif,DETECTED,True,0.0075,28,0.0365,None
Tp_S_NNN_S_N_ani00099_ani00099_01253.tif,MISSED,False,0.0027,4,0.0052,None
Tp_S_NNN_S_N_ani00100_ani00100_00805.tif,DETECTED,True,0.0241,59,0.0768,None
Tp_S_NNN_S_N_ani00100_ani00100_11649.jpg,DETECTED,True,0.0344,61,0.0794,None
Tp_S_NNN_S_N_ani10103_ani10103_10633.jpg,DETECTED,True,0.0984,109,0.3303,None
Tp_S_NNN_S_N_ani10127_ani10127_12469.jpg,DETECTED,True,0.0113,83,0.0259,None
Tp_S_NNN_S_N_ani10139_ani10139_12499.jpg,DETECTED,True,0.0242,70,0.0389,None
Tp_S_NNN_S_N_ani10149_ani10149_12492.jpg,DETECTED,True,0.0487,229,0.1090,None
Tp_S_NNN_S_N_ani10157_ani10157_12465.jpg,DETECTED,True,0.0286,93,0.0403,None
Tp_S_NNN_S_N_ani10166_ani10166_12445.jpg,DETECTED,True,0.0165,167,0.0445,None
Tp_S_NNN_S_N_ani10168_ani10168_12447.jpg,DETECTED,True,0.0074,55,0.0204,None
Tp_S_NNN_S_N_ani10170_ani10170_12453.jpg,DETECTED,True,0.0345,112,0.0569,None
Tp_S_NNN_S_N_ani10171_ani10171_12456.jpg,DETECTED,True,0.0307,80,0.0561,None
Tp_S_NNN_S_N_ani10172_ani10172_12451.jpg,DETECTED,True,0.0605,503,0.1552,None
Tp_S_NNN_S_N_ani10175_ani10175_12459.jpg,DETECTED,True,0.0526,239,0.1552,None
Tp_S_NNN_S_N_ani10183_ani10183_12422.jpg,DETECTED,True,0.0461,255,0.1723,None
Tp_S_NNN_S_N_ani10194_ani10194_12399.jpg,DETECTED,True,0.0473,171,0.1171,None
Tp_S_NNN_S_N_ani10195_ani10195_12402.jpg,DETECTED,True,0.0427,121,0.0828,None
Tp_S_NNN_S_N_ani10197_ani10197_12405.jpg,DETECTED,True,0.0603,257,0.1691,None
Tp_S_NNN_S_N_ani10197_ani10197_12406.jpg,DETECTED,True,0.0597,264,0.1737,None
Tp_S_NNN_S_N_ani10215_ani10215_12383.jpg,DETECTED,True,0.0542,377,0.1571,None
Tp_S_NNN_S_N_ani10219_ani10219_12385.jpg,DETECTED,True,0.0152,199,0.0545,None
Tp_S_NNN_S_N_ani10222_ani10222_12395.jpg,DETECTED,True,0.0177,59,0.0169,None
Tp_S_NNN_S_N_ani10223_ani10223_12398.jpg,DETECTED,True,0.0274,133,0.0518,None
Tp_S_NNN_S_N_ani20002_ani20002_01451.tif,DETECTED,True,0.0338,218,0.1038,None
Tp_S_NNN_S_N_ani20007_ani20007_02050.tif,DETECTED,True,0.0099,69,0.0252,None
Tp_S_NNN_S_N_ani20008_ani20008_02051.tif,DETECTED,True,0.0114,107,0.0345,None
Tp_S_NNN_S_N_ani20009_ani20009_02052.tif,DETECTED,True,0.0093,52,0.0374,None
Tp_S_NNN_S_N_ani20010_ani20010_02053.tif,DETECTED,True,0.0136,46,0.0290,None
Tp_S_NNN_S_N_ani20013_ani20013_02056.tif,DETECTED,True,0.0409,317,0.1321,None
Tp_S_NNN_S_N_ani20014_ani20014_02057.tif,DETECTED,True,0.0324,183,0.1017,None
Tp_S_NNN_S_N_ani20019_ani20019_02062.tif,DETECTED,True,0.0101,51,0.0341,None
Tp_S_NNN_S_N_ani20020_ani20020_02063.tif,DETECTED,True,0.0098,36,0.0215,None
Tp_S_NNN_S_N_ani20020_ani20020_02439.tif,DETECTED,True,0.0114,48,0.0287,None
Tp_S_NNN_S_N_ani20022_ani20022_02065.tif,DETECTED,True,0.0117,59,0.0281,None
Tp_S_NNN_S_N_ani20024_ani20024_02067.tif,DETECTED,True,0.0060,27,0.0181,None
Tp_S_NNN_S_N_ani20025_ani20025_02441.tif,DETECTED,True,0.0101,62,0.0295,None
Tp_S_NNN_S_N_ani20026_ani20026_02069.tif,DETECTED,True,0.0632,280,0.1697,None
Tp_S_NNN_S_N_ani20027_ani20027_02070.tif,DETECTED,True,0.0299,181,0.1097,None
Tp_S_NNN_S_N_ani20035_ani20035_02078.tif,MISSED,False,0.0039,22,0.0075,None
Tp_S_NNN_S_N_ani20036_ani20036_02079.tif,DETECTED,True,0.0406,167,0.1116,None
Tp_S_NNN_S_N_ani20040_ani20040_02083.tif,DETECTED,True,0.0140,66,0.0462,None
Tp_S_NNN_S_N_ani20041_ani20041_02085.tif,MISSED,False,0.0025,8,0.0050,None
Tp_S_NNN_S_N_ani20042_ani20042_02084.tif,DETECTED,True,0.0152,176,0.0469,None
Tp_S_NNN_S_N_ani20044_ani20044_02087.tif,DETECTED,True,0.0062,54,0.0200,None
Tp_S_NNN_S_N_ani20045_ani20045_02088.tif,DETECTED,True,0.0138,117,0.0433,None
Tp_S_NNN_S_N_ani20046_ani20046_02089.tif,DETECTED,True,0.0147,86,0.0437,None
Tp_S_NNN_S_N_ani20047_ani20047_02455.tif,DETECTED,True,0.0120,28,0.0196,None
Tp_S_NNN_S_N_ani20048_ani20048_02091.tif,DETECTED,True,0.0174,166,0.0512,None
Tp_S_NNN_S_N_ani20049_ani20049_02092.tif,DETECTED,True,0.0454,382,0.1610,None
Tp_S_NNN_S_N_ani20062_ani20062_02104.tif,DETECTED,True,0.0475,237,0.1401,None
Tp_S_NNN_S_N_ani20063_ani20063_02105.tif,DETECTED,True,0.0176,100,0.0591,None
Tp_S_NNN_S_N_ani20064_ani20064_02106.tif,DETECTED,True,0.0400,226,0.1336,None
Tp_S_NNN_S_N_ani20070_ani20070_02112.tif,DETECTED,True,0.0072,28,0.0192,None
Tp_S_NNN_S_N_arc00001_arc00001_01103.tif,DETECTED,True,0.0123,28,0.0365,None
Tp_S_NNN_S_N_arc00005_arc00005_01105.tif,DETECTED,True,0.0089,18,0.0234,None
Tp_S_NNN_S_N_arc00006_arc00006_00226.tif,DETECTED,True,0.0081,14,0.0182,None
Tp_S_NNN_S_N_arc00006_arc00006_01106.tif,DETECTED,True,0.0264,75,0.0977,None
Tp_S_NNN_S_N_arc00007_arc00007_00227.tif,DETECTED,True,0.0188,43,0.0560,None
Tp_S_NNN_S_N_arc00007_arc00007_01107.tif,DETECTED,True,0.0175,39,0.0508,None
Tp_S_NNN_S_N_arc00007_arc00007_01121.tif,DETECTED,True,0.0088,27,0.0352,None
Tp_S_NNN_S_N_arc00008_arc00008_01108.tif,DETECTED,True,0.0207,47,0.0612,None
Tp_S_NNN_S_N_arc00015_arc00015_01113.tif,DETECTED,True,0.0281,93,0.1211,None
Tp_S_NNN_S_N_arc00016_arc00016_00236.tif,DETECTED,True,0.0349,86,0.1120,None
Tp_S_NNN_S_N_arc00016_arc00016_01114.tif,DETECTED,True,0.0081,13,0.0169,None
Tp_S_NNN_S_N_arc00018_arc00018_00238.tif,DETECTED,True,0.0219,43,0.0560,None
Tp_S_NNN_S_N_arc00020_arc00020_01118.tif,DETECTED,True,0.0077,19,0.0247,None
Tp_S_NNN_S_N_arc00022_arc00022_01120.tif,MISSED,False,0.0054,3,0.0039,None
Tp_S_NNN_S_N_arc00024_arc00024_01098.tif,DETECTED,True,0.0153,31,0.0404,None
Tp_S_NNN_S_N_arc00026_arc00026_01096.tif,DETECTED,True,0.0202,44,0.0573,None
Tp_S_NNN_S_N_arc00027_arc00027_01095.tif,DETECTED,True,0.0103,17,0.0221,None
Tp_S_NNN_S_N_arc00028_arc00028_20118.tif,DETECTED,True,0.0635,163,0.2122,None
Tp_S_NNN_S_N_arc00029_arc00029_00249.tif,DETECTED,True,0.0090,18,0.0234,None
Tp_S_NNN_S_N_arc00029_arc00029_00777.tif,DETECTED,True,0.0101,17,0.0221,None
Tp_S_NNN_S_N_arc00029_arc00029_20119.tif,DETECTED,True,0.0086,19,0.0247,None
Tp_S_NNN_S_N_arc00032_arc00032_01092.tif,DETECTED,True,0.0147,32,0.0417,None
Tp_S_NNN_S_N_arc00034_arc00034_01090.tif,MISSED,False,0.0053,8,0.0104,None
Tp_S_NNN_S_N_arc00035_arc00035_01089.tif,MISSED,False,0.0082,11,0.0143,None
Tp_S_NNN_S_N_arc00038_arc00038_01086.tif,DETECTED,True,0.0058,12,0.0156,None
Tp_S_NNN_S_N_arc00040_arc00040_01085.tif,MISSED,False,0.0041,7,0.0091,None
Tp_S_NNN_S_N_arc00044_arc00044_00264.tif,DETECTED,True,0.0084,18,0.0234,None
Tp_S_NNN_S_N_arc00044_arc00044_01081.tif,MISSED,False,0.0046,5,0.0065,None
Tp_S_NNN_S_N_arc00046_arc00046_00266.tif,DETECTED,True,0.0152,37,0.0482,None
Tp_S_NNN_S_N_arc00046_arc00046_01080.tif,DETECTED,True,0.0086,15,0.0195,None
Tp_S_NNN_S_N_arc00048_arc00048_00780.tif,DETECTED,True,0.0160,33,0.0430,None
Tp_S_NNN_S_N_arc00048_arc00048_01078.tif,DETECTED,True,0.0203,45,0.0586,None
Tp_S_NNN_S_N_arc00054_arc00054_11927.jpg,DETECTED,True,0.0240,24,0.0312,None
Tp_S_NNN_S_N_arc00057_arc00057_01069.tif,DETECTED,True,0.0285,46,0.0599,None
Tp_S_NNN_S_N_arc00058_arc00058_01068.tif,DETECTED,True,0.0198,59,0.0768,None
Tp_S_NNN_S_N_arc00061_arc00061_01065.tif,MISSED,False,0.0049,11,0.0143,None
Tp_S_NNN_S_N_arc00062_arc00062_01064.tif,MISSED,False,0.0088,11,0.0143,None
Tp_S_NNN_S_N_arc00063_arc00063_01063.tif,DETECTED,True,0.0090,21,0.0273,None
Tp_S_NNN_S_N_arc00064_arc00064_01062.tif,DETECTED,True,0.0125,38,0.0495,None
Tp_S_NNN_S_N_arc00069_arc00069_01059.tif,DETECTED,True,0.0076,14,0.0182,None
Tp_S_NNN_S_N_arc00072_arc00072_01058.tif,MISSED,False,0.0053,9,0.0117,None
Tp_S_NNN_S_N_arc00076_arc00076_01052.tif,DETECTED,True,0.0550,112,0.1458,None
Tp_S_NNN_S_N_arc00078_arc00078_00298.tif,DETECTED,True,0.0247,84,0.1094,None
Tp_S_NNN_S_N_arc00078_arc00078_11880.jpg,DETECTED,True,0.0172,18,0.0234,None
Tp_S_NNN_S_N_arc00079_arc00079_00299.tif,DETECTED,True,0.0344,78,0.1016,None
Tp_S_NNN_S_N_arc00079_arc00079_01049.tif,DETECTED,True,0.0093,16,0.0208,None
Tp_S_NNN_S_N_arc00081_arc00081_01048.tif,MISSED,False,0.0061,9,0.0117,None
Tp_S_NNN_S_N_arc00082_arc00082_01047.tif,DETECTED,True,0.0082,12,0.0156,None
Tp_S_NNN_S_N_arc00084_arc00084_01046.tif,DETECTED,True,0.0124,31,0.0404,None
Tp_S_NNN_S_N_arc00085_arc00085_01045.tif,DETECTED,True,0.0082,14,0.0182,None
Tp_S_NNN_S_N_arc00086_arc00086_01044.tif,DETECTED,True,0.0096,15,0.0195,None
Tp_S_NNN_S_N_arc00089_arc00089_01040.tif,MISSED,False,0.0075,8,0.0104,None
Tp_S_NNN_S_N_arc00091_arc00091_00311.tif,DETECTED,True,0.0166,44,0.0573,None
Tp_S_NNN_S_N_arc00092_arc00092_11204.jpg,DETECTED,True,0.0282,70,0.0911,None
Tp_S_NNN_S_N_arc00093_arc00093_00313.tif,DETECTED,True,0.0115,25,0.0326,None
Tp_S_NNN_S_N_arc00094_arc00094_01036.tif,DETECTED,True,0.0103,16,0.0208,None
Tp_S_NNN_S_N_arc00095_arc00095_11200.jpg,DETECTED,True,0.0295,43,0.0560,None
Tp_S_NNN_S_N_arc00096_arc00096_01034.tif,DETECTED,True,0.0106,21,0.0273,None
Tp_S_NNN_S_N_arc00100_arc00100_00320.tif,MISSED,False,0.0073,11,0.0143,None
Tp_S_NNN_S_N_arc10001_arc10001_20012.jpg,DETECTED,True,0.0191,146,0.0442,None
Tp_S_NNN_S_N_arc10101_arc10101_11167.jpg,DETECTED,True,0.0234,9,0.0273,None
Tp_S_NNN_S_N_arc10101_arc10101_11168.jpg,DETECTED,True,0.0248,12,0.0364,None
Tp_S_NNN_S_N_arc10101_arc10101_11169.jpg,DETECTED,True,0.0319,20,0.0606,None
Tp_S_NNN_S_N_arc10103_arc10103_10860.jpg,DETECTED,True,0.0333,26,0.0867,None
Tp_S_NNN_S_N_arc10117_arc10117_10766.jpg,DETECTED,True,0.0314,146,0.1024,None
Tp_S_NNN_S_N_arc10118_arc10118_10759.jpg,DETECTED,True,0.0268,64,0.0449,None
Tp_S_NNN_S_N_arc10118_arc10118_10760.jpg,DETECTED,True,0.0229,40,0.0281,None
Tp_S_NNN_S_N_arc10122_arc10122_11884.jpg,DETECTED,True,0.0346,165,0.0982,None
Tp_S_NNN_S_N_arc10122_arc10122_11885.jpg,DETECTED,True,0.0328,162,0.0964,None
Tp_S_NNN_S_N_arc10122_arc10122_11886.jpg,DETECTED,True,0.0381,180,0.1071,None
Tp_S_NNN_S_N_arc20002_arc20002_01455.tif,MISSED,False,0.0050,34,0.0100,None
Tp_S_NNN_S_N_arc20002_arc20002_02150.tif,DETECTED,True,0.0150,138,0.0406,None
Tp_S_NNN_S_N_arc20002_arc20002_02465.tif,DETECTED,True,0.0051,52,0.0153,None
Tp_S_NNN_S_N_arc20003_arc20003_02466.tif,MISSED,False,0.0052,24,0.0071,None
Tp_S_NNN_S_N_arc20005_arc20005_01458.tif,DETECTED,True,0.0067,61,0.0179,None
Tp_S_NNN_S_N_arc20006_arc20006_01459.tif,DETECTED,True,0.0054,54,0.0157,None
Tp_S_NNN_S_N_arc20006_arc20006_02467.tif,MISSED,False,0.0043,29,0.0084,None
Tp_S_NNN_S_N_arc20007_arc20007_01460.tif,MISSED,False,0.0036,29,0.0077,None
Tp_S_NNN_S_N_arc20012_arc20012_01465.tif,DETECTED,True,0.0209,310,0.0969,None
Tp_S_NNN_S_N_arc20013_arc20013_01466.tif,MISSED,False,0.0037,22,0.0069,None
Tp_S_NNN_S_N_arc20013_arc20013_02157.tif,DETECTED,True,0.3818,3198,0.9994,None
Tp_S_NNN_S_N_arc20014_arc20014_01467.tif,DETECTED,True,0.0082,95,0.0297,None
Tp_S_NNN_S_N_arc20017_arc20017_01470.tif,DETECTED,True,0.0078,83,0.0259,None
Tp_S_NNN_S_N_arc20019_arc20019_02469.tif,DETECTED,True,0.0080,94,0.0294,None
Tp_S_NNN_S_N_arc20021_arc20021_01474.tif,DETECTED,True,0.0065,67,0.0209,None
Tp_S_NNN_S_N_arc20021_arc20021_02166.tif,DETECTED,True,0.0067,66,0.0206,None
Tp_S_NNN_S_N_arc20022_arc20022_02163.tif,MISSED,False,0.0046,29,0.0077,None
Tp_S_NNN_S_N_arc20023_arc20023_02164.tif,MISSED,False,0.0037,21,0.0056,None
Tp_S_NNN_S_N_arc20024_arc20024_01477.tif,MISSED,False,0.0056,51,0.0136,None
Tp_S_NNN_S_N_arc20024_arc20024_02165.tif,MISSED,False,0.0034,18,0.0048,None
Tp_S_NNN_S_N_arc20024_arc20024_02475.tif,MISSED,False,0.0035,28,0.0075,None
Tp_S_NNN_S_N_arc20028_arc20028_01481.tif,MISSED,False,0.0037,41,0.0109,None
Tp_S_NNN_S_N_arc20028_arc20028_02169.tif,DETECTED,True,0.0126,178,0.0475,None
Tp_S_NNN_S_N_arc20029_arc20029_01482.tif,DETECTED,True,0.0082,92,0.0245,None
Tp_S_NNN_S_N_arc20029_arc20029_02471.tif,DETECTED,True,0.0449,510,0.1360,None
Tp_S_NNN_S_N_arc20030_arc20030_01483.tif,MISSED,False,0.0056,48,0.0128,None
Tp_S_NNN_S_N_arc20031_arc20031_01484.tif,MISSED,False,0.0042,42,0.0112,None
Tp_S_NNN_S_N_arc20031_arc20031_02171.tif,DETECTED,True,0.0134,163,0.0435,None
Tp_S_NNN_S_N_arc20031_arc20031_02462.tif,MISSED,False,0.0049,52,0.0139,None
Tp_S_NNN_S_N_arc20032_arc20032_01485.tif,DETECTED,True,0.0116,105,0.0304,None
Tp_S_NNN_S_N_arc20035_arc20035_01488.tif,DETECTED,True,0.0139,107,0.0334,None
Tp_S_NNN_S_N_arc20036_arc20036_01489.tif,DETECTED,True,0.0073,74,0.0218,None
Tp_S_NNN_S_N_arc20037_arc20037_01490.tif,MISSED,False,0.0030,22,0.0059,None
Tp_S_NNN_S_N_arc20037_arc20037_02173.tif,MISSED,False,0.0025,21,0.0056,None
Tp_S_NNN_S_N_arc20038_arc20038_02174.tif,MISSED,False,0.0032,17,0.0053,None
Tp_S_NNN_S_N_arc20039_arc20039_01492.tif,MISSED,False,0.0054,36,0.0112,None
Tp_S_NNN_S_N_arc20041_arc20041_01494.tif,DETECTED,True,0.0138,114,0.0356,None
Tp_S_NNN_S_N_arc20041_arc20041_02177.tif,DETECTED,True,0.0083,68,0.0213,None
Tp_S_NNN_S_N_arc20044_arc20044_02180.tif,MISSED,False,0.0053,31,0.0097,None
Tp_S_NNN_S_N_arc20046_arc20046_01499.tif,DETECTED,True,0.0000,0,1.0000,None
Tp_S_NNN_S_N_arc20047_arc20047_02181.tif,DETECTED,True,0.0101,152,0.0405,None
Tp_S_NNN_S_N_arc20048_arc20048_01501.tif,MISSED,False,0.0044,46,0.0123,None
Tp_S_NNN_S_N_arc20050_arc20050_01503.tif,DETECTED,True,0.0103,34,0.0186,None
Tp_S_NNN_S_N_arc20051_arc20051_01691.tif,DETECTED,True,0.0201,116,0.0669,None
Tp_S_NNN_S_N_arc20053_arc20053_01693.tif,DETECTED,True,0.0123,43,0.0324,None
Tp_S_NNN_S_N_arc20054_arc20054_01694.tif,DETECTED,True,0.0077,24,0.0181,None
Tp_S_NNN_S_N_arc20055_arc20055_01695.tif,DETECTED,True,0.0220,123,0.0804,None
Tp_S_NNN_S_N_arc20058_arc20058_01698.tif,MISSED,False,0.0079,20,0.0143,None
Tp_S_NNN_S_N_arc20061_arc20061_01701.tif,MISSED,False,0.0055,17,0.0128,None
Tp_S_NNN_S_N_arc20062_arc20062_01702.tif,MISSED,False,0.0034,8,0.0060,None
Tp_S_NNN_S_N_arc20063_arc20063_01703.tif,DETECTED,True,0.0073,41,0.0219,None
Tp_S_NNN_S_N_arc20066_arc20066_01706.tif,DETECTED,True,0.0092,32,0.0171,None
Tp_S_NNN_S_N_arc20066_arc20066_02195.tif,DETECTED,True,0.0191,92,0.0491,None
Tp_S_NNN_S_N_arc20067_arc20067_02194.tif,DETECTED,True,0.0231,117,0.0624,None
Tp_S_NNN_S_N_arc20071_arc20071_01711.tif,MISSED,False,0.0050,6,0.0036,None
Tp_S_NNN_S_N_arc20072_arc20072_02463.tif,MISSED,False,0.0058,7,0.0042,None
Tp_S_NNN_S_N_arc20073_arc20073_01713.tif,DETECTED,True,0.0076,32,0.0152,None
Tp_S_NNN_S_N_arc20073_arc20073_02484.tif,DETECTED,True,0.0096,43,0.0205,None
Tp_S_NNN_S_N_arc20074_arc20074_01714.tif,DETECTED,True,0.0293,171,0.0912,None
Tp_S_NNN_S_N_arc20075_arc20075_01715.tif,MISSED,False,0.0079,18,0.0096,None
Tp_S_NNN_S_N_arc20081_arc20081_01721.tif,DETECTED,True,0.0092,37,0.0186,None
Tp_S_NNN_S_N_arc20082_arc20082_01722.tif,MISSED,False,0.0045,22,0.0094,None
Tp_S_NNN_S_N_arc20084_arc20084_01724.tif,DETECTED,True,0.0060,22,0.0163,None
Tp_S_NNN_S_N_arc20084_arc20084_02188.tif,MISSED,False,0.0042,15,0.0111,None
Tp_S_NNN_S_N_arc20084_arc20084_02417.tif,DETECTED,True,0.0082,36,0.0266,None
Tp_S_NNN_S_N_arc20086_arc20086_01726.tif,DETECTED,True,0.0103,51,0.0276,None
Tp_S_NNN_S_N_arc20086_arc20086_02415.tif,DETECTED,True,0.0056,34,0.0184,None
Tp_S_NNN_S_N_arc20088_arc20088_01728.tif,MISSED,False,0.0040,13,0.0096,None
Tp_S_NNN_S_N_arc20089_arc20089_01729.tif,MISSED,False,0.0056,22,0.0150,None
Tp_S_NNN_S_N_arc20091_arc20091_01731.tif,MISSED,False,0.0047,22,0.0114,None
Tp_S_NNN_S_N_arc20091_arc20091_02408.tif,MISSED,False,0.0041,18,0.0093,None
Tp_S_NNN_S_N_arc20092_arc20092_01732.tif,MISSED,False,0.0064,16,0.0076,None
Tp_S_NNN_S_N_arc20093_arc20093_01733.tif,DETECTED,True,0.0101,73,0.0195,None
Tp_S_NNN_S_N_arc20094_arc20094_02410.tif,MISSED,False,0.0038,13,0.0072,None
Tp_S_NNN_S_N_arc20095_arc20095_01735.tif,MISSED,False,0.0054,33,0.0116,None
Tp_S_NNN_S_N_arc20095_arc20095_02409.tif,DETECTED,True,0.0092,62,0.0219,None
Tp_S_NNN_S_N_arc20098_arc20098_02187.tif,MISSED,False,0.0053,22,0.0121,None
Tp_S_NNN_S_N_arc20099_arc20099_01739.tif,MISSED,False,0.0057,27,0.0148,None
Tp_S_NNN_S_N_arc20099_arc20099_02186.tif,MISSED,False,0.0041,12,0.0066,None
Tp_S_NNN_S_N_art00001_art00001_00918.tif,DETECTED,True,0.0345,91,0.1185,None
Tp_S_NNN_S_N_art00001_art00001_01192.tif,DETECTED,True,0.0409,121,0.1576,None
Tp_S_NNN_S_N_art00005_art00005_01195.tif,DETECTED,True,0.0063,13,0.0169,None
Tp_S_NNN_S_N_art00006_art00006_10752.jpg,DETECTED,True,0.0559,127,0.1654,None
Tp_S_NNN_S_N_art00006_art00006_10753.jpg,DETECTED,True,0.0400,71,0.0924,None
Tp_S_NNN_S_N_art00008_art00008_01198.tif,DETECTED,True,0.0178,43,0.0560,None
Tp_S_NNN_S_N_art00012_art00012_01202.tif,MISSED,False,0.0047,8,0.0104,None
Tp_S_NNN_S_N_art00017_art00017_00920.tif,DETECTED,True,0.0219,77,0.1003,None
Tp_S_NNN_S_N_art00018_art00018_00921.tif,DETECTED,True,0.0096,20,0.0260,None
Tp_S_NNN_S_N_art00018_art00018_01206.tif,DETECTED,True,0.0101,18,0.0234,None
Tp_S_NNN_S_N_art00020_art00020_01207.tif,DETECTED,True,0.0106,22,0.0286,None
Tp_S_NNN_S_N_art00020_art00020_01426.tif,DETECTED,True,0.0117,21,0.0273,None
Tp_S_NNN_S_N_art00021_art00021_00922.tif,MISSED,False,0.0073,8,0.0104,None
Tp_S_NNN_S_N_art00022_art00022_01209.tif,DETECTED,True,0.0535,130,0.1693,None
Tp_S_NNN_S_N_art00022_art00022_20083.jpg,DETECTED,True,0.1196,281,0.3659,None
Tp_S_NNN_S_N_art00023_art00023_01210.tif,DETECTED,True,0.0077,17,0.0221,None
Tp_S_NNN_S_N_art00024_art00024_01211.tif,DETECTED,True,0.0123,32,0.0417,None
Tp_S_NNN_S_N_art00028_art00028_10510.tif,DETECTED,True,0.0259,49,0.0638,None
Tp_S_NNN_S_N_art00028_art00028_20120.tif,DETECTED,True,0.1412,420,0.5469,None
Tp_S_NNN_S_N_art00035_art00035_00513.tif,DETECTED,True,0.0135,31,0.0404,None
Tp_S_NNN_S_N_art00035_art00035_00924.tif,DETECTED,True,0.0119,30,0.0391,None
Tp_S_NNN_S_N_art00035_art00035_01221.tif,DETECTED,True,0.0080,18,0.0234,None
Tp_S_NNN_S_N_art00036_art00036_01222.tif,DETECTED,True,0.0127,27,0.0352,None
Tp_S_NNN_S_N_art00036_art00036_01418.tif,DETECTED,True,0.0226,56,0.0729,None
Tp_S_NNN_S_N_art00038_ind00034_01416.tif,DETECTED,True,0.1617,406,0.5286,None
Tp_S_NNN_S_N_art00044_art00044_10405.tif,DETECTED,True,0.0291,78,0.1016,None
Tp_S_NNN_S_N_art00045_art00045_01223.tif,DETECTED,True,0.0092,14,0.0182,None
Tp_S_NNN_S_N_art00046_art00046_11923.jpg,DETECTED,True,0.0339,64,0.0833,None
Tp_S_NNN_S_N_art00049_art00049_01229.tif,DETECTED,True,0.0209,66,0.0859,None
Tp_S_NNN_S_N_art00050_art00050_01024.tif,DETECTED,True,0.0094,16,0.0208,None
Tp_S_NNN_S_N_art00054_art00054_01230.tif,MISSED,False,0.0085,11,0.0143,None
Tp_S_NNN_S_N_art00055_art00055_01018.tif,DETECTED,True,0.0164,42,0.0547,None
Tp_S_NNN_S_N_art00055_art00055_01231.tif,DETECTED,True,0.0121,34,0.0443,None
Tp_S_NNN_S_N_art00055_art00055_10466.tif,DETECTED,True,0.0207,55,0.0716,None
Tp_S_NNN_S_N_art00056_art00056_01404.tif,DETECTED,True,0.0255,38,0.0495,None
Tp_S_NNN_S_N_art00059_art00059_01234.tif,DETECTED,True,0.0000,0,1.0000,None
Tp_S_NNN_S_N_art00060_art00060_00526.tif,DETECTED,True,0.0287,80,0.1042,None
Tp_S_NNN_S_N_art00060_art00060_10475.tif,DETECTED,True,0.0297,81,0.1055,None
Tp_S_NNN_S_N_art00061_art00061_01399.tif,DETECTED,True,0.0240,69,0.0898,None
Tp_S_NNN_S_N_art00062_art00062_01027.tif,DETECTED,True,0.0220,43,0.0560,None
Tp_S_NNN_S_N_art00062_art00062_01398.tif,DETECTED,True,0.0208,45,0.0586,None
Tp_S_NNN_S_N_art00063_art00063_01237.tif,MISSED,False,0.0068,10,0.0130,None
Tp_S_NNN_S_N_art00064_art00064_01236.tif,DETECTED,True,0.0374,91,0.1185,None
Tp_S_NNN_S_N_art00068_art00068_01016.tif,DETECTED,True,0.2164,478,0.6224,None
Tp_S_NNN_S_N_art00072_art00072_01243.tif,MISSED,False,0.0043,9,0.0117,None
Tp_S_NNN_S_N_art00072_art00072_10523.tif,DETECTED,True,0.0221,56,0.0729,None
Tp_S_NNN_S_N_art00073_art00073_10476.tif,DETECTED,True,0.0679,201,0.2617,None
Tp_S_NNN_S_N_art00074_art00074_01013.tif,DETECTED,True,0.0294,76,0.0990,None
Tp_S_NNN_S_N_art00074_art00074_01244.tif,DETECTED,True,0.0115,24,0.0312,None
Tp_S_NNN_S_N_art00075_art00075_10514.tif,DETECTED,True,0.0236,65,0.0846,None
Tp_S_NNN_S_N_art00075_art00075_10515.tif,DETECTED,True,0.0477,121,0.1576,None
Tp_S_NNN_S_N_art00076_art00076_00530.tif,DETECTED,True,0.0801,222,0.2891,None
Tp_S_NNN_S_N_art00078_art00078_00532.tif,DETECTED,True,0.0332,116,0.1510,None
Tp_S_NNN_S_N_art00078_art00078_10479.tif,DETECTED,True,0.0848,251,0.3268,None
Tp_S_NNN_S_N_art00079_art00079_01012.tif,DETECTED,True,0.0143,23,0.0299,None
Tp_S_NNN_S_N_art00080_art00080_00928.tif,DETECTED,True,0.0120,33,0.0430,None
Tp_S_NNN_S_N_art00084_art00084_00534.tif,DETECTED,True,0.0216,50,0.0651,None
Tp_S_NNN_S_N_art00084_art00084_10522.tif,DETECTED,True,0.0187,42,0.0547,None
Tp_S_NNN_S_N_art00088_art00088_01249.tif,DETECTED,True,0.0105,29,0.0378,None
Tp_S_NNN_S_N_art00088_art00088_10325.tif,DETECTED,True,0.0127,23,0.0299,None
Tp_S_NNN_S_N_art00090_art00090_01008.tif,DETECTED,True,0.0131,24,0.0312,None
Tp_S_NNN_S_N_art00093_art00093_01251.tif,DETECTED,True,0.0104,21,0.0273,None
Tp_S_NNN_S_N_art00095_art00095_01005.tif,DETECTED,True,0.0086,28,0.0365,None
Tp_S_NNN_S_N_art00095_art00095_10434.tif,DETECTED,True,0.0218,76,0.0990,None
Tp_S_NNN_S_N_art00095_art00095_10438.tif,DETECTED,True,0.0535,197,0.2565,None
Tp_S_NNN_S_N_art00096_art00096_01004.tif,DETECTED,True,0.0240,74,0.0964,None
Tp_S_NNN_S_N_art00099_art00099_01002.tif,DETECTED,True,0.0132,27,0.0352,None
Tp_S_NNN_S_N_art00099_art00099_11714.jpg,DETECTED,True,0.0215,30,0.0391,None
Tp_S_NNN_S_N_art10002_art10002_20040.jpg,DETECTED,True,0.0242,92,0.0724,None
Tp_S_NNN_S_N_art10007_art10007_20047.jpg,DETECTED,True,0.0190,90,0.0447,None
Tp_S_NNN_S_N_art10010_art10010_20093.jpg,DETECTED,True,0.0533,340,0.1417,None
Tp_S_NNN_S_N_art10012_art10012_20096.jpg,DETECTED,True,0.0481,322,0.1342,None
Tp_S_NNN_S_N_art10013_art10013_20097.jpg,DETECTED,True,0.0486,392,0.1633,None
Tp_S_NNN_S_N_art10016_art10016_20100.jpg,DETECTED,True,0.0421,254,0.1058,None
Tp_S_NNN_S_N_art10110_art10110_11571.jpg,MISSED,False,0.0041,11,0.0143,None
Tp_S_NNN_S_N_art10111_art10111_11562.jpg,MISSED,False,0.0052,11,0.0143,None
Tp_S_NNN_S_N_art10112_art10112_11559.jpg,DETECTED,True,0.0266,58,0.0755,None
Tp_S_NNN_S_N_art10116_art10116_11529.jpg,DETECTED,True,0.0078,12,0.0156,None
Tp_S_NNN_S_N_art20004_art20004_01810.tif,DETECTED,True,0.0357,334,0.1060,None
Tp_S_NNN_S_N_art20010_art20010_01816.tif,DETECTED,True,0.0662,324,0.2443,None
Tp_S_NNN_S_N_art20011_art20011_01817.tif,DETECTED,True,0.0115,43,0.0324,None
Tp_S_NNN_S_N_art20011_art20011_02339.tif,MISSED,False,0.0029,9,0.0068,None
Tp_S_NNN_S_N_art20012_art20012_01818.tif,DETECTED,True,0.0224,135,0.1018,None
Tp_S_NNN_S_N_art20017_art20017_01823.tif,MISSED,False,0.0041,12,0.0090,None
Tp_S_NNN_S_N_art20018_art20018_01824.tif,DETECTED,True,0.0426,238,0.1706,None
Tp_S_NNN_S_N_art20019_art20019_01825.tif,MISSED,False,0.0044,18,0.0129,None
Tp_S_NNN_S_N_art20021_art20021_01827.tif,DETECTED,True,0.0089,35,0.0210,None
Tp_S_NNN_S_N_art20023_art20023_01829.tif,MISSED,False,0.0061,31,0.0104,None
Tp_S_NNN_S_N_art20024_art20024_01830.tif,DETECTED,True,0.0362,390,0.1099,None
Tp_S_NNN_S_N_art20024_art20024_02338.tif,DETECTED,True,0.0224,269,0.0758,None
Tp_S_NNN_S_N_art20027_art20027_01833.tif,DETECTED,True,0.0437,445,0.1330,None
Tp_S_NNN_S_N_art20029_art20029_01835.tif,DETECTED,True,0.0170,86,0.0539,None
Tp_S_NNN_S_N_art20030_art20030_01836.tif,DETECTED,True,0.0250,145,0.0773,None
Tp_S_NNN_S_N_art20033_art20033_01839.tif,DETECTED,True,0.0230,127,0.0810,None
Tp_S_NNN_S_N_art20034_art20034_01840.tif,DETECTED,True,0.0144,64,0.0486,None
Tp_S_NNN_S_N_art20035_art20035_01841.tif,DETECTED,True,0.0661,310,0.2839,None
Tp_S_NNN_S_N_art20036_art20036_01842.tif,DETECTED,True,0.1187,916,0.4544,None
Tp_S_NNN_S_N_art20037_art20037_02334.tif,MISSED,False,0.0051,10,0.0053,None
Tp_S_NNN_S_N_art20039_art20039_01845.tif,DETECTED,True,0.0492,652,0.1552,None
Tp_S_NNN_S_N_art20041_art20041_01847.tif,DETECTED,True,0.0269,118,0.0699,None
Tp_S_NNN_S_N_art20042_art20042_01848.tif,DETECTED,True,0.0418,316,0.1806,None
Tp_S_NNN_S_N_art20044_art20044_01850.tif,DETECTED,True,0.0459,340,0.1971,None
Tp_S_NNN_S_N_art20047_art20047_01853.tif,MISSED,False,0.0060,23,0.0131,None
Tp_S_NNN_S_N_art20047_art20047_02333.tif,DETECTED,True,0.0086,31,0.0177,None
Tp_S_NNN_S_N_art20051_art20051_02332.tif,DETECTED,True,0.0678,384,0.2327,None
Tp_S_NNN_S_N_art20054_art20054_01860.tif,DETECTED,True,0.0239,76,0.0591,None
Tp_S_NNN_S_N_art20054_art20054_02331.tif,DETECTED,True,0.0108,36,0.0280,None
Tp_S_NNN_S_N_art20056_art20056_01862.tif,DETECTED,True,0.0084,28,0.0212,None
Tp_S_NNN_S_N_art20063_art20063_01869.tif,DETECTED,True,0.0143,81,0.0408,None
Tp_S_NNN_S_N_art20069_art20069_01875.tif,DETECTED,True,0.0265,171,0.0912,None
Tp_S_NNN_S_N_art20072_art20072_01878.tif,DETECTED,True,0.0249,146,0.0604,None
Tp_S_NNN_S_N_art20074_art20074_01880.tif,DETECTED,True,0.0198,88,0.0617,None
Tp_S_NNN_S_N_art20077_art20077_01883.tif,DETECTED,True,0.0000,0,1.0000,None
Tp_S_NNN_S_N_art20080_art20080_01886.tif,DETECTED,True,0.0182,184,0.0491,None
Tp_S_NNN_S_N_art20080_art20080_02315.tif,MISSED,False,0.0057,39,0.0104,None
Tp_S_NNN_S_N_art20082_art20082_01888.tif,MISSED,False,0.0054,35,0.0131,None
Tp_S_NNN_S_N_art20083_art20083_02313.tif,MISSED,False,0.0048,37,0.0138,None
Tp_S_NNN_S_N_art20084_art20084_01890.tif,DETECTED,True,0.0187,248,0.0661,None
Tp_S_NNN_S_N_art20085_art20085_01891.tif,DETECTED,True,0.0144,143,0.0381,None
Tp_S_NNN_S_N_art20088_art20088_01894.tif,DETECTED,True,0.0220,178,0.0659,None
Tp_S_NNN_S_N_art20088_art20088_02309.tif,DETECTED,True,0.0535,454,0.1681,None
Tp_S_NNN_S_N_art20089_art20089_01895.tif,MISSED,False,0.0069,40,0.0130,None
Tp_S_NNN_S_N_art20089_art20089_02308.tif,MISSED,False,0.0044,14,0.0045,None
Tp_S_NNN_S_N_cha00001_cha00001_00321.tif,DETECTED,True,0.0127,41,0.0534,None
Tp_S_NNN_S_N_cha00002_cha00002_00837.tif,DETECTED,True,0.0132,27,0.0352,None
Tp_S_NNN_S_N_cha00004_cha00004_00838.tif,DETECTED,True,0.0102,19,0.0247,None
Tp_S_NNN_S_N_cha00005_cha00005_00325.tif,DETECTED,True,0.0084,16,0.0208,None
Tp_S_NNN_S_N_cha00008_cha00008_00840.tif,MISSED,False,0.0056,9,0.0117,None
Tp_S_NNN_S_N_cha00008_cha00008_11157.jpg,MISSED,False,0.0131,11,0.0143,None
Tp_S_NNN_S_N_cha00008_cha00008_11158.jpg,MISSED,False,0.0112,6,0.0078,None
Tp_S_NNN_S_N_cha00008_cha00008_11159.jpg,DETECTED,True,0.0238,38,0.0495,None
Tp_S_NNN_S_N_cha00008_cha00008_11160.jpg,DETECTED,True,0.0368,84,0.1094,None
Tp_S_NNN_S_N_cha00010_cha00010_00841.tif,DETECTED,True,0.0088,14,0.0182,None
Tp_S_NNN_S_N_cha00011_cha00011_00842.tif,DETECTED,True,0.0177,42,0.0547,None
Tp_S_NNN_S_N_cha00013_cha00013_00843.tif,DETECTED,True,0.0489,147,0.1914,None
Tp_S_NNN_S_N_cha00015_cha00015_00335.tif,MISSED,False,0.0065,9,0.0117,None
Tp_S_NNN_S_N_cha00015_cha00015_00844.tif,DETECTED,True,0.0076,14,0.0182,None
Tp_S_NNN_S_N_cha00017_cha00017_00337.tif,DETECTED,True,0.0146,42,0.0547,None
Tp_S_NNN_S_N_cha00017_cha00017_00845.tif,DETECTED,True,0.0166,51,0.0664,None
Tp_S_NNN_S_N_cha00018_cha00018_00846.tif,DETECTED,True,0.0563,139,0.1810,None
Tp_S_NNN_S_N_cha00019_cha00019_00339.tif,MISSED,False,0.0067,8,0.0104,None
Tp_S_NNN_S_N_cha00032_cha00032_00847.tif,DETECTED,True,0.0123,35,0.0456,None
Tp_S_NNN_S_N_cha00032_cha00032_11028.jpg,DETECTED,True,0.0205,25,0.0326,None
Tp_S_NNN_S_N_cha00033_cha00033_00848.tif,DETECTED,True,0.0081,14,0.0182,None
Tp_S_NNN_S_N_cha00036_cha00036_00356.tif,DETECTED,True,0.0144,31,0.0404,None
Tp_S_NNN_S_N_cha00036_cha00036_11735.jpg,DETECTED,True,0.0193,20,0.0260,None
Tp_S_NNN_S_N_cha00038_cha00038_11030.jpg,MISSED,False,0.0144,9,0.0117,None
Tp_S_NNN_S_N_cha00040_cha00040_00849.tif,DETECTED,True,0.0187,53,0.0690,None
Tp_S_NNN_S_N_cha00041_cha00041_00361.tif,DETECTED,True,0.0342,77,0.1003,None
Tp_S_NNN_S_N_cha00041_cha00041_00850.tif,DETECTED,True,0.0123,37,0.0482,None
Tp_S_NNN_S_N_cha00043_cha00043_00363.tif,DETECTED,True,0.0566,153,0.1992,None
Tp_S_NNN_S_N_cha00046_cha00046_00851.tif,DETECTED,True,0.0068,12,0.0156,None
Tp_S_NNN_S_N_cha00048_cha00048_00368.tif,DETECTED,True,0.0217,52,0.0677,None
Tp_S_NNN_S_N_cha00049_cha00049_00369.tif,DETECTED,True,0.0145,35,0.0456,None
Tp_S_NNN_S_N_cha00049_cha00049_11001.jpg,DETECTED,True,0.0160,14,0.0182,None
Tp_S_NNN_S_N_cha00052_cha00052_00372.tif,DETECTED,True,0.0295,92,0.1198,None
Tp_S_NNN_S_N_cha00055_cha00055_00853.tif,DETECTED,True,0.0258,73,0.0951,None
Tp_S_NNN_S_N_cha00058_cha00058_00854.tif,DETECTED,True,0.0183,50,0.0651,None
Tp_S_NNN_S_N_cha00060_cha00060_00855.tif,DETECTED,True,0.0270,70,0.0911,None
Tp_S_NNN_S_N_cha00061_cha00043_11021.jpg,DETECTED,True,0.0349,65,0.0846,None
Tp_S_NNN_S_N_cha00065_cha00065_00385.tif,DETECTED,True,0.0194,36,0.0469,None
Tp_S_NNN_S_N_cha00065_cha00065_00856.tif,DETECTED,True,0.0162,31,0.0404,None
Tp_S_NNN_S_N_cha00066_cha00066_10320.tif,DETECTED,True,0.0166,37,0.0482,None
Tp_S_NNN_S_N_cha00066_cha00066_10321.tif,DETECTED,True,0.0878,226,0.2943,None
Tp_S_NNN_S_N_cha00071_cha00071_00859.tif,DETECTED,True,0.0478,120,0.1562,None
Tp_S_NNN_S_N_cha00072_cha00072_00860.tif,DETECTED,True,0.0190,53,0.0690,None
Tp_S_NNN_S_N_cha00073_cha00073_00393.tif,DETECTED,True,0.0365,91,0.1185,None
Tp_S_NNN_S_N_cha00073_cha00073_00861.tif,DETECTED,True,0.0396,93,0.1211,None
Tp_S_NNN_S_N_cha00077_cha00077_00862.tif,DETECTED,True,0.0110,30,0.0391,None
Tp_S_NNN_S_N_cha00078_cha00078_00863.tif,DETECTED,True,0.0145,44,0.0573,None
Tp_S_NNN_S_N_cha00079_cha00079_00864.tif,DETECTED,True,0.0135,35,0.0456,None
Tp_S_NNN_S_N_cha00080_cha00080_00865.tif,DETECTED,True,0.0328,90,0.1172,None
Tp_S_NNN_S_N_cha00082_cha00082_00867.tif,MISSED,False,0.0059,10,0.0130,None
Tp_S_NNN_S_N_cha00083_cha00083_00868.tif,DETECTED,True,0.0424,101,0.1315,None
Tp_S_NNN_S_N_cha00084_cha00084_00869.tif,DETECTED,True,0.0141,44,0.0573,None
Tp_S_NNN_S_N_cha00084_cha00084_10871.jpg,DETECTED,True,0.0225,27,0.0352,None
Tp_S_NNN_S_N_cha00085_cha00085_00870.tif,MISSED,False,0.0080,9,0.0117,None
Tp_S_NNN_S_N_cha00089_cha00089_00871.tif,DETECTED,True,0.0175,44,0.0573,None
Tp_S_NNN_S_N_cha00092_cha00092_10201.tif,DETECTED,True,0.0127,27,0.0352,None
Tp_S_NNN_S_N_cha00094_cha00094_00873.tif,DETECTED,True,0.1587,368,0.4792,None
Tp_S_NNN_S_N_cha00095_cha00095_00874.tif,DETECTED,True,0.0162,48,0.0625,None
Tp_S_NNN_S_N_cha00099_cha00099_00876.tif,DETECTED,True,0.0281,77,0.1003,None
Tp_S_NNN_S_N_cha10111_cha10111_11691.jpg,DETECTED,True,0.0125,20,0.0260,None
Tp_S_NNN_S_N_cha10114_cha10114_12175.jpg,DETECTED,True,0.0580,813,0.2168,None
Tp_S_NNN_S_N_cha10116_cha10116_12171.jpg,DETECTED,True,0.0185,62,0.0200,None
Tp_S_NNN_S_N_cha10123_cha10123_12190.jpg,DETECTED,True,0.0657,704,0.2166,None
Tp_S_NNN_S_N_cha10128_cha10128_12151.jpg,DETECTED,True,0.0373,153,0.0816,None
Tp_S_NNN_S_N_cha10129_cha10129_12177.jpg,DETECTED,True,0.0282,71,0.0379,None
Tp_S_NNN_S_N_cha10135_cha10135_12205.jpg,DETECTED,True,0.0278,86,0.0459,None
Tp_S_NNN_S_N_cha10140_cha10140_12198.jpg,DETECTED,True,0.0271,68,0.0324,None
Tp_S_NNN_S_N_cha10145_cha10145_12241.jpg,DETECTED,True,0.0374,191,0.0910,None
Tp_S_NNN_S_N_cha10148_cha10148_12223.jpg,DETECTED,True,0.0205,22,0.0163,None
Tp_S_NNN_S_N_cha10151_cha10151_12219.jpg,DETECTED,True,0.0219,53,0.0412,None
Tp_S_NNN_S_N_cha10153_cha10153_12268.jpg,DETECTED,True,0.0254,84,0.0627,None
Tp_S_NNN_S_N_cha10154_cha10154_12267.jpg,DETECTED,True,0.0232,67,0.0319,None
Tp_S_NNN_S_N_cha10155_cha10155_12280.jpg,DETECTED,True,0.0276,61,0.0290,None
Tp_S_NNN_S_N_cha10158_cha10158_12262.jpg,DETECTED,True,0.0204,48,0.0261,None
Tp_S_NNN_S_N_cha10161_cha10161_12256.jpg,MISSED,False,0.0097,26,0.0107,None
Tp_S_NNN_S_N_cha10162_cha10162_12250.jpg,MISSED,False,0.0081,28,0.0113,None
Tp_S_NNN_S_N_cha10165_cha10165_12243.jpg,MISSED,False,0.0081,12,0.0048,None
Tp_S_NNN_S_N_cha10165_cha10165_12244.jpg,DETECTED,True,0.0150,102,0.0412,None
Tp_S_NNN_S_N_cha10165_cha10165_12245.jpg,DETECTED,True,0.0135,70,0.0283,None
Tp_S_NNN_S_N_cha10166_cha10166_12270.jpg,DETECTED,True,0.0301,143,0.0921,None
Tp_S_NNN_S_N_cha10171_cha10171_12281.jpg,DETECTED,True,0.0150,125,0.0352,None
Tp_S_NNN_S_N_cha10172_cha10172_12284.jpg,DETECTED,True,0.0131,96,0.0282,None
Tp_S_NNN_S_N_cha10176_cha10176_12286.jpg,DETECTED,True,0.0139,150,0.0448,None
Tp_S_NNN_S_N_cha10181_cha10181_12296.jpg,MISSED,False,0.0095,24,0.0074,None
Tp_S_NNN_S_N_cha10188_cha10188_12305.jpg,MISSED,False,0.0144,22,0.0059,None
Tp_S_NNN_S_N_cha10189_cha10189_12325.jpg,MISSED,False,0.0176,21,0.0059,None
Tp_S_NNN_S_N_cha10190_cha10190_12430.jpg,DETECTED,True,0.0165,89,0.0251,None
Tp_S_NNN_S_N_cha10193_cha10193_12320.jpg,DETECTED,True,0.0208,73,0.0258,None
Tp_S_NNN_S_N_cha10199_cha10199_12360.jpg,DETECTED,True,0.0179,99,0.0244,None
Tp_S_NNN_S_N_cha10202_cha10202_12356.jpg,DETECTED,True,0.0208,53,0.0285,None
Tp_S_NNN_S_N_cha10204_cha10204_12353.jpg,DETECTED,True,0.0231,196,0.0523,None
Tp_S_NNN_S_N_cha10205_cha10205_12349.jpg,DETECTED,True,0.0185,82,0.0219,None
Tp_S_NNN_S_N_cha10206_cha10206_12344.jpg,DETECTED,True,0.0297,172,0.0459,None
Tp_S_NNN_S_N_cha10206_cha10206_12345.jpg,DETECTED,True,0.0218,87,0.0232,None
Tp_S_NNN_S_N_cha10209_cha10209_12334.jpg,MISSED,False,0.0164,49,0.0131,None
Tp_S_NNN_S_N_cha10211_cha10211_12331.jpg,DETECTED,True,0.0209,110,0.0333,None
Tp_S_NNN_S_N_cha20004_cha20004_02003.tif,DETECTED,True,0.0000,0,1.0000,None
Tp_S_NNN_S_N_cha20005_cha20005_02004.tif,MISSED,False,0.0024,14,0.0044,None
Tp_S_NNN_S_N_cha20006_cha20006_02005.tif,DETECTED,True,0.0249,258,0.0806,None
Tp_S_NNN_S_N_cha20006_cha20006_02420.tif,DETECTED,True,0.0312,324,0.1013,None
Tp_S_NNN_S_N_cha20008_cha20008_02007.tif,DETECTED,True,0.0000,0,1.0000,None
Tp_S_NNN_S_N_cha20010_cha20010_02009.tif,DETECTED,True,0.0143,219,0.0674,None
Tp_S_NNN_S_N_cha20010_cha20010_02424.tif,DETECTED,True,0.0072,74,0.0228,None
Tp_S_NNN_S_N_cha20012_cha20012_02011.tif,DETECTED,True,0.0289,173,0.1305,None
Tp_S_NNN_S_N_cha20013_cha20013_02012.tif,MISSED,False,0.0056,16,0.0121,None
Tp_S_NNN_S_N_cha20014_cha20014_02013.tif,MISSED,False,0.0057,55,0.0147,None
Tp_S_NNN_S_N_cha20016_cha20016_02015.tif,DETECTED,True,0.0097,35,0.0187,None
Tp_S_NNN_S_N_cha20019_cha20019_02018.tif,DETECTED,True,0.0077,30,0.0210,None
Tp_S_NNN_S_N_cha20023_cha20023_02022.tif,MISSED,False,0.0041,40,0.0107,None
Tp_S_NNN_S_N_cha20024_cha20024_02023.tif,DETECTED,True,0.0114,36,0.0171,None
Tp_S_NNN_S_N_cha20026_cha20026_02025.tif,MISSED,False,0.0054,24,0.0132,None
Tp_S_NNN_S_N_cha20027_cha20027_02026.tif,MISSED,False,0.0074,44,0.0133,None
Tp_S_NNN_S_N_cha20029_cha20029_02028.tif,MISSED,False,0.0051,21,0.0063,None
Tp_S_NNN_S_N_cha20029_cha20029_02428.tif,DETECTED,True,0.0088,64,0.0191,None
Tp_S_NNN_S_N_cha20030_cha20030_02485.tif,DETECTED,True,0.0087,85,0.0250,None
Tp_S_NNN_S_N_cha20034_cha20034_02429.tif,DETECTED,True,0.0130,180,0.0618,None
Tp_S_NNN_S_N_cha20035_cha20035_02034.tif,DETECTED,True,0.0115,56,0.0361,None
Tp_S_NNN_S_N_cha20036_cha20036_02035.tif,DETECTED,True,0.0107,101,0.0408,None
Tp_S_NNN_S_N_cha20036_cha20036_02487.tif,DETECTED,True,0.0115,83,0.0335,None
Tp_S_NNN_S_N_cha20038_cha20038_02037.tif,DETECTED,True,0.0048,22,0.0171,None
Tp_S_NNN_S_N_cha20043_cha20043_02042.tif,DETECTED,True,0.0251,131,0.0659,None
Tp_S_NNN_S_N_cha20043_cha20043_02431.tif,MISSED,False,0.0026,7,0.0035,None
Tp_S_NNN_S_N_cha20044_cha20044_02043.tif,MISSED,False,0.0032,17,0.0048,None
Tp_S_NNN_S_N_cha20045_cha20045_02433.tif,DETECTED,True,0.0061,28,0.0152,None
Tp_S_NNN_S_N_cha20046_cha20046_02045.tif,DETECTED,True,0.0199,28,0.0193,None
Tp_S_NNN_S_N_cha20047_cha20047_02046.tif,DETECTED,True,0.0125,74,0.0395,None
Tp_S_NNN_S_N_cha20048_cha20048_02435.tif,DETECTED,True,0.0072,57,0.0235,None
Tp_S_NNN_S_N_ind00003_ind00003_00880.tif,MISSED,False,0.0071,9,0.0117,None
Tp_S_NNN_S_N_ind00003_ind00003_01303.tif,MISSED,False,0.0039,7,0.0091,None
Tp_S_NNN_S_N_ind00005_ind00005_00882.tif,DETECTED,True,0.0095,20,0.0260,None
Tp_S_NNN_S_N_ind00009_ind00009_00884.tif,DETECTED,True,0.0068,12,0.0156,None
Tp_S_NNN_S_N_ind00009_ind00009_01307.tif,DETECTED,True,0.0084,27,0.0352,None
Tp_S_NNN_S_N_ind00010_ind00010_01308.tif,MISSED,False,0.0050,11,0.0143,None
Tp_S_NNN_S_N_ind00012_ind00012_00886.tif,DETECTED,True,0.0049,12,0.0156,None
Tp_S_NNN_S_N_ind00013_ind00013_00887.tif,DETECTED,True,0.0105,22,0.0286,None
Tp_S_NNN_S_N_ind00015_ind00015_01313.tif,MISSED,False,0.0062,10,0.0130,None
Tp_S_NNN_S_N_ind00016_ind00016_00888.tif,MISSED,False,0.0053,9,0.0117,None
Tp_S_NNN_S_N_ind00016_ind00016_01314.tif,DETECTED,True,0.0107,25,0.0326,None
Tp_S_NNN_S_N_ind00017_ind00017_00433.tif,DETECTED,True,0.0461,116,0.1510,None
Tp_S_NNN_S_N_ind00017_ind00017_01315.tif,MISSED,False,0.0073,8,0.0104,None
Tp_S_NNN_S_N_ind00018_ind00018_10708.jpg,DETECTED,True,0.0302,48,0.0625,None
Tp_S_NNN_S_N_ind00019_ind00019_00891.tif,DETECTED,True,0.0055,13,0.0169,None
Tp_S_NNN_S_N_ind00020_ind00020_00892.tif,MISSED,False,0.0073,11,0.0143,None
Tp_S_NNN_S_N_ind00023_ind00023_10704.jpg,MISSED,False,0.0123,5,0.0065,None
Tp_S_NNN_S_N_ind00024_ind00024_01320.tif,DETECTED,True,0.0139,26,0.0339,None
Tp_S_NNN_S_N_ind00025_ind00025_00440.tif,DETECTED,True,0.0259,50,0.0651,None
Tp_S_NNN_S_N_ind00026_ind00026_00441.tif,DETECTED,True,0.0590,135,0.1758,None
Tp_S_NNN_S_N_ind00027_ind00027_00442.tif,DETECTED,True,0.0272,51,0.0664,None
Tp_S_NNN_S_N_ind00028_ind00028_11063.jpg,DETECTED,True,0.0187,16,0.0208,None
Tp_S_NNN_S_N_ind00029_ind00029_00896.tif,DETECTED,True,0.0219,58,0.0755,None
Tp_S_NNN_S_N_ind00029_ind00029_01322.tif,DETECTED,True,0.0151,45,0.0586,None
Tp_S_NNN_S_N_ind00031_ind00031_01324.tif,DETECTED,True,0.0085,14,0.0182,None
Tp_S_NNN_S_N_ind00032_ind00032_11060.jpg,DETECTED,True,0.0256,41,0.0534,None
Tp_S_NNN_S_N_ind00035_ind00035_10726.jpg,DETECTED,True,0.0213,32,0.0417,None
Tp_S_NNN_S_N_ind00040_ind00040_00897.tif,DETECTED,True,0.0071,14,0.0182,None
Tp_S_NNN_S_N_ind00040_ind00040_10880.jpg,DETECTED,True,0.0314,55,0.0716,None
Tp_S_NNN_S_N_ind00041_ind00041_00898.tif,MISSED,False,0.0049,8,0.0104,None
Tp_S_NNN_S_N_ind00041_ind00041_01331.tif,DETECTED,True,0.0084,17,0.0221,None
Tp_S_NNN_S_N_ind00042_ind00042_01332.tif,MISSED,False,0.0060,9,0.0117,None
Tp_S_NNN_S_N_ind00043_ind00043_00452.tif,DETECTED,True,0.0119,23,0.0299,None
Tp_S_NNN_S_N_ind00043_ind00043_01333.tif,MISSED,False,0.0059,4,0.0052,None
Tp_S_NNN_S_N_ind00043_ind00043_10891.jpg,DETECTED,True,0.0393,66,0.0859,None
Tp_S_NNN_S_N_ind00044_ind00044_01334.tif,DETECTED,True,0.0083,21,0.0273,None
Tp_S_NNN_S_N_ind00045_ind00045_01335.tif,DETECTED,True,0.0065,14,0.0182,None
Tp_S_NNN_S_N_ind00046_ind00046_00900.tif,MISSED,False,0.0047,8,0.0104,None
Tp_S_NNN_S_N_ind00050_ind00050_00901.tif,DETECTED,True,0.0079,16,0.0208,None
Tp_S_NNN_S_N_ind00051_ind00051_00458.tif,DETECTED,True,0.0231,56,0.0729,None
Tp_S_NNN_S_N_ind00053_ind00053_00903.tif,DETECTED,True,0.0219,48,0.0625,None
Tp_S_NNN_S_N_ind00054_ind00054_01343.tif,MISSED,False,0.0056,9,0.0117,None
Tp_S_NNN_S_N_ind00057_ind00057_10917.jpg,DETECTED,True,0.0198,16,0.0208,None
Tp_S_NNN_S_N_ind00058_ind00058_00906.tif,DETECTED,True,0.0125,32,0.0417,None
Tp_S_NNN_S_N_ind00059_ind00059_01348.tif,DETECTED,True,0.0087,26,0.0339,None
Tp_S_NNN_S_N_ind00060_ind00060_00907.tif,DETECTED,True,0.0134,34,0.0443,None
Tp_S_NNN_S_N_ind00061_ind00061_00908.tif,DETECTED,True,0.0216,51,0.0664,None
Tp_S_NNN_S_N_ind00061_ind00061_01350.tif,DETECTED,True,0.0144,33,0.0430,None
Tp_S_NNN_S_N_ind00063_ind00063_00909.tif,DETECTED,True,0.0267,76,0.0990,None
Tp_S_NNN_S_N_ind00063_ind00063_01351.tif,DETECTED,True,0.0188,51,0.0664,None
Tp_S_NNN_S_N_ind00063_ind00063_10703.jpg,DETECTED,True,0.0296,50,0.0651,None
Tp_S_NNN_S_N_ind00064_ind00064_00910.tif,DETECTED,True,0.0145,37,0.0482,None
Tp_S_NNN_S_N_ind00065_ind00065_01353.tif,DETECTED,True,0.0152,36,0.0469,None
Tp_S_NNN_S_N_ind00066_ind00066_01354.tif,DETECTED,True,0.0139,35,0.0456,None
Tp_S_NNN_S_N_ind00069_ind00069_10693.jpg,DETECTED,True,0.0241,36,0.0469,None
Tp_S_NNN_S_N_ind00071_ind00071_10939.jpg,DETECTED,True,0.0464,81,0.1055,None
Tp_S_NNN_S_N_ind00072_ind00072_01359.tif,DETECTED,True,0.0093,16,0.0208,None
Tp_S_NNN_S_N_ind00073_ind00073_01360.tif,DETECTED,True,0.0103,26,0.0339,None
Tp_S_NNN_S_N_ind00074_ind00074_10683.jpg,DETECTED,True,0.0304,54,0.0703,None
Tp_S_NNN_S_N_ind00074_ind00074_10929.jpg,DETECTED,True,0.0302,56,0.0729,None
Tp_S_NNN_S_N_ind00075_ind00075_00911.tif,DETECTED,True,0.0125,17,0.0221,None
Tp_S_NNN_S_N_ind00075_ind00075_10678.jpg,DETECTED,True,0.0410,79,0.1029,None
Tp_S_NNN_S_N_ind00076_ind00076_10682.jpg,DETECTED,True,0.0343,71,0.0924,None
Tp_S_NNN_S_N_ind00078_ind00078_10662.jpg,DETECTED,True,0.0458,80,0.1042,None
Tp_S_NNN_S_N_ind00079_ind00079_00912.tif,DETECTED,True,0.0080,15,0.0195,None
Tp_S_NNN_S_N_ind00080_ind00080_00913.tif,DETECTED,True,0.0068,12,0.0156,None
Tp_S_NNN_S_N_ind00080_ind00080_10668.jpg,DETECTED,True,0.0284,44,0.0573,None
Tp_S_NNN_S_N_ind00081_ind00081_01365.tif,MISSED,False,0.0034,2,0.0026,None
Tp_S_NNN_S_N_ind00084_ind00084_00914.tif,MISSED,False,0.0036,7,0.0091,None
Tp_S_NNN_S_N_ind00084_ind00084_01368.tif,DETECTED,True,0.0170,41,0.0534,None
Tp_S_NNN_S_N_ind00085_ind00085_00915.tif,MISSED,False,0.0055,8,0.0104,None
Tp_S_NNN_S_N_ind00087_ind00087_01371.tif,MISSED,False,0.0048,11,0.0143,None
Tp_S_NNN_S_N_ind00089_ind00089_01372.tif,DETECTED,True,0.0100,18,0.0234,None
Tp_S_NNN_S_N_ind00089_ind00089_10658.jpg,DETECTED,True,0.0265,39,0.0508,None
Tp_S_NNN_S_N_ind00093_ind00093_00916.tif,DETECTED,True,0.0158,30,0.0391,None
Tp_S_NNN_S_N_ind00094_ind00094_10654.jpg,DETECTED,True,0.1528,487,0.6341,None
Tp_S_NNN_S_N_ind00094_ind00094_10655.jpg,DETECTED,True,0.0217,25,0.0326,None
Tp_S_NNN_S_N_ind00099_ind00099_01377.tif,DETECTED,True,0.0092,31,0.0404,None
Tp_S_NNN_S_N_ind00099_ind00099_10630.jpg,DETECTED,True,0.0272,58,0.0755,None
Tp_S_NNN_S_N_ind00100_ind00100_00917.tif,DETECTED,True,0.0243,50,0.0651,None
Tp_S_NNN_S_N_ind00100_ind00100_10632.jpg,DETECTED,True,0.0393,56,0.0729,None
Tp_S_NNN_S_N_ind20003_ind20003_01744.tif,DETECTED,True,0.0140,65,0.0466,None
Tp_S_NNN_S_N_ind20004_ind20004_01745.tif,DETECTED,True,0.0164,59,0.0445,None
Tp_S_NNN_S_N_ind20004_ind20004_02264.tif,MISSED,False,0.0050,18,0.0136,None
Tp_S_NNN_S_N_ind20005_ind20005_01746.tif,MISSED,False,0.0060,23,0.0136,None
Tp_S_NNN_S_N_ind20012_ind20012_02271.tif,MISSED,False,0.0079,21,0.0127,None
Tp_S_NNN_S_N_ind20013_ind20013_02272.tif,MISSED,False,0.0063,14,0.0087,None
Tp_S_NNN_S_N_ind20015_ind20015_02273.tif,MISSED,False,0.0026,15,0.0065,None
Tp_S_NNN_S_N_ind20019_ind20019_02276.tif,DETECTED,True,0.0128,100,0.0476,None
Tp_S_NNN_S_N_ind20020_ind20020_01761.tif,DETECTED,True,0.0100,43,0.0205,None
Tp_S_NNN_S_N_ind20022_ind20022_02279.tif,MISSED,False,0.0052,36,0.0097,None
Tp_S_NNN_S_N_ind20025_ind20025_01766.tif,DETECTED,True,0.0294,285,0.1520,None
Tp_S_NNN_S_N_ind20026_ind20026_01767.tif,DETECTED,True,0.0176,40,0.0500,None
Tp_S_NNN_S_N_ind20026_ind20026_02461.tif,DETECTED,True,0.0079,14,0.0175,None
Tp_S_NNN_S_N_ind20027_ind20027_01768.tif,MISSED,False,0.0038,12,0.0084,None
Tp_S_NNN_S_N_ind20030_ind20030_02285.tif,MISSED,False,0.0032,17,0.0067,None
Tp_S_NNN_S_N_ind20031_ind20031_01772.tif,DETECTED,True,0.0191,44,0.0550,None
Tp_S_NNN_S_N_ind20033_ind20033_02287.tif,DETECTED,True,0.0091,30,0.0151,None
Tp_S_NNN_S_N_ind20035_ind20035_01776.tif,MISSED,False,0.0039,20,0.0061,None
Tp_S_NNN_S_N_ind20037_ind20037_01778.tif,DETECTED,True,0.0000,0,1.0000,None
Tp_S_NNN_S_N_ind20037_ind20037_02289.tif,DETECTED,True,0.0076,75,0.0196,None
Tp_S_NNN_S_N_ind20038_ind20038_01779.tif,DETECTED,True,0.0092,83,0.0221,None
Tp_S_NNN_S_N_ind20039_ind20039_01780.tif,DETECTED,True,0.0055,56,0.0158,None
Tp_S_NNN_S_N_ind20042_ind20042_01783.tif,MISSED,False,0.0044,23,0.0061,None
Tp_S_NNN_S_N_ind20043_ind20043_02291.tif,MISSED,False,0.0052,28,0.0075,None
Tp_S_NNN_S_N_ind20046_ind20046_01787.tif,MISSED,False,0.0048,24,0.0064,None
Tp_S_NNN_S_N_ind20046_ind20046_02294.tif,DETECTED,True,0.0062,57,0.0152,None
Tp_S_NNN_S_N_ind20050_ind20050_02296.tif,MISSED,False,0.0049,12,0.0105,None
Tp_S_NNN_S_N_ind20051_ind20051_02297.tif,MISSED,False,0.0044,16,0.0104,None
Tp_S_NNN_S_N_ind20052_ind20052_02298.tif,DETECTED,True,0.0110,26,0.0180,None
Tp_S_NNN_S_N_ind20053_ind20053_02299.tif,DETECTED,True,0.0144,38,0.0366,None
Tp_S_NNN_S_N_ind20056_ind20056_01797.tif,DETECTED,True,0.0140,189,0.0504,None
Tp_S_NNN_S_N_ind20059_ind20059_02302.tif,DETECTED,True,0.0102,32,0.0296,None
Tp_S_NNN_S_N_ind20060_ind20060_02303.tif,DETECTED,True,0.0091,23,0.0200,None
Tp_S_NNN_S_N_ind20061_ind20061_01802.tif,DETECTED,True,0.0149,62,0.0476,None
Tp_S_NNN_S_N_ind20062_ind20062_01803.tif,MISSED,False,0.0074,12,0.0128,None
Tp_S_NNN_S_N_ind20062_ind20062_02304.tif,MISSED,False,0.0066,14,0.0150,None
Tp_S_NNN_S_N_ind20063_ind20063_01804.tif,DETECTED,True,0.0310,141,0.1083,None
Tp_S_NNN_S_N_ind20064_ind20064_01805.tif,MISSED,False,0.0055,8,0.0061,None
Tp_S_NNN_S_N_ind20064_ind20064_02305.tif,DETECTED,True,0.0082,20,0.0154,None
Tp_S_NNN_S_N_nat00002_nat00002_11058.jpg,DETECTED,True,0.0328,45,0.0586,None
Tp_S_NNN_S_N_nat00005_nat00005_00625.tif,DETECTED,True,0.0202,44,0.0573,None
Tp_S_NNN_S_N_nat00008_nat00008_00628.tif,DETECTED,True,0.0850,242,0.3151,None
Tp_S_NNN_S_N_nat00009_nat00009_11091.jpg,DETECTED,True,0.0203,17,0.0221,None
Tp_S_NNN_S_N_nat00011_nat00011_00937.tif,DETECTED,True,0.0073,14,0.0182,None
Tp_S_NNN_S_N_nat00012_nat00012_00938.tif,DETECTED,True,0.0080,17,0.0221,None
Tp_S_NNN_S_N_nat00014_nat00014_00940.tif,DETECTED,True,0.0081,19,0.0247,None
Tp_S_NNN_S_N_nat00015_nat00015_11051.jpg,DETECTED,True,0.0226,28,0.0365,None
Tp_S_NNN_S_N_nat00016_nat00016_00635.tif,DETECTED,True,0.0342,103,0.1341,None
Tp_S_NNN_S_N_nat00017_nat00017_00941.tif,MISSED,False,0.0061,8,0.0104,None
Tp_S_NNN_S_N_nat00018_nat00018_10928.jpg,DETECTED,True,0.0191,24,0.0312,None
Tp_S_NNN_S_N_nat00020_nat00020_11044.jpg,DETECTED,True,0.0285,52,0.0677,None
Tp_S_NNN_S_N_nat00021_nat00021_11041.jpg,DETECTED,True,0.0167,18,0.0234,None
Tp_S_NNN_S_N_nat00021_nat00021_11043.jpg,DETECTED,True,0.0172,23,0.0299,None
Tp_S_NNN_S_N_nat00024_nat00024_20084.jpg,DETECTED,True,0.0606,197,0.2565,None
Tp_S_NNN_S_N_nat00026_nat00026_11035.jpg,DETECTED,True,0.0187,16,0.0208,None
Tp_S_NNN_S_N_nat00030_nat00030_00945.tif,DETECTED,True,0.0158,37,0.0482,None
Tp_S_NNN_S_N_nat00030_nat00030_00949.tif,DETECTED,True,0.0063,13,0.0169,None
Tp_S_NNN_S_N_nat00035_nat00035_00951.tif,DETECTED,True,0.0127,32,0.0417,None
Tp_S_NNN_S_N_nat00035_nat00035_00955.tif,DETECTED,True,0.0096,17,0.0221,None
Tp_S_NNN_S_N_nat00036_nat00036_00952.tif,DETECTED,True,0.0201,50,0.0651,None
Tp_S_NNN_S_N_nat00036_nat00036_11075.jpg,DETECTED,True,0.0219,28,0.0365,None
Tp_S_NNN_S_N_nat00037_nat00037_00004.tif,DETECTED,True,0.0131,32,0.0417,None
Tp_S_NNN_S_N_nat00037_nat00037_00953.tif,DETECTED,True,0.0240,70,0.0911,None
Tp_S_NNN_S_N_nat00042_nat00042_00656.tif,DETECTED,True,0.0189,54,0.0703,None
Tp_S_NNN_S_N_nat00043_nat00043_00657.tif,DETECTED,True,0.0331,83,0.1081,None
Tp_S_NNN_S_N_nat00044_nat00044_00658.tif,DETECTED,True,0.0267,73,0.0951,None
Tp_S_NNN_S_N_nat00045_nat00045_00659.tif,DETECTED,True,0.0299,80,0.1042,None
Tp_S_NNN_S_N_nat00046_nat00046_00965.tif,DETECTED,True,0.0096,25,0.0326,None
Tp_S_NNN_S_N_nat00047_nat00047_00966.tif,DETECTED,True,0.0279,69,0.0898,None
Tp_S_NNN_S_N_nat00048_nat00048_00967.tif,DETECTED,True,0.0466,138,0.1797,None
Tp_S_NNN_S_N_nat00050_nat00050_00660.tif,DETECTED,True,0.0271,69,0.0898,None
Tp_S_NNN_S_N_nat00050_nat00050_11066.jpg,DETECTED,True,0.0402,78,0.1016,None
Tp_S_NNN_S_N_nat00051_nat00051_00661.tif,DETECTED,True,0.0208,49,0.0638,None
Tp_S_NNN_S_N_nat00052_nat00052_00662.tif,DETECTED,True,0.0172,45,0.0586,None
Tp_S_NNN_S_N_nat00052_nat00052_11082.jpg,DETECTED,True,0.0427,95,0.1237,None
Tp_S_NNN_S_N_nat00053_nat00053_11080.jpg,DETECTED,True,0.0285,55,0.0716,None
Tp_S_NNN_S_N_nat00055_nat00055_10924.jpg,DETECTED,True,0.0251,27,0.0352,None
Tp_S_NNN_S_N_nat00056_nat00056_00664.tif,DETECTED,True,0.0193,65,0.0846,None
Tp_S_NNN_S_N_nat00057_nat00057_00970.tif,DETECTED,True,0.0171,39,0.0508,None
Tp_S_NNN_S_N_nat00058_nat00058_00665.tif,DETECTED,True,0.0328,88,0.1146,None
Tp_S_NNN_S_N_nat00061_nat00061_10562.jpg,DETECTED,True,0.0341,51,0.0664,None
Tp_S_NNN_S_N_nat00062_nat00062_00669.tif,DETECTED,True,0.0236,56,0.0729,None
Tp_S_NNN_S_N_nat00063_nat00063_00670.tif,DETECTED,True,0.0210,48,0.0625,None
Tp_S_NNN_S_N_nat00064_nat00064_00672.tif,DETECTED,True,0.0000,0,1.0000,None
Tp_S_NNN_S_N_nat00066_nat00066_00697.tif,DETECTED,True,0.0462,133,0.1732,None
Tp_S_NNN_S_N_nat00067_nat00067_10611.jpg,DETECTED,True,0.0257,31,0.0404,None
Tp_S_NNN_S_N_nat00070_nat00070_00698.tif,DETECTED,True,0.0302,87,0.1133,None
Tp_S_NNN_S_N_nat00072_nat00072_00673.tif,DETECTED,True,0.0193,45,0.0586,None
Tp_S_NNN_S_N_nat00072_nat00072_00978.tif,DETECTED,True,0.0110,22,0.0286,None
Tp_S_NNN_S_N_nat00075_nat00075_00981.tif,DETECTED,True,0.0185,51,0.0664,None
Tp_S_NNN_S_N_nat00076_nat00076_00674.tif,DETECTED,True,0.0124,30,0.0391,None
Tp_S_NNN_S_N_nat00078_nat00078_00675.tif,DETECTED,True,0.0358,96,0.1250,None
Tp_S_NNN_S_N_nat00078_nat00078_00984.tif,DETECTED,True,0.0323,75,0.0977,None
Tp_S_NNN_S_N_nat00081_nat00081_00677.tif,DETECTED,True,0.0096,18,0.0234,None
Tp_S_NNN_S_N_nat00084_nat00084_00679.tif,DETECTED,True,0.0389,113,0.1471,None
Tp_S_NNN_S_N_nat00085_nat00085_00680.tif,DETECTED,True,0.0155,24,0.0312,None
Tp_S_NNN_S_N_nat00085_nat00085_10588.jpg,DETECTED,True,0.0323,39,0.0508,None
Tp_S_NNN_S_N_nat00087_nat00087_00009.tif,DETECTED,True,0.0387,134,0.1745,None
Tp_S_NNN_S_N_nat00091_nat00091_00683.tif,DETECTED,True,0.0279,94,0.1224,None
Tp_S_NNN_S_N_nat00091_nat00091_00993.tif,DETECTED,True,0.0103,28,0.0365,None
Tp_S_NNN_S_N_nat10107_nat10107_11348.jpg,DETECTED,True,0.0092,16,0.0208,None
Tp_S_NNN_S_N_nat10117_nat10117_11342.jpg,MISSED,False,0.0030,7,0.0091,None
Tp_S_NNN_S_N_nat10120_nat10120_11340.jpg,MISSED,False,0.0050,10,0.0130,None
Tp_S_NNN_S_N_nat10132_nat10132_12141.jpg,DETECTED,True,0.0331,181,0.0644,None
Tp_S_NNN_S_N_nat10142_nat10142_11960.jpg,DETECTED,True,0.0330,124,0.0517,None
Tp_S_NNN_S_N_nat10142_nat10142_11961.jpg,DETECTED,True,0.0307,91,0.0379,None
Tp_S_NNN_S_N_nat10145_nat10145_11976.jpg,DETECTED,True,0.0676,468,0.1950,None
Tp_S_NNN_S_N_nat10146_nat10146_11992.jpg,DETECTED,True,0.0432,232,0.0967,None
Tp_S_NNN_S_N_nat10147_nat10147_11994.jpg,DETECTED,True,0.0271,105,0.0437,None
Tp_S_NNN_S_N_nat10149_nat10149_12000.jpg,DETECTED,True,0.0331,80,0.0476,None
Tp_S_NNN_S_N_nat10154_nat10154_12073.jpg,DETECTED,True,0.0339,246,0.0801,None
Tp_S_NNN_S_N_nat10155_nat10155_12114.jpg,DETECTED,True,0.0392,207,0.0862,None
Tp_S_NNN_S_N_nat10157_nat10157_12038.jpg,DETECTED,True,0.0303,120,0.0714,None
Tp_S_NNN_S_N_nat10157_nat10157_12039.jpg,DETECTED,True,0.0393,163,0.0970,None
Tp_S_NNN_S_N_nat10158_nat10158_12025.jpg,DETECTED,True,0.0267,113,0.0471,None
Tp_S_NNN_S_N_nat10161_nat10161_12078.jpg,DETECTED,True,0.0413,174,0.1036,None
Tp_S_NNN_S_N_nat10162_nat10162_12087.jpg,DETECTED,True,0.0525,220,0.1310,None
Tp_S_NNN_S_N_nat10164_nat10164_12094.jpg,DETECTED,True,0.0536,240,0.1429,None
Tp_S_NNN_S_N_nat20003_nat20003_01507.tif,DETECTED,True,0.0270,283,0.0755,None
Tp_S_NNN_S_N_nat20003_nat20003_02203.tif,DETECTED,True,0.0060,57,0.0152,None
Tp_S_NNN_S_N_nat20004_nat20004_01508.tif,DETECTED,True,0.0181,203,0.0541,None
Tp_S_NNN_S_N_nat20005_nat20005_01509.tif,DETECTED,True,0.0494,566,0.1509,None
Tp_S_NNN_S_N_nat20005_nat20005_02205.tif,MISSED,False,0.0049,50,0.0133,None
Tp_S_NNN_S_N_nat20007_nat20007_01511.tif,DETECTED,True,0.0103,130,0.0347,None
Tp_S_NNN_S_N_nat20010_nat20010_02210.tif,DETECTED,True,0.0000,0,1.0000,None
Tp_S_NNN_S_N_nat20011_nat20011_02211.tif,MISSED,False,0.0037,23,0.0072,None
Tp_S_NNN_S_N_nat20012_nat20012_02212.tif,DETECTED,True,0.0080,62,0.0194,None
Tp_S_NNN_S_N_nat20017_nat20017_02217.tif,MISSED,False,0.0033,11,0.0034,None
Tp_S_NNN_S_N_nat20021_nat20021_02221.tif,MISSED,False,0.0047,38,0.0117,None
Tp_S_NNN_S_N_nat20022_nat20022_02222.tif,DETECTED,True,0.0105,102,0.0314,None
Tp_S_NNN_S_N_nat20024_nat20024_02224.tif,DETECTED,True,0.0055,51,0.0157,None
Tp_S_NNN_S_N_nat20025_nat20025_01529.tif,DETECTED,True,0.0126,96,0.0295,None
Tp_S_NNN_S_N_nat20026_nat20026_01530.tif,MISSED,False,0.0059,42,0.0129,None
Tp_S_NNN_S_N_nat20029_nat20029_01533.tif,MISSED,False,0.0061,43,0.0137,None
Tp_S_NNN_S_N_nat20032_nat20032_02232.tif,MISSED,False,0.0050,32,0.0100,None
Tp_S_NNN_S_N_nat20033_nat20033_01537.tif,DETECTED,True,0.0096,61,0.0191,None
Tp_S_NNN_S_N_nat20035_nat20035_01539.tif,DETECTED,True,0.0136,153,0.0478,None
Tp_S_NNN_S_N_nat20036_nat20036_01540.tif,DETECTED,True,0.0145,63,0.0475,None
Tp_S_NNN_S_N_nat20036_nat20036_02234.tif,MISSED,False,0.0030,6,0.0045,None
Tp_S_NNN_S_N_nat20037_nat20037_02235.tif,DETECTED,True,0.0081,23,0.0169,None
Tp_S_NNN_S_N_nat20038_nat20038_01542.tif,DETECTED,True,0.0091,25,0.0199,None
Tp_S_NNN_S_N_nat20038_nat20038_02236.tif,DETECTED,True,0.0091,30,0.0238,None
Tp_S_NNN_S_N_nat20039_nat20039_01543.tif,DETECTED,True,0.0588,301,0.2270,None
Tp_S_NNN_S_N_nat20040_nat20040_01544.tif,DETECTED,True,0.0124,70,0.0515,None
Tp_S_NNN_S_N_nat20042_nat20042_01546.tif,DETECTED,True,0.0074,23,0.0154,None
Tp_S_NNN_S_N_nat20042_nat20042_02241.tif,DETECTED,True,0.0242,124,0.0829,None
Tp_S_NNN_S_N_nat20043_nat20043_02242.tif,DETECTED,True,0.0157,73,0.0551,None
Tp_S_NNN_S_N_nat20044_nat20044_01548.tif,DETECTED,True,0.0149,71,0.0449,None
Tp_S_NNN_S_N_nat20045_nat20045_02243.tif,DETECTED,True,0.0170,83,0.0642,None
Tp_S_NNN_S_N_nat20047_nat20047_01551.tif,DETECTED,True,0.0084,25,0.0163,None
Tp_S_NNN_S_N_nat20048_nat20048_01552.tif,DETECTED,True,0.0089,35,0.0264,None
Tp_S_NNN_S_N_nat20050_nat20050_01554.tif,DETECTED,True,0.0179,134,0.0662,None
Tp_S_NNN_S_N_nat20050_nat20050_02246.tif,MISSED,False,0.0042,24,0.0119,None
Tp_S_NNN_S_N_nat20053_nat20053_01557.tif,DETECTED,True,0.0406,209,0.1366,None
Tp_S_NNN_S_N_nat20054_nat20054_01558.tif,DETECTED,True,0.0089,41,0.0274,None
Tp_S_NNN_S_N_nat20054_nat20054_02249.tif,DETECTED,True,0.0114,54,0.0361,None
Tp_S_NNN_S_N_nat20055_nat20055_02250.tif,DETECTED,True,0.0106,54,0.0353,None
Tp_S_NNN_S_N_nat20057_nat20057_02252.tif,DETECTED,True,0.0378,193,0.1152,None
Tp_S_NNN_S_N_nat20060_nat20060_01564.tif,DETECTED,True,0.0125,69,0.0412,None
Tp_S_NNN_S_N_nat20060_nat20060_02254.tif,MISSED,False,0.0058,8,0.0048,None
Tp_S_NNN_S_N_nat20061_nat20061_01565.tif,MISSED,False,0.0070,18,0.0107,None
Tp_S_NNN_S_N_nat20061_nat20061_02255.tif,MISSED,False,0.0082,22,0.0131,None
Tp_S_NNN_S_N_nat20062_nat20062_01566.tif,DETECTED,True,0.0100,52,0.0323,None
Tp_S_NNN_S_N_nat20063_nat20063_01567.tif,DETECTED,True,0.0094,35,0.0212,None
Tp_S_NNN_S_N_nat20064_nat20064_01568.tif,DETECTED,True,0.0091,29,0.0176,None
Tp_S_NNN_S_N_nat20065_nat20065_01569.tif,DETECTED,True,0.0341,196,0.1162,None
Tp_S_NNN_S_N_nat20065_nat20065_02256.tif,DETECTED,True,0.0266,196,0.1162,None
Tp_S_NNN_S_N_nat20066_nat20066_01570.tif,DETECTED,True,0.0085,27,0.0160,None
Tp_S_NNN_S_N_nat20068_nat20067_01572.tif,DETECTED,True,0.0116,37,0.0219,None
Tp_S_NNN_S_N_nat20070_nat20070_01574.tif,DETECTED,True,0.0180,78,0.0473,None
Tp_S_NNN_S_N_nat20071_nat20071_01575.tif,DETECTED,True,0.0102,52,0.0315,None
Tp_S_NNN_S_N_nat20073_nat20073_01577.tif,DETECTED,True,0.1001,627,0.3890,None
Tp_S_NNN_S_N_nat20074_nat20074_01578.tif,DETECTED,True,0.0213,98,0.0581,None
Tp_S_NNN_S_N_nat20074_nat20074_02460.tif,MISSED,False,0.0046,9,0.0053,None
Tp_S_NNN_S_N_nat20075_nat20075_01579.tif,DETECTED,True,0.0245,151,0.0875,None
Tp_S_NNN_S_N_nat20076_nat20076_01580.tif,DETECTED,True,0.0366,295,0.1485,None
Tp_S_NNN_S_N_nat20077_nat20077_01581.tif,DETECTED,True,0.0096,79,0.0425,None
Tp_S_NNN_S_N_nat20080_nat20080_01584.tif,DETECTED,True,0.0148,78,0.0442,None
Tp_S_NNN_S_N_nat20083_nat20083_01587.tif,DETECTED,True,0.0083,49,0.0309,None
Tp_S_NNN_S_N_nat20083_nat20083_02459.tif,MISSED,False,0.0030,8,0.0051,None
Tp_S_NNN_S_N_nat20087_nat20087_01591.tif,DETECTED,True,0.0641,363,0.2145,None
Tp_S_NNN_S_N_nat20089_nat20089_01593.tif,DETECTED,True,0.0217,104,0.0633,None
Tp_S_NNN_S_N_nat20094_nat20094_01598.tif,DETECTED,True,0.0470,289,0.1867,None
Tp_S_NNN_S_N_nat20094_nat20094_02456.tif,DETECTED,True,0.0192,125,0.0807,None
Tp_S_NNN_S_N_nat20096_nat20096_01600.tif,DETECTED,True,0.0451,208,0.1204,None
Tp_S_NNN_S_N_nat20098_nat20098_02258.tif,MISSED,False,0.0093,21,0.0124,None
Tp_S_NNN_S_N_nat20098_nat20098_02454.tif,MISSED,False,0.0025,7,0.0041,None
Tp_S_NNN_S_N_nat20099_nat20099_02259.tif,DETECTED,True,0.0053,33,0.0175,None
Tp_S_NNN_S_N_nat20100_nat20100_01604.tif,DETECTED,True,0.0172,100,0.0523,None
Tp_S_NNN_S_N_pla00002_pla00002_00542.tif,DETECTED,True,0.0375,91,0.1185,None
Tp_S_NNN_S_N_pla00002_pla00002_10922.jpg,DETECTED,True,0.0354,77,0.1003,None
Tp_S_NNN_S_N_pla00003_pla00003_00543.tif,DETECTED,True,0.0501,120,0.1562,None
Tp_S_NNN_S_N_pla00005_pla00005_00545.tif,DETECTED,True,0.0950,228,0.2969,None
Tp_S_NNN_S_N_pla00008_pla00008_00547.tif,DETECTED,True,0.0184,37,0.0482,None
Tp_S_NNN_S_N_pla00008_pla00008_01130.tif,DETECTED,True,0.0946,218,0.2839,None
Tp_S_NNN_S_N_pla00011_pla00011_00550.tif,DETECTED,True,0.0224,46,0.0599,None
Tp_S_NNN_S_N_pla00011_pla00011_01133.tif,DETECTED,True,0.0715,183,0.2383,None
Tp_S_NNN_S_N_pla00012_pla00012_00551.tif,DETECTED,True,0.1232,281,0.3659,None
Tp_S_NNN_S_N_pla00013_pla00013_01134.tif,DETECTED,True,0.0434,115,0.1497,None
Tp_S_NNN_S_N_pla00013_pla00013_10966.jpg,DETECTED,True,0.0260,42,0.0547,None
Tp_S_NNN_S_N_pla00013_pla00013_20067.jpg,DETECTED,True,0.0739,184,0.2396,None
Tp_S_NNN_S_N_pla00014_pla00014_00553.tif,DETECTED,True,0.0579,127,0.1654,None
Tp_S_NNN_S_N_pla00015_pla00015_10958.jpg,DETECTED,True,0.0227,34,0.0443,None
Tp_S_NNN_S_N_pla00016_pla00016_00555.tif,DETECTED,True,0.0606,147,0.1914,None
Tp_S_NNN_S_N_pla00016_pla00016_01136.tif,DETECTED,True,0.0253,56,0.0729,None
Tp_S_NNN_S_N_pla00017_pla00017_10959.jpg,DETECTED,True,0.0572,122,0.1589,None
Tp_S_NNN_S_N_pla00018_pla00018_00556.tif,DETECTED,True,0.0502,134,0.1745,None
Tp_S_NNN_S_N_pla00018_pla00018_01138.tif,DETECTED,True,0.0572,140,0.1823,None
Tp_S_NNN_S_N_pla00020_pla00020_00558.tif,DETECTED,True,0.0647,184,0.2396,None
Tp_S_NNN_S_N_pla00020_pla00020_01140.tif,DETECTED,True,0.0295,79,0.1029,None
Tp_S_NNN_S_N_pla00021_pla00021_00559.tif,DETECTED,True,0.0281,70,0.0911,None
Tp_S_NNN_S_N_pla00021_pla00021_00942.tif,DETECTED,True,0.0340,82,0.1068,None
Tp_S_NNN_S_N_pla00022_pla00022_20085.jpg,DETECTED,True,0.1123,262,0.3411,None
Tp_S_NNN_S_N_pla00023_pla00023_00560.tif,DETECTED,True,0.0739,187,0.2435,None
Tp_S_NNN_S_N_pla00023_pla00023_20086.jpg,DETECTED,True,0.1334,347,0.4518,None
Tp_S_NNN_S_N_pla00025_pla00025_00562.tif,DETECTED,True,0.0248,54,0.0703,None
Tp_S_NNN_S_N_pla00025_pla00025_01142.tif,DETECTED,True,0.0166,49,0.0638,None
Tp_S_NNN_S_N_pla00026_pla00026_00563.tif,DETECTED,True,0.0357,90,0.1172,None
Tp_S_NNN_S_N_pla00027_pla00027_00564.tif,DETECTED,True,0.0475,111,0.1445,None
Tp_S_NNN_S_N_pla00028_pla00028_01144.tif,DETECTED,True,0.0118,30,0.0391,None
Tp_S_NNN_S_N_pla00029_pla00029_01145.tif,DETECTED,True,0.1519,362,0.4714,None
Tp_S_NNN_S_N_pla00030_pla00030_00566.tif,DETECTED,True,0.0403,100,0.1302,None
Tp_S_NNN_S_N_pla00030_pla00030_10946.jpg,DETECTED,True,0.0189,28,0.0365,None
Tp_S_NNN_S_N_pla00031_pla00031_00567.tif,DETECTED,True,0.0375,98,0.1276,None
Tp_S_NNN_S_N_pla00031_pla00031_01146.tif,DETECTED,True,0.0360,97,0.1263,None
Tp_S_NNN_S_N_pla00031_pla00031_10985.jpg,DETECTED,True,0.0211,22,0.0286,None
Tp_S_NNN_S_N_pla00032_pla00032_01147.tif,DETECTED,True,0.0100,22,0.0286,None
Tp_S_NNN_S_N_pla00033_pla00033_00568.tif,DETECTED,True,0.0706,168,0.2188,None
Tp_S_NNN_S_N_pla00033_pla00033_10999.jpg,DETECTED,True,0.0285,47,0.0612,None
Tp_S_NNN_S_N_pla00035_pla00035_00570.tif,DETECTED,True,0.0989,259,0.3372,None
Tp_S_NNN_S_N_pla00035_pla00035_01135.tif,DETECTED,True,0.4024,768,1.0000,None
Tp_S_NNN_S_N_pla00037_pla00037_01150.tif,DETECTED,True,0.0262,67,0.0872,None
Tp_S_NNN_S_N_pla00038_pla00038_00573.tif,DETECTED,True,0.0258,76,0.0990,None
Tp_S_NNN_S_N_pla00038_pla00038_01151.tif,DETECTED,True,0.0296,74,0.0964,None
Tp_S_NNN_S_N_pla00039_pla00039_00574.tif,DETECTED,True,0.0765,212,0.2760,None
Tp_S_NNN_S_N_pla00040_pla00040_00575.tif,DETECTED,True,0.0336,90,0.1172,None
Tp_S_NNN_S_N_pla00042_pla00042_00577.tif,DETECTED,True,0.0404,96,0.1250,None
Tp_S_NNN_S_N_pla00042_pla00042_01153.tif,DETECTED,True,0.0203,55,0.0716,None
Tp_S_NNN_S_N_pla00043_pla00043_00578.tif,DETECTED,True,0.0229,49,0.0638,None
Tp_S_NNN_S_N_pla00044_pla00044_00579.tif,DETECTED,True,0.1080,286,0.3724,None
Tp_S_NNN_S_N_pla00044_pla00044_01154.tif,DETECTED,True,0.0340,84,0.1094,None
Tp_S_NNN_S_N_pla00045_pla00045_01155.tif,DETECTED,True,0.0103,22,0.0286,None
Tp_S_NNN_S_N_pla00047_pla00047_00582.tif,DETECTED,True,0.0452,140,0.1823,None
Tp_S_NNN_S_N_pla00048_pla00048_00583.tif,DETECTED,True,0.0460,109,0.1419,None
Tp_S_NNN_S_N_pla00049_pla00049_00584.tif,DETECTED,True,0.0382,117,0.1523,None
Tp_S_NNN_S_N_pla00051_pla00051_00585.tif,DETECTED,True,0.0327,75,0.0977,None
Tp_S_NNN_S_N_pla00051_pla00051_01160.tif,DETECTED,True,0.0170,40,0.0521,None
Tp_S_NNN_S_N_pla00052_pla00052_00586.tif,DETECTED,True,0.0828,196,0.2552,None
Tp_S_NNN_S_N_pla00054_pla00054_00588.tif,DETECTED,True,0.0180,37,0.0482,None
Tp_S_NNN_S_N_pla00055_pla00055_01164.tif,DETECTED,True,0.0437,112,0.1458,None
Tp_S_NNN_S_N_pla00058_pla00058_01167.tif,DETECTED,True,0.1738,436,0.5677,None
Tp_S_NNN_S_N_pla00061_pla00061_00592.tif,DETECTED,True,0.0822,193,0.2513,None
Tp_S_NNN_S_N_pla00063_pla00035_00594.tif,DETECTED,True,0.1031,252,0.3281,None
Tp_S_NNN_S_N_pla00063_pla00063_01171.tif,DETECTED,True,0.0139,32,0.0417,None
Tp_S_NNN_S_N_pla00064_pla00064_00595.tif,DETECTED,True,0.0241,62,0.0807,None
Tp_S_NNN_S_N_pla00065_pla00065_00596.tif,DETECTED,True,0.0386,112,0.1458,None
Tp_S_NNN_S_N_pla00067_pla00067_00598.tif,DETECTED,True,0.0462,107,0.1393,None
Tp_S_NNN_S_N_pla00067_pla00067_01174.tif,DETECTED,True,0.0338,75,0.0977,None
Tp_S_NNN_S_N_pla00070_pla00070_00599.tif,DETECTED,True,0.1192,332,0.4323,None
Tp_S_NNN_S_N_pla00072_pla00072_00600.tif,DETECTED,True,0.0659,170,0.2214,None
Tp_S_NNN_S_N_pla00075_pla00075_10621.jpg,DETECTED,True,0.0911,211,0.2747,None
Tp_S_NNN_S_N_pla00077_pla00077_00602.tif,DETECTED,True,0.0257,60,0.0781,None
Tp_S_NNN_S_N_pla00078_pla00078_00603.tif,DETECTED,True,0.0319,85,0.1107,None
Tp_S_NNN_S_N_pla00079_pla00079_00604.tif,DETECTED,True,0.0469,134,0.1745,None
Tp_S_NNN_S_N_pla00080_pla00080_00605.tif,DETECTED,True,0.0517,121,0.1576,None
Tp_S_NNN_S_N_pla00080_pla00080_10457.tif,DETECTED,True,0.0372,90,0.1172,None
Tp_S_NNN_S_N_pla00081_pla00081_01183.tif,DETECTED,True,0.0192,45,0.0586,None
Tp_S_NNN_S_N_pla00082_pla00082_00606.tif,DETECTED,True,0.0853,199,0.2591,None
Tp_S_NNN_S_N_pla00084_pla00084_01186.tif,DETECTED,True,0.0238,49,0.0638,None
Tp_S_NNN_S_N_pla00084_pla00084_10454.tif,DETECTED,True,0.0151,31,0.0404,None
Tp_S_NNN_S_N_pla00087_pla00087_00609.tif,DETECTED,True,0.0485,112,0.1458,None
Tp_S_NNN_S_N_pla00087_pla00087_01188.tif,DETECTED,True,0.0952,240,0.3125,None
Tp_S_NNN_S_N_pla00088_pla00088_01189.tif,DETECTED,True,0.0263,69,0.0898,None
Tp_S_NNN_S_N_pla00089_pla00089_00611.tif,DETECTED,True,0.0795,180,0.2344,None
Tp_S_NNN_S_N_pla00090_pla00090_00936.tif,DETECTED,True,0.0105,33,0.0430,None
Tp_S_NNN_S_N_pla00091_pla00091_00613.tif,DETECTED,True,0.0243,68,0.0885,None
Tp_S_NNN_S_N_pla00092_pla00092_00934.tif,DETECTED,True,0.0250,63,0.0820,None
Tp_S_NNN_S_N_pla00093_pla00093_00614.tif,DETECTED,True,0.0339,94,0.1224,None
Tp_S_NNN_S_N_pla00093_pla00093_00930.tif,DETECTED,True,0.0759,209,0.2721,None
Tp_S_NNN_S_N_pla00094_pla00094_00615.tif,DETECTED,True,0.0962,298,0.3880,None
Tp_S_NNN_S_N_pla00095_pla00095_00616.tif,DETECTED,True,0.0244,61,0.0794,None
Tp_S_NNN_S_N_pla00095_pla00095_00931.tif,DETECTED,True,0.0070,12,0.0156,None
Tp_S_NNN_S_N_pla00096_pla00096_00932.tif,DETECTED,True,0.0146,32,0.0417,None
Tp_S_NNN_S_N_pla00097_pla00097_00618.tif,DETECTED,True,0.0399,89,0.1159,None
Tp_S_NNN_S_N_pla00098_pla00098_00619.tif,DETECTED,True,0.0522,147,0.1914,None
Tp_S_NNN_S_N_pla00098_pla00098_10616.jpg,DETECTED,True,0.0242,48,0.0625,None
Tp_S_NNN_S_N_pla00099_pla00099_10618.jpg,DETECTED,True,0.0255,52,0.0677,None
Tp_S_NNN_S_N_pla00100_ani00079_00540.tif,DETECTED,True,0.0995,261,0.3398,None
Tp_S_NNN_S_N_pla00100_pla00100_00933.tif,DETECTED,True,0.0470,126,0.1641,None
Tp_S_NNN_S_N_pla10128_pla10128_12139.jpg,DETECTED,True,0.0246,81,0.0338,None
Tp_S_NNN_S_N_pla20005_pla20005_01905.tif,DETECTED,True,0.0082,33,0.0176,None
Tp_S_NNN_S_N_pla20005_pla20005_02397.tif,DETECTED,True,0.0087,38,0.0203,None
Tp_S_NNN_S_N_pla20006_pla20006_01906.tif,DETECTED,True,0.0456,269,0.1435,None
Tp_S_NNN_S_N_pla20008_pla20008_01908.tif,DETECTED,True,0.0271,156,0.0832,None
Tp_S_NNN_S_N_pla20011_pla20011_01911.tif,DETECTED,True,0.0233,121,0.0733,None
Tp_S_NNN_S_N_pla20013_pla20013_01913.tif,DETECTED,True,0.0113,47,0.0285,None
Tp_S_NNN_S_N_pla20014_pla20014_01914.tif,DETECTED,True,0.0389,210,0.1273,None
Tp_S_NNN_S_N_pla20015_pla20015_01915.tif,DETECTED,True,0.0215,117,0.0694,None
Tp_S_NNN_S_N_pla20015_pla20015_02391.tif,DETECTED,True,0.0193,95,0.0563,None
Tp_S_NNN_S_N_pla20017_pla20017_01917.tif,DETECTED,True,0.0408,204,0.1218,None
Tp_S_NNN_S_N_pla20019_pla20019_01919.tif,DETECTED,True,0.0123,74,0.0492,None
Tp_S_NNN_S_N_pla20020_pla20020_01920.tif,DETECTED,True,0.0000,0,1.0000,None
Tp_S_NNN_S_N_pla20021_pla20021_02389.tif,DETECTED,True,0.0338,115,0.1173,None
Tp_S_NNN_S_N_pla20023_pla20023_02387.tif,DETECTED,True,0.0285,93,0.0949,None
Tp_S_NNN_S_N_pla20024_pla20024_01924.tif,DETECTED,True,0.0080,29,0.0213,None
Tp_S_NNN_S_N_pla20032_pla20032_01932.tif,DETECTED,True,0.0301,288,0.1146,None
Tp_S_NNN_S_N_pla20035_pla20035_02385.tif,DETECTED,True,0.0202,127,0.0736,None
Tp_S_NNN_S_N_pla20038_pla20038_01938.tif,MISSED,False,0.0051,22,0.0105,None
Tp_S_NNN_S_N_pla20039_pla20039_01939.tif,DETECTED,True,0.0063,31,0.0165,None
Tp_S_NNN_S_N_pla20040_pla20040_01940.tif,DETECTED,True,0.0113,45,0.0300,None
Tp_S_NNN_S_N_pla20043_pla20043_02382.tif,DETECTED,True,0.0113,66,0.0352,None
Tp_S_NNN_S_N_pla20044_pla20044_01944.tif,DETECTED,True,0.0798,442,0.2357,None
Tp_S_NNN_S_N_pla20045_pla20045_02381.tif,MISSED,False,0.0056,21,0.0112,None
Tp_S_NNN_S_N_pla20048_pla20048_01948.tif,DETECTED,True,0.0085,53,0.0283,None
Tp_S_NNN_S_N_pla20052_pla20052_01952.tif,DETECTED,True,0.0063,30,0.0160,None
Tp_S_NNN_S_N_pla20056_pla20056_01956.tif,DETECTED,True,0.0068,28,0.0156,None
Tp_S_NNN_S_N_pla20056_pla20056_02375.tif,MISSED,False,0.0047,18,0.0100,None
Tp_S_NNN_S_N_pla20057_pla20057_02374.tif,DETECTED,True,0.0842,377,0.2522,None
Tp_S_NNN_S_N_pla20060_pla20060_02372.tif,DETECTED,True,0.0066,59,0.0203,None
Tp_S_NNN_S_N_pla20060_pla20060_02488.tif,MISSED,False,0.0042,36,0.0124,None
Tp_S_NNN_S_N_pla20063_pla20063_01963.tif,DETECTED,True,0.0172,157,0.0602,None
Tp_S_NNN_S_N_pla20064_pla20064_02369.tif,DETECTED,True,0.0148,108,0.0438,None
Tp_S_NNN_S_N_pla20067_pla20067_02367.tif,DETECTED,True,0.0101,112,0.0339,None
Tp_S_NNN_S_N_pla20070_pla20070_01970.tif,DETECTED,True,0.0344,229,0.1090,None
Tp_S_NNN_S_N_pla20071_pla20071_02377.tif,DETECTED,True,0.0074,82,0.0278,None
Tp_S_NNN_S_N_pla20072_pla20072_01972.tif,DETECTED,True,0.0198,170,0.0522,None
Tp_S_NNN_S_N_pla20073_pla20073_01973.tif,DETECTED,True,0.0385,555,0.1730,None
Tp_S_NNN_S_N_pla20074_pla20074_01974.tif,DETECTED,True,0.0070,78,0.0208,None
Tp_S_NNN_S_N_pla20074_pla20074_02363.tif,DETECTED,True,0.0177,237,0.0632,None
Tp_S_NNN_S_N_pla20075_pla20075_01975.tif,DETECTED,True,0.0072,86,0.0229,None
Tp_S_NNN_S_N_pla20075_pla20075_02362.tif,DETECTED,True,0.0262,335,0.0893,None
Tp_S_NNN_S_N_pla20076_pla20076_01976.tif,DETECTED,True,0.0054,58,0.0155,None
Tp_S_NNN_S_N_pla20076_pla20076_02361.tif,DETECTED,True,0.0311,339,0.0904,None
Tp_S_NNN_S_N_pla20077_pla20077_01977.tif,DETECTED,True,0.0389,280,0.1136,None
Tp_S_NNN_S_N_pla20077_pla20077_02360.tif,DETECTED,True,0.0747,529,0.2147,None
Tp_S_NNN_S_N_pla20082_pla20082_02491.tif,MISSED,False,0.0023,24,0.0064,None
Tp_S_NNN_S_N_pla20085_pla20085_01985.tif,DETECTED,True,0.0113,146,0.0438,None
Tp_S_NNN_S_N_pla20086_pla20086_01986.tif,DETECTED,True,0.0108,146,0.0429,None
Tp_S_NNN_S_N_pla20087_pla20087_01987.tif,DETECTED,True,0.0072,64,0.0237,None
Tp_S_NNN_S_N_pla20087_pla20087_02355.tif,DETECTED,True,0.0446,344,0.1274,None
Tp_S_NNN_S_N_pla20087_pla20087_02490.tif,DETECTED,True,0.0157,148,0.0548,None
Tp_S_NNN_S_N_pla20089_pla20089_01989.tif,DETECTED,True,0.0087,75,0.0303,None
Tp_S_NNN_S_N_pla20095_pla20095_02347.tif,DETECTED,True,0.0540,453,0.2249,None
Tp_S_NNN_S_N_pla20096_pla20096_01996.tif,DETECTED,True,0.0195,163,0.0700,None
Tp_S_NNN_S_N_pla20096_pla20096_02346.tif,DETECTED,True,0.0081,60,0.0258,None
Tp_S_NNN_S_N_pla20097_pla20097_01997.tif,DETECTED,True,0.0068,35,0.0170,None
Tp_S_NNN_S_N_pla20098_pla20098_01998.tif,DETECTED,True,0.0104,67,0.0326,None
Tp_S_NNN_S_N_pla20100_pla20100_02342.tif,DETECTED,True,0.0687,766,0.2823,None
Tp_S_NNN_S_N_sec00001_sec00001_00768.tif,DETECTED,True,0.0224,63,0.0820,None
Tp_S_NNN_S_N_sec00002_sec00002_10786.jpg,DETECTED,True,0.0316,61,0.0794,None
Tp_S_NNN_S_N_sec00007_sec00007_10788.jpg,DETECTED,True,0.0361,76,0.0990,None
Tp_S_NNN_S_N_sec00008_sec00008_00028.tif,DETECTED,True,0.0236,59,0.0768,None
Tp_S_NNN_S_N_sec00008_sec00008_10799.jpg,DETECTED,True,0.0190,19,0.0247,None
Tp_S_NNN_S_N_sec00008_sec00008_10801.jpg,DETECTED,True,0.0219,29,0.0378,None
Tp_S_NNN_S_N_sec00008_sec00008_10802.jpg,DETECTED,True,0.0246,37,0.0482,None
Tp_S_NNN_S_N_sec00010_sec00010_10856.jpg,DETECTED,True,0.0369,69,0.0898,None
Tp_S_NNN_S_N_sec00012_sec00012_00740.tif,DETECTED,True,0.0000,0,1.0000,None
Tp_S_NNN_S_N_sec00012_sec00012_11230.jpg,DETECTED,True,0.0214,25,0.0326,None
Tp_S_NNN_S_N_sec00013_sec00013_00746.tif,MISSED,False,0.0073,11,0.0143,None
Tp_S_NNN_S_N_sec00013_sec00013_11228.jpg,DETECTED,True,0.0145,12,0.0156,None
Tp_S_NNN_S_N_sec00019_sec00019_00762.tif,DETECTED,True,0.0166,42,0.0547,None
Tp_S_NNN_S_N_sec00020_sec00020_00761.tif,DETECTED,True,0.0279,64,0.0833,None
Tp_S_NNN_S_N_sec00021_sec00021_00766.tif,DETECTED,True,0.0168,44,0.0573,None
Tp_S_NNN_S_N_sec00023_sec00023_00748.tif,MISSED,False,0.0065,9,0.0117,None
Tp_S_NNN_S_N_sec00024_sec00024_00747.tif,DETECTED,True,0.0076,13,0.0169,None
Tp_S_NNN_S_N_sec00025_sec00025_00773.tif,DETECTED,True,0.0088,17,0.0221,None
Tp_S_NNN_S_N_sec00025_sec00025_01434.tif,MISSED,False,0.0064,11,0.0143,None
Tp_S_NNN_S_N_sec00025_sec00025_10772.jpg,DETECTED,True,0.0173,14,0.0182,None
Tp_S_NNN_S_N_sec00026_sec00026_10767.jpg,DETECTED,True,0.0362,78,0.1016,None
Tp_S_NNN_S_N_sec00026_sec00026_10769.jpg,DETECTED,True,0.0157,12,0.0156,None
Tp_S_NNN_S_N_sec00026_sec00026_10774.jpg,MISSED,False,0.0158,11,0.0143,None
Tp_S_NNN_S_N_sec00027_sec00027_00048.tif,DETECTED,True,0.0358,81,0.1055,None
Tp_S_NNN_S_N_sec00027_sec00027_10789.jpg,DETECTED,True,0.0448,81,0.1055,None
Tp_S_NNN_S_N_sec00028_sec00028_00767.tif,DETECTED,True,0.0232,52,0.0677,None
Tp_S_NNN_S_N_sec00029_sec00029_00050.tif,DETECTED,True,0.0564,146,0.1901,None
Tp_S_NNN_S_N_sec00029_sec00029_00803.tif,MISSED,False,0.0056,9,0.0117,None
Tp_S_NNN_S_N_sec00029_sec00029_10798.jpg,MISSED,False,0.0148,11,0.0143,None
Tp_S_NNN_S_N_sec00031_sec00031_00765.tif,DETECTED,True,0.0103,19,0.0247,None
Tp_S_NNN_S_N_sec00032_sec00032_00053.tif,DETECTED,True,0.0165,37,0.0482,None
Tp_S_NNN_S_N_sec00032_sec00032_00750.tif,DETECTED,True,0.0073,15,0.0195,None
Tp_S_NNN_S_N_sec00034_sec00034_00802.tif,DETECTED,True,0.0134,31,0.0404,None
Tp_S_NNN_S_N_sec00035_sec00035_00056.tif,DETECTED,True,0.0094,19,0.0247,None
Tp_S_NNN_S_N_sec00035_sec00035_00801.tif,DETECTED,True,0.0199,65,0.0846,None
Tp_S_NNN_S_N_sec00035_sec00035_11249.jpg,DETECTED,True,0.0382,95,0.1237,None
Tp_S_NNN_S_N_sec00036_sec00036_00737.tif,DETECTED,True,0.0118,23,0.0299,None
Tp_S_NNN_S_N_sec00036_sec00036_10504.tif,DETECTED,True,0.0112,21,0.0273,None
Tp_S_NNN_S_N_sec00037_sec00037_00763.tif,DETECTED,True,0.0278,62,0.0807,None
Tp_S_NNN_S_N_sec00038_sec00038_00800.tif,DETECTED,True,0.0068,15,0.0195,None
Tp_S_NNN_S_N_sec00039_sec00039_00799.tif,DETECTED,True,0.0208,60,0.0781,None
Tp_S_NNN_S_N_sec00040_sec00040_00798.tif,DETECTED,True,0.0134,24,0.0312,None
Tp_S_NNN_S_N_sec00041_sec00041_00797.tif,DETECTED,True,0.0072,21,0.0273,None
Tp_S_NNN_S_N_sec00045_sec00045_00795.tif,DETECTED,True,0.0134,26,0.0339,None
Tp_S_NNN_S_N_sec00046_sec00046_00734.tif,DETECTED,True,0.0211,56,0.0729,None
Tp_S_NNN_S_N_sec00046_sec00046_00794.tif,MISSED,False,0.0073,9,0.0117,None
Tp_S_NNN_S_N_sec00047_sec00047_00793.tif,DETECTED,True,0.0239,60,0.0781,None
Tp_S_NNN_S_N_sec00048_sec00048_00792.tif,DETECTED,True,0.0072,16,0.0208,None
Tp_S_NNN_S_N_sec00049_sec00049_00791.tif,DETECTED,True,0.0111,27,0.0352,None
Tp_S_NNN_S_N_sec00053_sec00053_00733.tif,DETECTED,True,0.0052,14,0.0182,None
Tp_S_NNN_S_N_sec00054_sec00054_00790.tif,MISSED,False,0.0037,11,0.0143,None
Tp_S_NNN_S_N_sec00054_sec00055_11341.jpg,DETECTED,True,0.0273,46,0.0599,None
Tp_S_NNN_S_N_sec00055_sec00055_00789.tif,DETECTED,True,0.0039,12,0.0156,None
Tp_S_NNN_S_N_sec00056_sec00056_00732.tif,DETECTED,True,0.0124,26,0.0339,None
Tp_S_NNN_S_N_sec00064_sec00064_11259.jpg,DETECTED,True,0.0239,29,0.0378,None
Tp_S_NNN_S_N_sec00065_sec00065_00788.tif,DETECTED,True,0.0148,38,0.0495,None
Tp_S_NNN_S_N_sec00065_sec00065_10382.tif,DETECTED,True,0.0133,35,0.0456,None
Tp_S_NNN_S_N_sec00065_sec00065_10383.tif,DETECTED,True,0.0137,38,0.0495,None
Tp_S_NNN_S_N_sec00066_sec00066_00087.tif,DETECTED,True,0.0100,22,0.0286,None
Tp_S_NNN_S_N_sec00069_sec00069_00728.tif,DETECTED,True,0.0132,35,0.0486,None
Tp_S_NNN_S_N_sec00069_sec00069_00787.tif,DETECTED,True,0.0231,58,0.0806,None
Tp_S_NNN_S_N_sec00071_sec00071_11274.jpg,MISSED,False,0.0103,10,0.0130,None
Tp_S_NNN_S_N_sec00072_sec00072_10385.tif,DETECTED,True,0.0241,60,0.0781,None
Tp_S_NNN_S_N_sec00073_sec00073_10439.tif,DETECTED,True,0.0400,117,0.1523,None
Tp_S_NNN_S_N_sec00074_sec00074_00751.tif,DETECTED,True,0.0000,0,1.0000,None
Tp_S_NNN_S_N_sec00076_sec00076_00774.tif,DETECTED,True,0.0090,26,0.0339,None
Tp_S_NNN_S_N_sec00077_sec00077_00752.tif,DETECTED,True,0.0327,102,0.1328,None
Tp_S_NNN_S_N_sec00080_sec00080_00776.tif,DETECTED,True,0.0117,25,0.0326,None
Tp_S_NNN_S_N_sec00080_sec00080_10381.tif,DETECTED,True,0.0144,31,0.0404,None
Tp_S_NNN_S_N_sec00082_sec00082_10363.tif,DETECTED,True,0.0142,30,0.0391,None
Tp_S_NNN_S_N_sec00083_sec00083_00103.tif,DETECTED,True,0.0132,28,0.0365,None
Tp_S_NNN_S_N_sec00084_sec00084_00784.tif,DETECTED,True,0.0183,40,0.0521,None
Tp_S_NNN_S_N_sec00084_sec00084_10353.tif,DETECTED,True,0.0452,101,0.1315,None
Tp_S_NNN_S_N_sec00085_sec00085_00759.tif,DETECTED,True,0.0169,45,0.0586,None
Tp_S_NNN_S_N_sec00086_sec00086_00106.tif,DETECTED,True,0.0325,63,0.0820,None
Tp_S_NNN_S_N_sec00086_sec00086_00760.tif,DETECTED,True,0.0117,21,0.0273,None
Tp_S_NNN_S_N_sec00089_sec00089_00775.tif,DETECTED,True,0.0388,97,0.1263,None
Tp_S_NNN_S_N_sec00090_sec00090_00110.tif,DETECTED,True,0.0806,215,0.2799,None
Tp_S_NNN_S_N_sec00091_sec00091_00753.tif,DETECTED,True,0.0140,28,0.0365,None
Tp_S_NNN_S_N_sec00092_sec00092_00758.tif,DETECTED,True,0.0123,31,0.0404,None
Tp_S_NNN_S_N_sec00094_sec00094_00755.tif,DETECTED,True,0.0000,0,1.0000,None
Tp_S_NNN_S_N_sec00095_sec00095_00754.tif,DETECTED,True,0.0329,95,0.1237,None
Tp_S_NNN_S_N_sec00096_sec00096_00783.tif,DETECTED,True,0.0143,42,0.0547,None
Tp_S_NNN_S_N_sec00097_sec00097_00782.tif,DETECTED,True,0.0261,68,0.0885,None
Tp_S_NNN_S_N_sec00098_sec00098_10334.tif,DETECTED,True,0.0106,16,0.0208,None
Tp_S_NNN_S_N_sec00098_sec00098_10335.tif,DETECTED,True,0.0319,70,0.0911,None
Tp_S_NNN_S_N_sec00098_sec00098_10337.tif,DETECTED,True,0.0127,20,0.0260,None
Tp_S_NNN_S_N_sec00100_sec00100_00120.tif,DETECTED,True,0.0423,142,0.1849,None
Tp_S_NNN_S_N_sec00100_sec00100_00757.tif,DETECTED,True,0.0132,28,0.0365,None
Tp_S_NNN_S_N_sec20001_sec20001_02113.tif,MISSED,False,0.0036,37,0.0099,None
Tp_S_NNN_S_N_sec20003_sec20003_02453.tif,MISSED,False,0.0034,23,0.0073,None
Tp_S_NNN_S_N_sec20005_sec20005_02117.tif,MISSED,False,0.0030,15,0.0048,None
Tp_S_NNN_S_N_sec20007_sec20007_02154.tif,DETECTED,True,0.0000,0,1.0000,None
Tp_S_NNN_S_N_sec20008_sec20008_01443.tif,MISSED,False,0.0041,33,0.0105,None
Tp_S_NNN_S_N_sec20009_sec20009_01444.tif,DETECTED,True,0.0232,221,0.0687,None
Tp_S_NNN_S_N_sec20011_sec20011_02120.tif,MISSED,False,0.0057,44,0.0138,None
Tp_S_NNN_S_N_sec20012_sec20012_02121.tif,MISSED,False,0.0035,26,0.0081,None
Tp_S_NNN_S_N_sec20013_sec20013_02122.tif,MISSED,False,0.0037,21,0.0066,None
Tp_S_NNN_S_N_sec20026_sec20026_01616.tif,DETECTED,True,0.0124,33,0.0249,None
Tp_S_NNN_S_N_sec20026_sec20026_02452.tif,DETECTED,True,0.0141,53,0.0400,None
Tp_S_NNN_S_N_sec20027_sec20027_02125.tif,DETECTED,True,0.0079,30,0.0226,None
Tp_S_NNN_S_N_sec20031_sec20031_01621.tif,MISSED,False,0.0042,20,0.0095,None
Tp_S_NNN_S_N_sec20034_sec20034_01624.tif,MISSED,False,0.0063,13,0.0098,None
Tp_S_NNN_S_N_sec20035_sec20035_01625.tif,DETECTED,True,0.0067,25,0.0189,None
Tp_S_NNN_S_N_sec20035_sec20035_02451.tif,DETECTED,True,0.0147,72,0.0543,None
Tp_S_NNN_S_N_sec20036_sec20036_02450.tif,DETECTED,True,0.0125,43,0.0324,None
Tp_S_NNN_S_N_sec20038_sec20038_01628.tif,MISSED,False,0.0036,13,0.0098,None
Tp_S_NNN_S_N_sec20038_sec20038_02449.tif,DETECTED,True,0.0181,70,0.0528,None
Tp_S_NNN_S_N_sec20040_sec20040_01630.tif,DETECTED,True,0.0070,26,0.0207,None
Tp_S_NNN_S_N_sec20041_sec20041_02126.tif,DETECTED,True,0.0095,29,0.0194,None
Tp_S_NNN_S_N_sec20042_sec20042_01632.tif,DETECTED,True,0.0109,55,0.0261,None
Tp_S_NNN_S_N_sec20043_sec20043_01633.tif,MISSED,False,0.0050,13,0.0098,None
Tp_S_NNN_S_N_sec20044_sec20044_01634.tif,DETECTED,True,0.0061,42,0.0199,None
Tp_S_NNN_S_N_sec20045_sec20045_01635.tif,MISSED,False,0.0037,4,0.0030,None
Tp_S_NNN_S_N_sec20048_sec20048_02129.tif,DETECTED,True,0.0280,108,0.0814,None
Tp_S_NNN_S_N_sec20049_sec20049_01639.tif,DETECTED,True,0.0250,103,0.0777,None
Tp_S_NNN_S_N_sec20053_sec20053_01643.tif,MISSED,False,0.0052,23,0.0109,None
Tp_S_NNN_S_N_sec20054_sec20054_02132.tif,DETECTED,True,0.0087,30,0.0215,None
Tp_S_NNN_S_N_sec20055_sec20055_01645.tif,DETECTED,True,0.0252,121,0.0890,None
Tp_S_NNN_S_N_sec20056_sec20056_02133.tif,DETECTED,True,0.0221,115,0.0867,None
Tp_S_NNN_S_N_sec20060_sec20060_01650.tif,DETECTED,True,0.0065,29,0.0219,None
Tp_S_NNN_S_N_sec20061_sec20061_01651.tif,DETECTED,True,0.0083,42,0.0317,None
Tp_S_NNN_S_N_sec20065_sec20065_01655.tif,DETECTED,True,0.0000,0,1.0000,None
Tp_S_NNN_S_N_sec20067_sec20067_01657.tif,DETECTED,True,0.0392,236,0.1113,None
Tp_S_NNN_S_N_sec20071_sec20071_01661.tif,MISSED,False,0.0052,10,0.0053,None
Tp_S_NNN_S_N_sec20072_sec20072_01662.tif,DETECTED,True,0.0356,229,0.1221,None
Tp_S_NNN_S_N_sec20073_sec20073_01663.tif,MISSED,False,0.0052,12,0.0064,None
Tp_S_NNN_S_N_sec20074_sec20074_01664.tif,MISSED,False,0.0069,19,0.0101,None
Tp_S_NNN_S_N_sec20076_sec20076_01666.tif,MISSED,False,0.0084,26,0.0139,None
Tp_S_NNN_S_N_sec20078_sec20078_02144.tif,MISSED,False,0.0073,26,0.0139,None
Tp_S_NNN_S_N_sec20081_sec20081_02138.tif,DETECTED,True,0.0095,31,0.0165,None
Tp_S_NNN_S_N_sec20084_sec20084_01674.tif,DETECTED,True,0.0527,281,0.1499,None
Tp_S_NNN_S_N_sec20085_sec20085_01675.tif,MISSED,False,0.0084,19,0.0101,None
Tp_S_NNN_S_N_sec20086_sec20086_01676.tif,DETECTED,True,0.0245,127,0.0677,None
Tp_S_NNN_S_N_sec20088_sec20088_01678.tif,DETECTED,True,0.0099,34,0.0181,None
Tp_S_NNN_S_N_sec20090_sec20090_01680.tif,DETECTED,True,0.0224,111,0.0617,None
Tp_S_NNN_S_N_sec20093_sec20093_01683.tif,DETECTED,True,0.0135,93,0.0443,None
Tp_S_NNN_S_N_sec20098_sec20098_01688.tif,MISSED,False,0.0076,23,0.0128,None
Tp_S_NNN_S_N_sec20098_sec20098_02140.tif,DETECTED,True,0.0364,227,0.1261,None
Tp_S_NNN_S_N_sec20100_sec20100_02139.tif,DETECTED,True,0.0112,56,0.0267,None
Tp_S_NNN_S_N_txt00002_txt00002_00685.tif,DETECTED,True,0.0817,250,0.3255,None
Tp_S_NNN_S_N_txt00002_txt00002_01261.tif,DETECTED,True,0.1189,372,0.4844,None
Tp_S_NNN_S_N_txt00004_txt00004_01263.tif,DETECTED,True,0.0187,43,0.0560,None
Tp_S_NNN_S_N_txt00006_txt00006_10837.jpg,DETECTED,True,0.0588,117,0.1523,None
Tp_S_NNN_S_N_txt00008_txt00008_01266.tif,DETECTED,True,0.0084,18,0.0234,None
Tp_S_NNN_S_N_txt00014_txt00014_20068.jpg,DETECTED,True,0.0693,201,0.2617,None
Tp_S_NNN_S_N_txt00024_txt00024_20087.jpg,DETECTED,True,0.0477,111,0.1445,None
Tp_S_NNN_S_N_txt00045_txt00045_11323.jpg,DETECTED,True,0.0276,48,0.0625,None
Tp_S_NNN_S_N_txt00060_txt00060_01282.tif,DETECTED,True,0.0434,152,0.1979,None
Tp_S_NNN_S_N_txt00073_txt00073_01286.tif,DETECTED,True,0.0132,21,0.0273,None
Tp_S_NNN_S_N_txt00085_txt00085_00689.tif,DETECTED,True,0.0374,91,0.1185,None
Tp_S_NNN_S_N_txt00088_txt00088_01296.tif,DETECTED,True,0.0540,137,0.1784,None
Tp_S_NNN_S_N_txt00092_txt00092_11331.jpg,DETECTED,True,0.0361,75,0.0977,None
Tp_S_NNN_S_N_txt00093_txt00093_00690.tif,DETECTED,True,0.0701,178,0.2318,None
Tp_S_NNN_S_N_txt00095_txt00095_00688.tif,DETECTED,True,0.0524,118,0.1536,None
Tp_S_NNN_S_N_txt00097_txt00097_01294.tif,DETECTED,True,0.0669,175,0.2279,None
Tp_S_NNN_S_O_ani00011_ani00011_00835.tif,DETECTED,True,0.0381,105,0.1367,None
Tp_S_NNN_S_O_ani00021_ani00021_20026.jpg,DETECTED,True,0.0507,154,0.2005,None
Tp_S_NNN_S_O_ani00067_ani00067_00828.tif,DETECTED,True,0.0216,42,0.0547,None
Tp_S_NNN_S_O_ani00072_ani00072_00826.tif,DETECTED,True,0.0387,96,0.1250,None
Tp_S_NNN_S_O_ani00077_ani00077_00823.tif,DETECTED,True,0.0109,32,0.0252,None
Tp_S_NNN_S_O_arc00023_arc00023_01099.tif,DETECTED,True,0.0106,20,0.0260,None
Tp_S_NNN_S_O_arc00045_arc00045_00265.tif,DETECTED,True,0.0227,66,0.0859,None
Tp_S_NNN_S_O_art00019_art00019_20038.jpg,DETECTED,True,0.0895,276,0.3594,None
Tp_S_NNN_S_O_art10004_art10004_20042.jpg,DETECTED,True,0.0206,201,0.0609,None
Tp_S_NNN_S_O_cha00055_cha00055_11728.jpg,MISSED,False,0.0144,11,0.0143,None
Tp_S_NNN_S_O_nat00053_nat00053_00969.tif,DETECTED,True,0.0074,13,0.0169,None
Tp_S_NNN_S_O_pla00020_pla00020_20039.jpg,DETECTED,True,0.0265,66,0.0859,None
Tp_S_NNN_S_O_pla00077_pla00077_11212.jpg,DETECTED,True,0.0456,101,0.1315,None
Tp_S_NNN_S_O_pla10001_pla10001_20003.jpg,DETECTED,True,0.0292,244,0.0728,None
Tp_S_NNN_S_O_sec00043_sec00043_00796.tif,DETECTED,True,0.0440,107,0.1393,None
Tp_S_NNN_S_O_txt00039_txt00042_10831.jpg,DETECTED,True,0.0990,171,0.2227,None
Tp_S_NRD_M_B_sec00064_sec00064_00085.tif,DETECTED,True,0.0228,76,0.0990,None
Tp_S_NRD_M_N_arc10124_arc10124_11882.jpg,DETECTED,True,0.0569,437,0.1821,None
Tp_S_NRD_M_N_nat10135_nat10135_11915.jpg,DETECTED,True,0.0422,300,0.1356,None
Tp_S_NRD_S_B_ani00023_ani00023_00143.tif,DETECTED,True,0.0698,192,0.2500,None
Tp_S_NRD_S_B_ani00027_ani00027_00147.tif,DETECTED,True,0.0150,59,0.0768,None
Tp_S_NRD_S_B_ani00029_ani00029_00149.tif,DETECTED,True,0.0252,66,0.0859,None
Tp_S_NRD_S_B_ani00039_ani00039_00159.tif,DETECTED,True,0.0767,244,0.3177,None
Tp_S_NRD_S_B_ani00042_ani00042_00162.tif,DETECTED,True,0.0482,125,0.1628,None
Tp_S_NRD_S_B_ani00046_ani00046_01259.tif,DETECTED,True,0.0249,71,0.0924,None
Tp_S_NRD_S_B_ani00049_ani00049_00169.tif,DETECTED,True,0.0225,55,0.0716,None
Tp_S_NRD_S_B_ani00059_ani00059_00179.tif,DETECTED,True,0.0576,185,0.2409,None
Tp_S_NRD_S_B_ani00061_ani00061_00181.tif,DETECTED,True,0.0563,165,0.2148,None
Tp_S_NRD_S_B_ani00063_ani00063_00183.tif,DETECTED,True,0.0489,145,0.1888,None
Tp_S_NRD_S_B_ani00065_ani00065_00185.tif,DETECTED,True,0.1101,315,0.4102,None
Tp_S_NRD_S_B_ani20034_ani20034_02077.tif,DETECTED,True,0.0191,202,0.0844,None
Tp_S_NRD_S_B_arc00047_arc00047_01079.tif,DETECTED,True,0.0079,17,0.0221,None
Tp_S_NRD_S_B_arc00049_arc00049_01077.tif,DETECTED,True,0.0075,13,0.0169,None
Tp_S_NRD_S_B_arc00053_arc00053_01073.tif,DETECTED,True,0.0234,45,0.0586,None
Tp_S_NRD_S_B_arc00065_arc00065_01061.tif,DETECTED,True,0.0719,163,0.2122,None
Tp_S_NRD_S_B_arc20003_arc20003_01456.tif,DETECTED,True,0.0206,235,0.0691,None
Tp_S_NRD_S_B_arc20059_arc20059_01699.tif,DETECTED,True,0.0159,104,0.0493,None
Tp_S_NRD_S_B_arc20089_arc20089_02413.tif,DETECTED,True,0.0079,38,0.0259,None
Tp_S_NRD_S_B_art00024_art00024_00923.tif,DETECTED,True,0.0217,70,0.0911,None
Tp_S_NRD_S_B_art00070_art00070_01029.tif,DETECTED,True,0.0360,110,0.1432,None
Tp_S_NRD_S_B_art00086_art00086_01011.tif,DETECTED,True,0.0139,23,0.0299,None
Tp_S_NRD_S_B_art00089_art00089_01009.tif,DETECTED,True,0.0120,19,0.0247,None
Tp_S_NRD_S_B_art10106_art10106_11589.jpg,DETECTED,True,0.0120,21,0.0273,None
Tp_S_NRD_S_B_art20001_art20001_01807.tif,DETECTED,True,0.0172,255,0.0680,None
Tp_S_NRD_S_B_art20092_art20092_02306.tif,DETECTED,True,0.1161,1756,0.4683,None
Tp_S_NRD_S_B_cha00089_ani00013_00409.tif,DETECTED,True,0.0492,140,0.1823,None
Tp_S_NRD_S_B_cha00100_cha00100_00875.tif,MISSED,False,0.0066,26,0.0124,None
Tp_S_NRD_S_B_cha20032_cha20032_02486.tif,MISSED,False,0.0061,39,0.0116,None
Tp_S_NRD_S_B_cha20044_nat20042_02432.tif,DETECTED,True,0.0434,668,0.1882,None
Tp_S_NRD_S_B_ind00038_ind00038_01329.tif,DETECTED,True,0.0125,30,0.0391,None
Tp_S_NRD_S_B_ind00051_ind00051_00902.tif,DETECTED,True,0.0176,39,0.0508,None
Tp_S_NRD_S_B_ind20017_ind20017_02274.tif,DETECTED,True,0.0233,147,0.1142,None
Tp_S_NRD_S_B_ind20035_ind20035_02288.tif,MISSED,False,0.0061,38,0.0116,None
Tp_S_NRD_S_B_ind20058_ind20058_02301.tif,DETECTED,True,0.0166,58,0.0435,None
Tp_S_NRD_S_B_nat00038_nat00038_00957.tif,DETECTED,True,0.0184,53,0.0690,None
Tp_S_NRD_S_B_nat00088_nat00088_00996.tif,DETECTED,True,0.1475,434,0.5651,None
Tp_S_NRD_S_B_pla20048_pla20048_02379.tif,MISSED,False,0.0044,24,0.0128,None
Tp_S_NRD_S_B_pla20089_nat20043_02353.tif,DETECTED,True,0.0067,61,0.0246,None
Tp_S_NRD_S_B_sec00001_sec00001_00021.tif,DETECTED,True,0.0380,100,0.1302,None
Tp_S_NRD_S_B_sec00001_sec00001_01431.tif,DETECTED,True,0.0163,50,0.0651,None
Tp_S_NRD_S_B_sec00066_sec00066_00744.tif,DETECTED,True,0.0308,50,0.0651,None
Tp_S_NRD_S_B_sec00089_sec00089_01435.tif,DETECTED,True,0.0100,16,0.0208,None
Tp_S_NRD_S_B_sec20033_sec20033_01623.tif,DETECTED,True,0.0206,103,0.0777,None
Tp_S_NRD_S_B_sec20058_sec20058_02147.tif,DETECTED,True,0.0076,31,0.0222,None
Tp_S_NRD_S_B_sec20066_sec20066_01656.tif,DETECTED,True,0.0090,84,0.0396,None
Tp_S_NRD_S_B_sec20070_sec20070_01660.tif,DETECTED,True,0.0097,27,0.0189,None
Tp_S_NRD_S_N_ani00001_ani00001_00014.tif,DETECTED,True,0.0432,80,0.1042,None
Tp_S_NRD_S_N_ani00013_ani00013_00133.tif,DETECTED,True,0.0718,216,0.2812,None
Tp_S_NRD_S_N_ani00019_ani00019_00139.tif,DETECTED,True,0.0322,103,0.1341,None
Tp_S_NRD_S_N_ani00064_ani00064_00184.tif,DETECTED,True,0.0333,95,0.1237,None
Tp_S_NRD_S_N_ani00078_ani00078_00822.tif,DETECTED,True,0.0719,214,0.2786,None
Tp_S_NRD_S_N_ani00081_ani00081_00201.tif,DETECTED,True,0.0237,59,0.0768,None
Tp_S_NRD_S_N_ani00095_ani00095_01255.tif,DETECTED,True,0.0488,120,0.1562,None
Tp_S_NRD_S_N_ani00100_ani00100_00220.tif,DETECTED,True,0.0479,145,0.1888,None
Tp_S_NRD_S_N_ani20011_ani20011_02054.tif,DETECTED,True,0.0345,191,0.1061,None
Tp_S_NRD_S_N_ani20066_ani20066_02108.tif,DETECTED,True,0.0000,0,1.0000,None
Tp_S_NRD_S_N_arc00006_arc00006_01122.tif,MISSED,False,0.0049,7,0.0091,None
Tp_S_NRD_S_N_arc00011_arc00011_11150.jpg,DETECTED,True,0.0400,77,0.1003,None
Tp_S_NRD_S_N_arc00042_arc00042_01083.tif,MISSED,False,0.0057,9,0.0117,None
Tp_S_NRD_S_N_arc00043_arc00043_00263.tif,DETECTED,True,0.0069,19,0.0247,None
Tp_S_NRD_S_N_arc00043_arc00043_01082.tif,MISSED,False,0.0040,7,0.0091,None
Tp_S_NRD_S_N_arc00057_arc00057_00277.tif,DETECTED,True,0.0288,47,0.0612,None
Tp_S_NRD_S_N_arc00059_arc00059_01067.tif,MISSED,False,0.0067,11,0.0143,None
Tp_S_NRD_S_N_arc00067_arc00067_01060.tif,DETECTED,True,0.0122,29,0.0378,None
Tp_S_NRD_S_N_arc00071_arc00071_01056.tif,DETECTED,True,0.0140,31,0.0404,None
Tp_S_NRD_S_N_arc10121_arc10121_12106.jpg,DETECTED,True,0.0191,79,0.0211,None
Tp_S_NRD_S_N_arc10123_arc10123_11926.jpg,DETECTED,True,0.0229,67,0.0399,None
Tp_S_NRD_S_N_arc20079_arc20079_01719.tif,DETECTED,True,0.0000,0,1.0000,None
Tp_S_NRD_S_N_arc20101_arc20101_01741.tif,DETECTED,True,0.0094,86,0.0261,None
Tp_S_NRD_S_N_art00026_art00026_01213.tif,MISSED,False,0.0057,5,0.0065,None
Tp_S_NRD_S_N_art00041_art00041_00925.tif,DETECTED,True,0.0243,61,0.0794,None
Tp_S_NRD_S_N_art00073_art00073_01014.tif,DETECTED,True,0.1720,466,0.6068,None
Tp_S_NRD_S_N_art00089_art00089_10339.tif,DETECTED,True,0.0433,139,0.1810,None
Tp_S_NRD_S_N_art00089_art00089_10340.tif,DETECTED,True,0.0583,187,0.2435,None
Tp_S_NRD_S_N_art10109_art10109_11573.jpg,DETECTED,True,0.0068,20,0.0260,None
Tp_S_NRD_S_N_art20006_art20006_02498.tif,MISSED,False,0.0031,21,0.0067,None
Tp_S_NRD_S_N_art20008_art20008_01814.tif,DETECTED,True,0.0090,37,0.0279,None
Tp_S_NRD_S_N_art20045_art20045_01851.tif,DETECTED,True,0.0070,35,0.0200,None
Tp_S_NRD_S_N_art20055_art20055_01861.tif,DETECTED,True,0.0158,89,0.0658,None
Tp_S_NRD_S_N_art20081_art20081_01887.tif,DETECTED,True,0.0119,113,0.0301,None
Tp_S_NRD_S_N_cha00005_cha00005_00839.tif,DETECTED,True,0.0103,21,0.0273,None
Tp_S_NRD_S_N_cha00011_cha00011_10308.tif,DETECTED,True,0.0177,39,0.0508,None
Tp_S_NRD_S_N_cha00060_cha00060_11024.jpg,DETECTED,True,0.0146,19,0.0247,None
Tp_S_NRD_S_N_cha00066_cha00066_00857.tif,DETECTED,True,0.0174,71,0.0924,None
Tp_S_NRD_S_N_cha00069_cha00069_00389.tif,DETECTED,True,0.0210,58,0.0755,None
Tp_S_NRD_S_N_cha00081_cha00081_00866.tif,DETECTED,True,0.0407,112,0.1458,None
Tp_S_NRD_S_N_cha00084_cha00084_00879.tif,DETECTED,True,0.0120,36,0.0469,None
Tp_S_NRD_S_N_cha00090_cha00090_00410.tif,DETECTED,True,0.0202,58,0.0755,None
Tp_S_NRD_S_N_cha00091_cha00091_00872.tif,DETECTED,True,0.0391,79,0.1029,None
Tp_S_NRD_S_N_cha10123_cha10123_12189.jpg,DETECTED,True,0.0245,180,0.0554,None
Tp_S_NRD_S_N_cha10154_cha10154_12266.jpg,DETECTED,True,0.0265,88,0.0419,None
Tp_S_NRD_S_N_cha20041_cha20041_02040.tif,DETECTED,True,0.0160,84,0.0400,None
Tp_S_NRD_S_N_cha20048_cha20048_02047.tif,MISSED,False,0.0059,33,0.0136,None
Tp_S_NRD_S_N_ind00006_ind00006_01304.tif,DETECTED,True,0.0123,36,0.0469,None
Tp_S_NRD_S_N_ind00007_ind00007_10418.tif,DETECTED,True,0.0292,72,0.0938,None
Tp_S_NRD_S_N_ind00011_ind00011_01309.tif,DETECTED,True,0.0074,14,0.0182,None
Tp_S_NRD_S_N_ind00014_ind00014_01312.tif,MISSED,False,0.0048,9,0.0117,None
Tp_S_NRD_S_N_ind00020_ind00020_01318.tif,MISSED,False,0.0062,7,0.0091,None
Tp_S_NRD_S_N_ind00028_ind00028_00895.tif,DETECTED,True,0.0114,23,0.0299,None
Tp_S_NRD_S_N_ind00054_ind00054_00904.tif,DETECTED,True,0.0142,26,0.0339,None
Tp_S_NRD_S_N_ind00081_ind00081_10670.jpg,DETECTED,True,0.0248,49,0.0638,None
Tp_S_NRD_S_N_ind00083_ind00083_10671.jpg,DETECTED,True,0.0281,51,0.0664,None
Tp_S_NRD_S_N_ind00085_ind00085_00482.tif,DETECTED,True,0.0263,59,0.0768,None
Tp_S_NRD_S_N_ind00085_ind00085_01369.tif,DETECTED,True,0.0133,31,0.0404,None
Tp_S_NRD_S_N_ind20021_ind20021_02278.tif,MISSED,False,0.0066,31,0.0148,None
Tp_S_NRD_S_N_ind20034_ind20034_01775.tif,MISSED,False,0.0032,32,0.0085,None
Tp_S_NRD_S_N_ind20060_ind20060_01801.tif,DETECTED,True,0.0332,141,0.1226,None
Tp_S_NRD_S_N_nat00028_nat00028_00644.tif,DETECTED,True,0.0606,129,0.1680,None
Tp_S_NRD_S_N_nat00069_nat00069_00976.tif,DETECTED,True,0.0350,101,0.1315,None
Tp_S_NRD_S_N_pla00040_pla00040_01152.tif,DETECTED,True,0.0131,33,0.0430,None
Tp_S_NRD_S_N_pla00059_pla00059_00591.tif,DETECTED,True,0.0519,136,0.1771,None
Tp_S_NRD_S_N_pla20003_pla20003_01903.tif,DETECTED,True,0.0397,691,0.1843,None
Tp_S_NRD_S_N_pla20007_pla20007_01907.tif,DETECTED,True,0.2371,3241,0.7717,None
Tp_S_NRD_S_N_pla20018_pla20018_01918.tif,DETECTED,True,0.0122,60,0.0358,None
Tp_S_NRD_S_N_pla20018_pla20018_02489.tif,DETECTED,True,0.0109,66,0.0394,None
Tp_S_NRD_S_N_pla20019_pla20019_02390.tif,MISSED,False,0.0038,14,0.0093,None
Tp_S_NRD_S_N_pla20059_pla20059_02373.tif,DETECTED,True,0.0259,249,0.0846,None
Tp_S_NRD_S_N_pla20071_pla20071_01971.tif,DETECTED,True,0.0000,0,1.0000,None
Tp_S_NRD_S_N_pla20081_pla20081_01981.tif,DETECTED,True,0.0072,85,0.0253,None
Tp_S_NRD_S_N_sec00017_sec00017_00772.tif,DETECTED,True,0.0340,91,0.1185,None
Tp_S_NRD_S_N_sec00053_sec00053_00074.tif,DETECTED,True,0.0176,63,0.0820,None
Tp_S_NRD_S_N_sec20063_sec20063_01653.tif,DETECTED,True,0.0319,589,0.1571,None
Tp_S_NRD_S_N_sec20097_sec20097_01687.tif,DETECTED,True,0.0167,95,0.0452,None
Tp_S_NRD_S_N_sec20097_sec20097_02141.tif,DETECTED,True,0.0090,32,0.0152,None
Tp_S_NRD_S_O_arc00035_arc00035_01100.tif,DETECTED,True,0.0093,16,0.0208,None
Tp_S_NRD_S_O_art00052_art00052_00927.tif,DETECTED,True,0.0565,154,0.2005,None
Tp_S_NRD_S_O_nat00039_nat00039_00964.tif,DETECTED,True,0.0101,15,0.0195,None
Tp_S_NRD_S_O_pla20057_pla20057_01957.tif,DETECTED,True,0.0085,32,0.0214,None
Tp_S_NRN_M_B_ani00029_ani00029_20121.jpg,DETECTED,True,0.0856,248,0.3229,None
Tp_S_NRN_M_B_arc00082_arc00082_11521.jpg,DETECTED,True,0.0849,241,0.3138,None
Tp_S_NRN_M_B_cha10125_cha10125_12162.jpg,DETECTED,True,0.0605,276,0.2081,None
Tp_S_NRN_M_B_pla00041_pla00041_10977.jpg,DETECTED,True,0.0424,86,0.1120,None
Tp_S_NRN_M_B_sec00032_sec00032_11252.jpg,DETECTED,True,0.0278,43,0.0560,None
Tp_S_NRN_M_N_ani00076_ani00076_10502.tif,DETECTED,True,0.0438,113,0.1471,None
Tp_S_NRN_M_N_ani10165_ani10165_12491.jpg,DETECTED,True,0.0908,282,0.2778,None
Tp_S_NRN_M_N_ani10216_ani10216_12388.jpg,DETECTED,True,0.0443,163,0.1052,None
Tp_S_NRN_M_N_arc00004_arc00004_11174.jpg,DETECTED,True,0.0413,118,0.1536,None
Tp_S_NRN_M_N_arc00055_arc00055_10392.tif,DETECTED,True,0.1336,351,0.4570,None
Tp_S_NRN_M_N_arc00056_arc00056_10393.tif,DETECTED,True,0.2346,555,0.7227,None
Tp_S_NRN_M_N_arc00078_arc00078_11878.jpg,DETECTED,True,0.0356,66,0.0859,None
Tp_S_NRN_M_N_arc00082_arc00082_11520.jpg,DETECTED,True,0.0293,73,0.0951,None
Tp_S_NRN_M_N_arc10125_arc10125_11887.jpg,DETECTED,True,0.0675,517,0.1746,None
Tp_S_NRN_M_N_art00002_art00002_10715.jpg,DETECTED,True,0.0723,180,0.2344,None
Tp_S_NRN_M_N_art00015_art00015_10272.tif,DETECTED,True,0.0755,149,0.1940,None
Tp_S_NRN_M_N_art00023_art00023_10738.jpg,DETECTED,True,0.0864,178,0.2318,None
Tp_S_NRN_M_N_art00025_art00025_10550.tif,DETECTED,True,0.0478,100,0.1302,None
Tp_S_NRN_M_N_art00030_art00030_10470.tif,DETECTED,True,0.2196,515,0.6706,None
Tp_S_NRN_M_N_art00036_art00036_10474.tif,DETECTED,True,0.1392,350,0.4557,None
Tp_S_NRN_M_N_art00041_art00041_10544.tif,DETECTED,True,0.0265,63,0.0820,None
Tp_S_NRN_M_N_art00042_art00042_10543.tif,DETECTED,True,0.0898,302,0.3932,None
Tp_S_NRN_M_N_art00045_art00045_10748.jpg,DETECTED,True,0.0617,165,0.2148,None
Tp_S_NRN_M_N_art00051_art00051_10533.tif,DETECTED,True,0.0579,181,0.2357,None
Tp_S_NRN_M_N_art00055_art00055_10465.tif,DETECTED,True,0.0824,243,0.3164,None
Tp_S_NRN_M_N_art00083_art00083_10519.tif,DETECTED,True,0.0428,131,0.1706,None
Tp_S_NRN_M_N_art00087_art00087_10310.tif,DETECTED,True,0.1023,308,0.4010,None
Tp_S_NRN_M_N_art00087_art00087_10338.tif,DETECTED,True,0.0965,269,0.3503,None
Tp_S_NRN_M_N_art00093_art00093_10485.tif,DETECTED,True,0.0465,140,0.1823,None
Tp_S_NRN_M_N_art00100_art00100_10303.tif,DETECTED,True,0.1682,515,0.6706,None
Tp_S_NRN_M_N_art10112_sec00098_11671.jpg,DETECTED,True,0.0292,78,0.1016,None
Tp_S_NRN_M_N_cha00009_cha00009_11156.jpg,DETECTED,True,0.0543,105,0.1367,None
Tp_S_NRN_M_N_cha00010_art00010_10170.tif,DETECTED,True,0.3528,750,0.9766,None
Tp_S_NRN_M_N_cha00055_cha00055_11727.jpg,DETECTED,True,0.0465,95,0.1237,None
Tp_S_NRN_M_N_cha00058_cha00058_10314.tif,DETECTED,True,0.1630,451,0.5872,None
Tp_S_NRN_M_N_cha00062_cha00062_11022.jpg,DETECTED,True,0.0550,120,0.1562,None
Tp_S_NRN_M_N_cha00067_cha00067_10316.tif,DETECTED,True,0.2090,521,0.6784,None
Tp_S_NRN_M_N_cha00067_cha00067_10318.tif,DETECTED,True,0.0490,131,0.1706,None
Tp_S_NRN_M_N_cha00067_cha00067_10319.tif,DETECTED,True,0.0377,106,0.1380,None
Tp_S_NRN_M_N_cha00068_cha00068_10315.tif,DETECTED,True,0.1813,467,0.6081,None
Tp_S_NRN_M_N_cha00085_ani10104_10029.tif,DETECTED,True,0.0000,0,1.0000,None
Tp_S_NRN_M_N_cha10102_cha10102_10026.tif,DETECTED,True,0.0379,20,0.0667,None
Tp_S_NRN_M_N_cha10114_nat10114_12181.jpg,DETECTED,True,0.0000,0,1.0000,None
Tp_S_NRN_M_N_cha10129_cha10129_12179.jpg,DETECTED,True,0.0516,257,0.1371,None
Tp_S_NRN_M_N_cha10208_cha10208_12338.jpg,DETECTED,True,0.0605,708,0.1748,None
Tp_S_NRN_M_N_ind00070_ind00070_10694.jpg,DETECTED,True,0.0312,71,0.0924,None
Tp_S_NRN_M_N_ind00070_ind00070_10931.jpg,DETECTED,True,0.0375,95,0.1237,None
Tp_S_NRN_M_N_ind00075_ind00075_10679.jpg,DETECTED,True,0.1373,372,0.4844,None
Tp_S_NRN_M_N_ind00085_ind00085_10675.jpg,DETECTED,True,0.0676,136,0.1771,None
Tp_S_NRN_M_N_ind00085_ind00085_10676.jpg,DETECTED,True,0.0846,201,0.2617,None
Tp_S_NRN_M_N_nat00020_nat00020_11045.jpg,DETECTED,True,0.0327,63,0.0820,None
Tp_S_NRN_M_N_nat00037_nat00037_11074.jpg,DETECTED,True,0.0505,116,0.1510,None
Tp_S_NRN_M_N_nat00075_nat00075_11101.jpg,DETECTED,True,0.0797,196,0.2552,None
Tp_S_NRN_M_N_nat10131_nat10131_11901.jpg,DETECTED,True,0.0392,238,0.0992,None
Tp_S_NRN_M_N_nat10148_nat10148_12118.jpg,DETECTED,True,0.1303,730,0.4345,None
Tp_S_NRN_M_N_nat10164_nat00097_12097.jpg,DETECTED,True,0.1035,887,0.5280,None
Tp_S_NRN_M_N_nat10164_nat10124_12095.jpg,DETECTED,True,0.1239,955,0.5685,None
Tp_S_NRN_M_N_pla00020_pla00020_10988.jpg,DETECTED,True,0.0530,131,0.1706,None
Tp_S_NRN_M_N_pla00082_pla00082_10455.tif,DETECTED,True,0.0659,155,0.2018,None
Tp_S_NRN_M_N_sec00035_sec00035_11250.jpg,DETECTED,True,0.0536,156,0.2031,None
Tp_S_NRN_M_N_sec00040_sec00040_10489.tif,DETECTED,True,0.0802,179,0.2331,None
Tp_S_NRN_M_N_sec00061_sec00061_11263.jpg,DETECTED,True,0.0481,104,0.1354,None
Tp_S_NRN_M_N_sec00070_sec00070_10716.jpg,DETECTED,True,0.2153,523,0.6810,None
Tp_S_NRN_M_N_txt00085_txt00085_11310.jpg,DETECTED,True,0.0529,122,0.1589,None
Tp_S_NRN_S_B_ani00037_ani00037_00157.tif,DETECTED,True,0.0906,221,0.2878,None
Tp_S_NRN_S_B_ani00083_ani00083_00203.tif,DETECTED,True,0.0602,152,0.1979,None
Tp_S_NRN_S_B_ani00096_ani00096_00216.tif,DETECTED,True,0.0582,154,0.2005,None
Tp_S_NRN_S_B_ani10001_ani10001_20004.jpg,DETECTED,True,0.0219,242,0.0722,None
Tp_S_NRN_S_B_ani10002_ani10002_20005.jpg,DETECTED,True,0.0200,180,0.0537,None
Tp_S_NRN_S_B_ani10159_ani10159_12467.jpg,DETECTED,True,0.0315,227,0.0771,None
Tp_S_NRN_S_B_ani10202_ani10202_12413.jpg,DETECTED,True,0.0255,92,0.0448,None
Tp_S_NRN_S_B_ani10217_ani10217_12370.jpg,DETECTED,True,0.0246,153,0.0494,None
Tp_S_NRN_S_B_ani20004_ani20004_02403.tif,MISSED,False,0.0040,35,0.0093,None
Tp_S_NRN_S_B_ani20033_ani20033_02076.tif,DETECTED,True,0.0262,224,0.0970,None
Tp_S_NRN_S_B_ani20043_ani20043_02086.tif,DETECTED,True,0.0401,369,0.1395,None
Tp_S_NRN_S_B_ani20050_ani20050_02093.tif,DETECTED,True,0.0465,331,0.1591,None
Tp_S_NRN_S_B_arc00002_arc00002_11185.jpg,DETECTED,True,0.0337,68,0.0885,None
Tp_S_NRN_S_B_arc00004_arc00004_11173.jpg,DETECTED,True,0.0243,31,0.0404,None
Tp_S_NRN_S_B_arc00029_arc00029_01093.tif,DETECTED,True,0.0089,20,0.0260,None
Tp_S_NRN_S_B_arc00052_arc00052_01074.tif,DETECTED,True,0.0295,84,0.1094,None
Tp_S_NRN_S_B_arc00053_arc00053_00273.tif,DETECTED,True,0.0127,25,0.0326,None
Tp_S_NRN_S_B_arc00054_arc00054_01072.tif,DETECTED,True,0.0247,82,0.1068,None
Tp_S_NRN_S_B_arc00074_arc00074_11196.jpg,DETECTED,True,0.0278,49,0.0638,None
Tp_S_NRN_S_B_arc00095_arc00095_00315.tif,DETECTED,True,0.0193,47,0.0612,None
Tp_S_NRN_S_B_arc10107_arc10107_11166.jpg,DETECTED,True,0.0157,8,0.0267,None
Tp_S_NRN_S_B_arc20011_arc20011_01464.tif,DETECTED,True,0.0140,184,0.0575,None
Tp_S_NRN_S_B_arc20027_arc20027_01480.tif,DETECTED,True,0.0166,201,0.0536,None
Tp_S_NRN_S_B_arc20063_arc20063_02197.tif,DETECTED,True,0.0091,46,0.0245,None
Tp_S_NRN_S_B_art00019_art00019_01019.tif,DETECTED,True,0.0342,78,0.1016,None
Tp_S_NRN_S_B_art00024_art00024_20088.jpg,DETECTED,True,0.0315,76,0.0990,None
Tp_S_NRN_S_B_art00039_art00039_01415.tif,DETECTED,True,0.1473,380,0.4948,None
Tp_S_NRN_S_B_art00060_art00060_01017.tif,DETECTED,True,0.0404,110,0.1432,None
Tp_S_NRN_S_B_art00061_sec00099_00527.tif,DETECTED,True,0.0175,62,0.0807,None
Tp_S_NRN_S_B_art00072_art00072_01015.tif,DETECTED,True,0.0109,32,0.0417,None
Tp_S_NRN_S_B_art00076_art00076_01395.tif,DETECTED,True,0.0099,25,0.0326,None
Tp_S_NRN_S_B_art00084_art00084_00929.tif,DETECTED,True,0.0156,31,0.0404,None
Tp_S_NRN_S_B_art00098_art00098_00538.tif,DETECTED,True,0.0372,68,0.0885,None
Tp_S_NRN_S_B_art10008_art10008_20049.jpg,DETECTED,True,0.0517,178,0.1630,None
Tp_S_NRN_S_B_art10106_art10106_11590.jpg,DETECTED,True,0.0128,24,0.0312,None
Tp_S_NRN_S_B_cha00019_cha00019_11180.jpg,DETECTED,True,0.0468,98,0.1276,None
Tp_S_NRN_S_B_cha00065_cha00065_10176.tif,DETECTED,True,0.0157,28,0.0365,None
Tp_S_NRN_S_B_cha00069_cha00069_10870.jpg,DETECTED,True,0.0271,53,0.0690,None
Tp_S_NRN_S_B_cha00086_art00012_00406.tif,DETECTED,True,0.0168,44,0.0573,None
Tp_S_NRN_S_B_cha10111_cha10111_11690.jpg,DETECTED,True,0.0105,18,0.0234,None
Tp_S_NRN_S_B_cha10125_pla00050_12163.jpg,DETECTED,True,0.0388,135,0.1018,None
Tp_S_NRN_S_B_cha10140_cha10140_12199.jpg,DETECTED,True,0.0284,83,0.0395,None
Tp_S_NRN_S_B_cha10146_cha10146_12229.jpg,DETECTED,True,0.0342,204,0.0697,None
Tp_S_NRN_S_B_cha10211_cha10211_12330.jpg,DETECTED,True,0.0234,166,0.0503,None
Tp_S_NRN_S_B_cha20001_cha20001_01504.tif,DETECTED,True,0.0142,175,0.0467,None
Tp_S_NRN_S_B_cha20030_cha20030_02029.tif,DETECTED,True,0.0080,61,0.0179,None
Tp_S_NRN_S_B_ind00017_ind00017_00889.tif,DETECTED,True,0.0146,43,0.0560,None
Tp_S_NRN_S_B_ind00025_cha10101_10050.tif,DETECTED,True,0.0000,0,1.0000,None
Tp_S_NRN_S_B_ind10002_ind10002_20010.jpg,DETECTED,True,0.0000,0,1.0000,None
Tp_S_NRN_S_B_ind20029_ind20029_02284.tif,DETECTED,True,0.0126,173,0.0461,None
Tp_S_NRN_S_B_nat00043_nat00043_00962.tif,DETECTED,True,0.0160,40,0.0521,None
Tp_S_NRN_S_B_nat00076_nat00076_00982.tif,DETECTED,True,0.0147,42,0.0547,None
Tp_S_NRN_S_B_nat00089_nat00089_00991.tif,DETECTED,True,0.0449,112,0.1458,None
Tp_S_NRN_S_B_nat00098_nat00098_00995.tif,DETECTED,True,0.0171,57,0.0742,None
Tp_S_NRN_S_B_nat10133_nat10133_11909.jpg,DETECTED,True,0.0276,84,0.0380,None
Tp_S_NRN_S_B_nat20006_nat20006_02206.tif,DETECTED,True,0.0058,73,0.0195,None
Tp_S_NRN_S_B_nat20008_nat20008_01512.tif,DETECTED,True,0.0056,69,0.0186,None
Tp_S_NRN_S_B_nat20014_nat20014_01518.tif,DETECTED,True,0.0000,0,1.0000,None
Tp_S_NRN_S_B_nat20079_nat20079_01583.tif,DETECTED,True,0.0058,39,0.0197,None
Tp_S_NRN_S_B_nat20091_nat20091_01595.tif,DETECTED,True,0.0113,73,0.0400,None
Tp_S_NRN_S_B_nat20099_nat20099_01603.tif,DETECTED,True,0.0061,33,0.0175,None
Tp_S_NRN_S_B_pla00004_pla00004_00544.tif,DETECTED,True,0.0352,86,0.1120,None
Tp_S_NRN_S_B_pla00014_pla00014_10986.jpg,DETECTED,True,0.0417,64,0.0833,None
Tp_S_NRN_S_B_pla00040_pla00040_10979.jpg,DETECTED,True,0.0217,38,0.0495,None
Tp_S_NRN_S_B_pla00072_pla00072_01177.tif,DETECTED,True,0.0396,101,0.1315,None
Tp_S_NRN_S_B_pla00082_pla00082_01184.tif,DETECTED,True,0.0079,21,0.0273,None
Tp_S_NRN_S_B_pla20088_pla20088_02354.tif,DETECTED,True,0.0195,134,0.0609,None
Tp_S_NRN_S_B_pla20090_pla20090_01990.tif,DETECTED,True,0.0194,174,0.0663,None
Tp_S_NRN_S_B_pla20095_pla20095_01995.tif,DETECTED,True,0.0185,156,0.0775,None
Tp_S_NRN_S_B_pla20098_pla20098_02344.tif,DETECTED,True,0.0292,283,0.1378,None
Tp_S_NRN_S_B_sec00038_sec00038_10483.tif,DETECTED,True,0.0508,126,0.1641,None
Tp_S_NRN_S_B_sec00065_sec00065_00745.tif,DETECTED,True,0.0079,18,0.0234,None
Tp_S_NRN_S_B_sec20004_sec20004_01439.tif,DETECTED,True,0.0066,55,0.0175,None
Tp_S_NRN_S_B_sec20014_sec20014_01449.tif,DETECTED,True,0.0102,96,0.0278,None
Tp_S_NRN_S_B_sec20017_sec20017_01607.tif,DETECTED,True,0.0121,61,0.0460,None
Tp_S_NRN_S_B_sec20077_sec20077_01667.tif,DETECTED,True,0.0742,530,0.2827,None
Tp_S_NRN_S_B_txt00022_txt00022_20089.jpg,DETECTED,True,0.0496,124,0.1615,None
Tp_S_NRN_S_B_txt00022_txt00022_20090.jpg,DETECTED,True,0.0000,0,1.0000,None
Tp_S_NRN_S_M_ind00055_ind00055_10909.jpg,DETECTED,True,0.0238,43,0.0560,None
Tp_S_NRN_S_N_ani00002_ani00002_00002.tif,DETECTED,True,0.0175,30,0.0391,None
Tp_S_NRN_S_N_ani00003_ani00003_00123.tif,DETECTED,True,0.0207,51,0.0664,None
Tp_S_NRN_S_N_ani00005_ani00005_00125.tif,DETECTED,True,0.0569,123,0.1602,None
Tp_S_NRN_S_N_ani00010_ani00010_00130.tif,DETECTED,True,0.0599,129,0.1680,None
Tp_S_NRN_S_N_ani00020_ani00020_00140.tif,DETECTED,True,0.1004,240,0.3125,None
Tp_S_NRN_S_N_ani00033_ani00033_00153.tif,DETECTED,True,0.0288,71,0.0924,None
Tp_S_NRN_S_N_ani00045_ani00045_00831.tif,DETECTED,True,0.0784,225,0.2930,None
Tp_S_NRN_S_N_ani00058_ani00058_00178.tif,DETECTED,True,0.0897,196,0.2552,None
Tp_S_NRN_S_N_ani00068_ani00068_00188.tif,DETECTED,True,0.0571,145,0.1888,None
Tp_S_NRN_S_N_ani00069_ani00069_00189.tif,DETECTED,True,0.0933,210,0.2734,None
Tp_S_NRN_S_N_ani00074_ani00074_00825.tif,DETECTED,True,0.0169,41,0.0534,None
Tp_S_NRN_S_N_ani00079_ani00079_00199.tif,DETECTED,True,0.0515,120,0.1562,None
Tp_S_NRN_S_N_ani00084_ani00084_00204.tif,DETECTED,True,0.0232,58,0.0755,None
Tp_S_NRN_S_N_ani00092_ani00092_00212.tif,DETECTED,True,0.0126,28,0.0365,None
Tp_S_NRN_S_N_ani00097_ani00097_00217.tif,DETECTED,True,0.0229,52,0.0677,None
Tp_S_NRN_S_N_ani00099_ani00099_00219.tif,DETECTED,True,0.0076,16,0.0208,None
Tp_S_NRN_S_N_ani10115_ani10115_11656.jpg,DETECTED,True,0.0271,76,0.0990,None
Tp_S_NRN_S_N_ani10125_ani10125_12397.jpg,DETECTED,True,0.0412,124,0.1107,None
Tp_S_NRN_S_N_ani10128_ani10128_12461.jpg,DETECTED,True,0.0207,268,0.0715,None
Tp_S_NRN_S_N_ani10133_ani10133_12478.jpg,DETECTED,True,0.0569,241,0.1731,None
Tp_S_NRN_S_N_ani10144_ani10144_12471.jpg,DETECTED,True,0.0287,123,0.0734,None
Tp_S_NRN_S_N_ani10147_ani10147_12493.jpg,DETECTED,True,0.0442,144,0.0768,None
Tp_S_NRN_S_N_ani10150_ani10150_12482.jpg,DETECTED,True,0.0564,389,0.2358,None
Tp_S_NRN_S_N_ani10167_ani10167_12446.jpg,DETECTED,True,0.0322,248,0.0937,None
Tp_S_NRN_S_N_ani10185_ani10185_12428.jpg,DETECTED,True,0.0304,74,0.0527,None
Tp_S_NRN_S_N_ani10189_ani10189_12433.jpg,DETECTED,True,0.0593,197,0.1403,None
Tp_S_NRN_S_N_ani10194_ani10194_12400.jpg,DETECTED,True,0.0480,162,0.1110,None
Tp_S_NRN_S_N_ani10200_ani10200_12410.jpg,DETECTED,True,0.0668,431,0.2565,None
Tp_S_NRN_S_N_ani10207_ani10207_12418.jpg,DETECTED,True,0.0264,101,0.0632,None
Tp_S_NRN_S_N_ani10207_ani10207_12419.jpg,DETECTED,True,0.0225,59,0.0369,None
Tp_S_NRN_S_N_ani10212_ani10212_12376.jpg,DETECTED,True,0.0188,105,0.0447,None
Tp_S_NRN_S_N_ani10212_ani10212_12377.jpg,DETECTED,True,0.0109,44,0.0187,None
Tp_S_NRN_S_N_ani10214_ani10214_12379.jpg,DETECTED,True,0.0287,144,0.0800,None
Tp_S_NRN_S_N_ani10220_ani10220_12390.jpg,DETECTED,True,0.0116,97,0.0371,None
Tp_S_NRN_S_N_ani10221_ani10221_12394.jpg,DETECTED,True,0.0263,100,0.0371,None
Tp_S_NRN_S_N_ani20007_ani20007_02405.tif,DETECTED,True,0.0349,305,0.1114,None
Tp_S_NRN_S_N_ani20008_ani20008_02406.tif,DETECTED,True,0.0402,378,0.1219,None
Tp_S_NRN_S_N_ani20017_ani20017_02060.tif,DETECTED,True,0.0595,406,0.2256,None
Tp_S_NRN_S_N_ani20021_ani20021_02064.tif,MISSED,False,0.0019,5,0.0021,None
Tp_S_NRN_S_N_ani20037_ani20037_02080.tif,DETECTED,True,0.0552,246,0.1904,None
Tp_S_NRN_S_N_ani20038_ani20038_02081.tif,DETECTED,True,0.1198,770,0.4477,None
Tp_S_NRN_S_N_ani20039_ani20039_02082.tif,MISSED,False,0.0047,21,0.0123,None
Tp_S_NRN_S_N_ani20047_ani20047_02090.tif,DETECTED,True,0.0138,46,0.0323,None
Tp_S_NRN_S_N_ani20053_ani20053_02096.tif,DETECTED,True,0.0241,166,0.1078,None
Tp_S_NRN_S_N_ani20054_ani20054_02097.tif,DETECTED,True,0.0430,248,0.1514,None
Tp_S_NRN_S_N_ani20058_ani20058_02100.tif,DETECTED,True,0.0667,291,0.2073,None
Tp_S_NRN_S_N_ani20061_ani20061_02103.tif,DETECTED,True,0.0606,287,0.2044,None
Tp_S_NRN_S_N_ani20065_ani20065_02107.tif,DETECTED,True,0.0374,174,0.1239,None
Tp_S_NRN_S_N_arc00001_arc00001_11184.jpg,DETECTED,True,0.0216,26,0.0339,None
Tp_S_NRN_S_N_arc00005_arc00005_00225.tif,DETECTED,True,0.0404,100,0.1302,None
Tp_S_NRN_S_N_arc00009_arc00009_00229.tif,DETECTED,True,0.0156,51,0.0664,None
Tp_S_NRN_S_N_arc00010_arc00010_01109.tif,MISSED,False,0.0062,7,0.0091,None
Tp_S_NRN_S_N_arc00023_arc00023_01101.tif,DETECTED,True,0.0152,34,0.0443,None
Tp_S_NRN_S_N_arc00031_arc00031_00779.tif,DETECTED,True,0.0236,56,0.0729,None
Tp_S_NRN_S_N_arc00031_arc00031_11188.jpg,DETECTED,True,0.0369,65,0.0846,None
Tp_S_NRN_S_N_arc00036_arc00036_00256.tif,DETECTED,True,0.0089,17,0.0221,None
Tp_S_NRN_S_N_arc00036_arc00036_01088.tif,MISSED,False,0.0040,5,0.0065,None
Tp_S_NRN_S_N_arc00037_arc00037_01087.tif,DETECTED,True,0.0115,17,0.0221,None
Tp_S_NRN_S_N_arc00051_arc00051_11208.jpg,DETECTED,True,0.0279,54,0.0703,None
Tp_S_NRN_S_N_arc00054_arc00054_11928.jpg,DETECTED,True,0.0386,92,0.1198,None
Tp_S_NRN_S_N_arc00059_arc00059_00279.tif,DETECTED,True,0.0188,50,0.0651,None
Tp_S_NRN_S_N_arc00062_ani00017_11500.jpg,DETECTED,True,0.0223,32,0.0417,None
Tp_S_NRN_S_N_arc00062_ani00058_11497.jpg,DETECTED,True,0.0249,36,0.0469,None
Tp_S_NRN_S_N_arc00062_ani00070_11498.jpg,DETECTED,True,0.0297,46,0.0599,None
Tp_S_NRN_S_N_arc00062_arc00062_00282.tif,DETECTED,True,0.0400,90,0.1172,None
Tp_S_NRN_S_N_arc00065_arc00065_00285.tif,DETECTED,True,0.0462,94,0.1224,None
Tp_S_NRN_S_N_arc00069_arc00069_11206.jpg,DETECTED,True,0.0197,27,0.0352,None
Tp_S_NRN_S_N_arc00074_arc00074_00294.tif,DETECTED,True,0.0289,75,0.0977,None
Tp_S_NRN_S_N_arc00078_arc00078_01050.tif,DETECTED,True,0.0290,78,0.1016,None
Tp_S_NRN_S_N_arc00081_arc00081_00301.tif,DETECTED,True,0.0178,32,0.0417,None
Tp_S_NRN_S_N_arc00082_arc00082_00785.tif,DETECTED,True,0.3492,763,0.9935,None
Tp_S_NRN_S_N_arc00086_arc00086_10735.jpg,DETECTED,True,0.0200,30,0.0391,None
Tp_S_NRN_S_N_arc00089_arc00089_10729.jpg,DETECTED,True,0.0545,121,0.1576,None
Tp_S_NRN_S_N_arc00090_arc00090_00781.tif,DETECTED,True,0.0334,83,0.1081,None
Tp_S_NRN_S_N_arc00091_arc00091_01039.tif,DETECTED,True,0.0121,35,0.0456,None
Tp_S_NRN_S_N_arc10119_arc10119_10758.jpg,DETECTED,True,0.0431,198,0.1388,None
Tp_S_NRN_S_N_arc10124_arc10124_11883.jpg,DETECTED,True,0.0386,211,0.0879,None
Tp_S_NRN_S_N_arc10128_arc10128_11896.jpg,DETECTED,True,0.0363,216,0.0900,None
Tp_S_NRN_S_N_arc20001_arc20001_01454.tif,DETECTED,True,0.0203,194,0.0571,None
Tp_S_NRN_S_N_arc20001_arc20001_02464.tif,DETECTED,True,0.0067,53,0.0156,None
Tp_S_NRN_S_N_arc20003_arc20003_02151.tif,MISSED,False,0.0047,18,0.0053,None
Tp_S_NRN_S_N_arc20004_arc20004_02152.tif,MISSED,False,0.0053,30,0.0087,None
Tp_S_NRN_S_N_arc20007_arc20007_02200.tif,MISSED,False,0.0042,34,0.0091,None
Tp_S_NRN_S_N_arc20012_arc20012_02155.tif,DETECTED,True,0.0101,96,0.0300,None
Tp_S_NRN_S_N_arc20034_arc20034_02473.tif,MISSED,False,0.0058,37,0.0116,None
Tp_S_NRN_S_N_arc20035_arc20035_02474.tif,DETECTED,True,0.0091,70,0.0219,None
Tp_S_NRN_S_N_arc20038_arc20038_01491.tif,MISSED,False,0.0037,25,0.0078,None
Tp_S_NRN_S_N_arc20040_arc20040_02176.tif,DETECTED,True,0.0078,62,0.0194,None
Tp_S_NRN_S_N_arc20052_arc20052_01692.tif,DETECTED,True,0.0098,43,0.0324,None
Tp_S_NRN_S_N_arc20057_arc20057_01697.tif,DETECTED,True,0.0223,106,0.0820,None
Tp_S_NRN_S_N_arc20064_arc20064_01704.tif,MISSED,False,0.0083,14,0.0075,None
Tp_S_NRN_S_N_arc20065_arc20065_01705.tif,DETECTED,True,0.0143,67,0.0357,None
Tp_S_NRN_S_N_arc20067_arc20067_01707.tif,MISSED,False,0.0071,20,0.0107,None
Tp_S_NRN_S_N_arc20068_arc20068_01708.tif,MISSED,False,0.0069,20,0.0119,None
Tp_S_NRN_S_N_arc20070_arc20070_01710.tif,DETECTED,True,0.0101,32,0.0191,None
Tp_S_NRN_S_N_arc20072_arc20072_01712.tif,MISSED,False,0.0087,20,0.0119,None
Tp_S_NRN_S_N_arc20077_arc20077_01717.tif,MISSED,False,0.0050,18,0.0104,None
Tp_S_NRN_S_N_arc20078_arc20078_01718.tif,DETECTED,True,0.0046,28,0.0160,None
Tp_S_NRN_S_N_arc20080_arc20080_01720.tif,DETECTED,True,0.0194,92,0.0573,None
Tp_S_NRN_S_N_arc20082_arc20082_02190.tif,DETECTED,True,0.0067,41,0.0175,None
Tp_S_NRN_S_N_arc20083_arc20083_01723.tif,MISSED,False,0.0049,22,0.0133,None
Tp_S_NRN_S_N_arc20085_arc20085_01725.tif,MISSED,False,0.0052,24,0.0125,None
Tp_S_NRN_S_N_arc20085_arc20085_02416.tif,DETECTED,True,0.0109,54,0.0281,None
Tp_S_NRN_S_N_arc20090_arc20090_01730.tif,DETECTED,True,0.0148,78,0.0411,None
Tp_S_NRN_S_N_arc20096_arc20096_01736.tif,DETECTED,True,0.0098,46,0.0249,None
Tp_S_NRN_S_N_arc20098_arc20098_01738.tif,DETECTED,True,0.0083,42,0.0231,None
Tp_S_NRN_S_N_art00002_art00002_00919.tif,DETECTED,True,0.0216,42,0.0547,None
Tp_S_NRN_S_N_art00003_art00003_10754.jpg,DETECTED,True,0.0369,86,0.1120,None
Tp_S_NRN_S_N_art00003_art00003_10755.jpg,DETECTED,True,0.0364,77,0.1003,None
Tp_S_NRN_S_N_art00017_art00017_01429.tif,DETECTED,True,0.0174,37,0.0482,None
Tp_S_NRN_S_N_art00019_art00019_10275.tif,DETECTED,True,0.0504,163,0.2122,None
Tp_S_NRN_S_N_art00019_art00019_10276.tif,DETECTED,True,0.0603,187,0.2435,None
Tp_S_NRN_S_N_art00020_art00020_00502.tif,DETECTED,True,0.0118,26,0.0339,None
Tp_S_NRN_S_N_art00022_art00022_10740.jpg,DETECTED,True,0.0377,87,0.1133,None
Tp_S_NRN_S_N_art00023_art00023_20091.jpg,DETECTED,True,0.1126,256,0.3333,None
Tp_S_NRN_S_N_art00024_art00024_10737.jpg,DETECTED,True,0.0494,127,0.1654,None
Tp_S_NRN_S_N_art00030_art00030_01217.tif,DETECTED,True,0.0145,31,0.0404,None
Tp_S_NRN_S_N_art00030_art00030_10469.tif,DETECTED,True,0.0349,80,0.1042,None
Tp_S_NRN_S_N_art00034_art00034_01220.tif,DETECTED,True,0.0754,200,0.2604,None
Tp_S_NRN_S_N_art00040_art00040_01414.tif,DETECTED,True,0.0174,38,0.0495,None
Tp_S_NRN_S_N_art00042_art00042_01226.tif,DETECTED,True,0.0148,32,0.0417,None
Tp_S_NRN_S_N_art00043_art00043_01227.tif,DETECTED,True,0.0348,85,0.1107,None
Tp_S_NRN_S_N_art00043_art00043_01411.tif,DETECTED,True,0.0950,282,0.3672,None
Tp_S_NRN_S_N_art00046_art00046_11924.jpg,DETECTED,True,0.0360,84,0.1094,None
Tp_S_NRN_S_N_art00047_art00047_01022.tif,DETECTED,True,0.0085,15,0.0195,None
Tp_S_NRN_S_N_art00063_art00063_01028.tif,DETECTED,True,0.0121,23,0.0299,None
Tp_S_NRN_S_N_art00077_art00077_11712.jpg,DETECTED,True,0.0366,97,0.1263,None
Tp_S_NRN_S_N_art00082_art00082_10285.tif,DETECTED,True,0.0209,49,0.0638,None
Tp_S_NRN_S_N_art00086_art00086_10284.tif,DETECTED,True,0.0723,233,0.3034,None
Tp_S_NRN_S_N_art00090_art00090_10282.tif,DETECTED,True,0.2295,519,0.6758,None
Tp_S_NRN_S_N_art00092_art00092_11809.jpg,DETECTED,True,0.0221,22,0.0286,None
Tp_S_NRN_S_N_art00093_art00093_10486.tif,DETECTED,True,0.0178,41,0.0534,None
Tp_S_NRN_S_N_art00095_art00095_01386.tif,DETECTED,True,0.0146,45,0.0586,None
Tp_S_NRN_S_N_art20005_art20005_01811.tif,DETECTED,True,0.0364,462,0.1467,None
Tp_S_NRN_S_N_art20005_art20005_02495.tif,DETECTED,True,0.0142,155,0.0492,None
Tp_S_NRN_S_N_art20009_art20009_01815.tif,DETECTED,True,0.0211,76,0.0545,None
Tp_S_NRN_S_N_art20015_art20015_01821.tif,DETECTED,True,0.0176,96,0.0688,None
Tp_S_NRN_S_N_art20016_art20016_01822.tif,DETECTED,True,0.0122,53,0.0400,None
Tp_S_NRN_S_N_art20025_art20025_01831.tif,DETECTED,True,0.0149,113,0.0338,None
Tp_S_NRN_S_N_art20032_art20032_01838.tif,DETECTED,True,0.0203,83,0.0644,None
Tp_S_NRN_S_N_art20034_art20034_02335.tif,DETECTED,True,0.0135,62,0.0471,None
Tp_S_NRN_S_N_art20037_art20037_01843.tif,DETECTED,True,0.0089,36,0.0192,None
Tp_S_NRN_S_N_art20038_art20038_01844.tif,DETECTED,True,0.0702,482,0.2571,None
Tp_S_NRN_S_N_art20040_art20040_01846.tif,DETECTED,True,0.0722,378,0.2241,None
Tp_S_NRN_S_N_art20043_art20043_01849.tif,DETECTED,True,0.0433,236,0.1330,None
Tp_S_NRN_S_N_art20046_art20046_01852.tif,DETECTED,True,0.0190,85,0.0486,None
Tp_S_NRN_S_N_art20048_art20048_01854.tif,DETECTED,True,0.0252,136,0.0777,None
Tp_S_NRN_S_N_art20050_art20050_01856.tif,DETECTED,True,0.0089,41,0.0238,None
Tp_S_NRN_S_N_art20051_art20051_01857.tif,DETECTED,True,0.0215,123,0.0745,None
Tp_S_NRN_S_N_art20057_art20057_01863.tif,DETECTED,True,0.0121,65,0.0422,None
Tp_S_NRN_S_N_art20065_art20065_01871.tif,DETECTED,True,0.0067,38,0.0207,None
Tp_S_NRN_S_N_art20066_art20066_01872.tif,DETECTED,True,0.0085,37,0.0230,None
Tp_S_NRN_S_N_art20067_arc20001_01873.tif,DETECTED,True,0.0275,341,0.1048,None
Tp_S_NRN_S_N_art20068_art20068_01874.tif,DETECTED,True,0.0185,198,0.0666,None
Tp_S_NRN_S_N_art20073_art20073_01879.tif,DETECTED,True,0.0517,186,0.1463,None
Tp_S_NRN_S_N_art20074_art20074_02319.tif,DETECTED,True,0.0118,53,0.0372,None
Tp_S_NRN_S_N_art20076_art20076_01882.tif,MISSED,False,0.0049,50,0.0133,None
Tp_S_NRN_S_N_art20077_art20077_02316.tif,DETECTED,True,0.0000,0,1.0000,None
Tp_S_NRN_S_N_art20082_art20082_02314.tif,MISSED,False,0.0047,26,0.0097,None
Tp_S_NRN_S_N_art20084_art20084_02312.tif,DETECTED,True,0.0254,302,0.0805,None
Tp_S_NRN_S_N_art20086_art20086_02311.tif,MISSED,False,0.0054,26,0.0069,None
Tp_S_NRN_S_N_art20087_art20087_01893.tif,DETECTED,True,0.0086,78,0.0289,None
Tp_S_NRN_S_N_art20087_art20087_02310.tif,DETECTED,True,0.0055,49,0.0181,None
Tp_S_NRN_S_N_art20092_art20092_01898.tif,DETECTED,True,0.0087,100,0.0267,None
Tp_S_NRN_S_N_art20094_art20094_01900.tif,DETECTED,True,0.0676,858,0.2288,None
Tp_S_NRN_S_N_cha00002_cha00002_00322.tif,DETECTED,True,0.0136,29,0.0378,None
Tp_S_NRN_S_N_cha00002_cha00002_11171.jpg,DETECTED,True,0.0218,24,0.0312,None
Tp_S_NRN_S_N_cha00004_cha00004_00324.tif,DETECTED,True,0.0323,81,0.1055,None
Tp_S_NRN_S_N_cha00011_cha00011_10309.tif,DETECTED,True,0.0244,58,0.0755,None
Tp_S_NRN_S_N_cha00018_cha00018_11152.jpg,DETECTED,True,0.0189,29,0.0378,None
Tp_S_NRN_S_N_cha00025_cha00025_10725.jpg,DETECTED,True,0.0407,77,0.1003,None
Tp_S_NRN_S_N_cha00035_cha00035_11733.jpg,DETECTED,True,0.0269,36,0.0469,None
Tp_S_NRN_S_N_cha00036_cha00036_11736.jpg,DETECTED,True,0.0233,31,0.0404,None
Tp_S_NRN_S_N_cha00037_cha00037_00357.tif,DETECTED,True,0.0226,47,0.0612,None
Tp_S_NRN_S_N_cha00037_cha00037_11014.jpg,DETECTED,True,0.0239,37,0.0482,None
Tp_S_NRN_S_N_cha00039_cha00039_00359.tif,DETECTED,True,0.0153,36,0.0469,None
Tp_S_NRN_S_N_cha00039_cha00039_11013.jpg,DETECTED,True,0.0199,24,0.0312,None
Tp_S_NRN_S_N_cha00040_cha00040_11033.jpg,MISSED,False,0.0157,9,0.0117,None
Tp_S_NRN_S_N_cha00046_cha00046_11006.jpg,DETECTED,True,0.0215,43,0.0560,None
Tp_S_NRN_S_N_cha00049_cha00049_11000.jpg,DETECTED,True,0.0173,12,0.0156,None
Tp_S_NRN_S_N_cha00049_cha00049_11002.jpg,DETECTED,True,0.0224,35,0.0456,None
Tp_S_NRN_S_N_cha00049_cha00049_11003.jpg,DETECTED,True,0.0199,27,0.0352,None
Tp_S_NRN_S_N_cha00059_cha00059_11029.jpg,DETECTED,True,0.0282,41,0.0534,None
Tp_S_NRN_S_N_cha00060_cha00060_11023.jpg,DETECTED,True,0.0123,15,0.0195,None
Tp_S_NRN_S_N_cha00064_cha00064_00383.tif,DETECTED,True,0.0145,34,0.0443,None
Tp_S_NRN_S_N_cha00066_cha00066_00386.tif,DETECTED,True,0.0155,28,0.0365,None
Tp_S_NRN_S_N_cha00067_cha00067_10317.tif,DETECTED,True,0.0065,14,0.0182,None
Tp_S_NRN_S_N_cha00080_cha00080_00400.tif,DETECTED,True,0.0361,82,0.1068,None
Tp_S_NRN_S_N_cha00081_cha00081_10190.tif,DETECTED,True,0.0402,103,0.1341,None
Tp_S_NRN_S_N_cha00083_cha00083_11016.jpg,DETECTED,True,0.0272,59,0.0768,None
Tp_S_NRN_S_N_cha00097_cha00097_00877.tif,DETECTED,True,0.0132,31,0.0404,None
Tp_S_NRN_S_N_cha10116_cha10116_12170.jpg,DETECTED,True,0.0190,72,0.0232,None
Tp_S_NRN_S_N_cha10119_cha10119_12194.jpg,DETECTED,True,0.0365,295,0.0922,None
Tp_S_NRN_S_N_cha10120_cha10120_12165.jpg,DETECTED,True,0.0177,76,0.0238,None
Tp_S_NRN_S_N_cha10122_cha10122_12157.jpg,DETECTED,True,0.0366,273,0.0840,None
Tp_S_NRN_S_N_cha10126_cha10126_12152.jpg,DETECTED,True,0.0276,63,0.0475,None
Tp_S_NRN_S_N_cha10129_cha10129_12178.jpg,DETECTED,True,0.0282,70,0.0373,None
Tp_S_NRN_S_N_cha10130_cha10130_12186.jpg,DETECTED,True,0.0271,63,0.0336,None
Tp_S_NRN_S_N_cha10132_cha10132_12216.jpg,DETECTED,True,0.0335,101,0.0708,None
Tp_S_NRN_S_N_cha10146_cha10146_12228.jpg,DETECTED,True,0.0287,133,0.0455,None
Tp_S_NRN_S_N_cha10147_cha10147_12226.jpg,DETECTED,True,0.0218,56,0.0412,None
Tp_S_NRN_S_N_cha10152_cha10152_12217.jpg,DETECTED,True,0.0247,55,0.0410,None
Tp_S_NRN_S_N_cha10153_cha10153_12269.jpg,DETECTED,True,0.0285,103,0.0769,None
Tp_S_NRN_S_N_cha10158_cha10158_12260.jpg,DETECTED,True,0.0213,55,0.0299,None
Tp_S_NRN_S_N_cha10160_cha10160_12258.jpg,DETECTED,True,0.0174,98,0.0523,None
Tp_S_NRN_S_N_cha10167_cha10167_12298.jpg,MISSED,False,0.0099,37,0.0119,None
Tp_S_NRN_S_N_cha10167_cha10208_12368.jpg,DETECTED,True,0.0352,330,0.1058,None
Tp_S_NRN_S_N_cha10174_cha10174_12274.jpg,DETECTED,True,0.0105,75,0.0224,None
Tp_S_NRN_S_N_cha10178_cha10178_12288.jpg,DETECTED,True,0.0284,130,0.0691,None
Tp_S_NRN_S_N_cha10184_cha10184_12315.jpg,DETECTED,True,0.0199,90,0.0254,None
Tp_S_NRN_S_N_cha10187_cha10187_12310.jpg,DETECTED,True,0.0187,110,0.0310,None
Tp_S_NRN_S_N_cha10191_cha10191_12328.jpg,DETECTED,True,0.0216,73,0.0206,None
Tp_S_NRN_S_N_cha10192_cha10192_12324.jpg,DETECTED,True,0.0182,99,0.0279,None
Tp_S_NRN_S_N_cha10194_cha10194_12322.jpg,DETECTED,True,0.0108,69,0.0273,None
Tp_S_NRN_S_N_cha10196_cha10196_12304.jpg,MISSED,False,0.0202,49,0.0148,None
Tp_S_NRN_S_N_cha10198_cha10198_12361.jpg,DETECTED,True,0.0233,139,0.0462,None
Tp_S_NRN_S_N_cha10203_cha10203_12354.jpg,DETECTED,True,0.0266,192,0.0612,None
Tp_S_NRN_S_N_cha10204_cha10204_12352.jpg,DETECTED,True,0.0268,251,0.0669,None
Tp_S_NRN_S_N_cha10206_cha10206_12343.jpg,DETECTED,True,0.0338,205,0.0547,None
Tp_S_NRN_S_N_cha10207_cha10207_12340.jpg,MISSED,False,0.0153,56,0.0149,None
Tp_S_NRN_S_N_cha10209_cha10209_12335.jpg,MISSED,False,0.0159,48,0.0128,None
Tp_S_NRN_S_N_cha20009_cha20009_02008.tif,DETECTED,True,0.0048,53,0.0163,None
Tp_S_NRN_S_N_cha20018_cha20018_02017.tif,DETECTED,True,0.0088,41,0.0219,None
Tp_S_NRN_S_N_cha20021_cha20021_02020.tif,MISSED,False,0.0036,32,0.0097,None
Tp_S_NRN_S_N_cha20022_cha20022_02021.tif,DETECTED,True,0.0146,64,0.0341,None
Tp_S_NRN_S_N_cha20028_cha20028_02427.tif,MISSED,False,0.0045,45,0.0145,None
Tp_S_NRN_S_N_cha20032_cha20032_02031.tif,MISSED,False,0.0056,21,0.0063,None
Tp_S_NRN_S_N_cha20033_cha20033_02032.tif,DETECTED,True,0.0105,52,0.0178,None
Tp_S_NRN_S_N_cha20042_cha20042_02041.tif,DETECTED,True,0.0116,41,0.0195,None
Tp_S_NRN_S_N_ind00006_ind00006_10417.tif,DETECTED,True,0.0182,46,0.0599,None
Tp_S_NRN_S_N_ind00007_ind00007_01305.tif,MISSED,False,0.0079,11,0.0143,None
Tp_S_NRN_S_N_ind00008_ind00008_01306.tif,DETECTED,True,0.0118,27,0.0352,None
Tp_S_NRN_S_N_ind00012_ind00012_01310.tif,DETECTED,True,0.0306,89,0.1159,None
Tp_S_NRN_S_N_ind00012_ind00012_10411.tif,DETECTED,True,0.0438,123,0.1602,None
Tp_S_NRN_S_N_ind00012_ind00012_10412.tif,DETECTED,True,0.0281,86,0.1120,None
Tp_S_NRN_S_N_ind00013_ind00013_01311.tif,DETECTED,True,0.0106,22,0.0286,None
Tp_S_NRN_S_N_ind00013_ind00013_20069.jpg,DETECTED,True,0.0206,34,0.0443,None
Tp_S_NRN_S_N_ind00015_ind00015_10919.jpg,DETECTED,True,0.0369,63,0.0820,None
Tp_S_NRN_S_N_ind00019_ind00019_01317.tif,MISSED,False,0.0061,9,0.0117,None
Tp_S_NRN_S_N_ind00019_ind00019_10710.jpg,DETECTED,True,0.0258,36,0.0469,None
Tp_S_NRN_S_N_ind00022_ind00022_10707.jpg,DETECTED,True,0.0287,37,0.0482,None
Tp_S_NRN_S_N_ind00023_ind00023_00894.tif,DETECTED,True,0.0126,29,0.0378,None
Tp_S_NRN_S_N_ind00024_ind00024_10712.jpg,DETECTED,True,0.0468,104,0.1354,None
Tp_S_NRN_S_N_ind00024_ind00024_10713.jpg,DETECTED,True,0.0504,123,0.1602,None
Tp_S_NRN_S_N_ind00029_ind00029_11062.jpg,DETECTED,True,0.0267,34,0.0443,None
Tp_S_NRN_S_N_ind00032_ind00032_01325.tif,DETECTED,True,0.0087,21,0.0273,None
Tp_S_NRN_S_N_ind00034_art00068_00449.tif,DETECTED,True,0.0181,45,0.0586,None
Tp_S_NRN_S_N_ind00035_ind00035_11087.jpg,DETECTED,True,0.0159,14,0.0182,None
Tp_S_NRN_S_N_ind00035_ind00035_11088.jpg,DETECTED,True,0.0250,41,0.0534,None
Tp_S_NRN_S_N_ind00036_ind00036_00450.tif,DETECTED,True,0.0140,26,0.0339,None
Tp_S_NRN_S_N_ind00037_ind00037_01328.tif,DETECTED,True,0.0131,36,0.0469,None
Tp_S_NRN_S_N_ind00038_ind00038_10912.jpg,DETECTED,True,0.0282,44,0.0573,None
Tp_S_NRN_S_N_ind00038_ind00038_10913.jpg,DETECTED,True,0.0389,68,0.0885,None
Tp_S_NRN_S_N_ind00040_ind00040_00451.tif,DETECTED,True,0.0076,15,0.0195,None
Tp_S_NRN_S_N_ind00042_ind00042_00899.tif,MISSED,False,0.0063,11,0.0143,None
Tp_S_NRN_S_N_ind00042_ind00042_10885.jpg,DETECTED,True,0.0224,33,0.0430,None
Tp_S_NRN_S_N_ind00043_ind00043_10890.jpg,DETECTED,True,0.0315,54,0.0703,None
Tp_S_NRN_S_N_ind00044_ind00044_10894.jpg,DETECTED,True,0.0152,13,0.0169,None
Tp_S_NRN_S_N_ind00044_ind00044_10895.jpg,DETECTED,True,0.0192,31,0.0404,None
Tp_S_NRN_S_N_ind00045_ind00045_10915.jpg,DETECTED,True,0.0213,19,0.0247,None
Tp_S_NRN_S_N_ind00046_ind00046_10893.jpg,DETECTED,True,0.0000,0,1.0000,None
Tp_S_NRN_S_N_ind00048_ind00034_00456.tif,DETECTED,True,0.0683,168,0.2188,None
Tp_S_NRN_S_N_ind00053_ind00053_10903.jpg,DETECTED,True,0.0233,32,0.0417,None
Tp_S_NRN_S_N_ind00055_ind00055_00905.tif,DETECTED,True,0.0056,12,0.0156,None
Tp_S_NRN_S_N_ind00058_ind00058_10426.tif,DETECTED,True,0.0185,48,0.0625,None
Tp_S_NRN_S_N_ind00060_ind00060_10701.jpg,DETECTED,True,0.0233,43,0.0560,None
Tp_S_NRN_S_N_ind00061_ind00061_10711.jpg,DETECTED,True,0.0333,54,0.0703,None
Tp_S_NRN_S_N_ind00065_ind00065_10687.jpg,DETECTED,True,0.0313,64,0.0833,None
Tp_S_NRN_S_N_ind00067_ind00067_10689.jpg,DETECTED,True,0.0247,46,0.0599,None
Tp_S_NRN_S_N_ind00068_ind00068_10690.jpg,DETECTED,True,0.0181,13,0.0169,None
Tp_S_NRN_S_N_ind00072_ind00072_10698.jpg,DETECTED,True,0.0229,20,0.0260,None
Tp_S_NRN_S_N_ind00075_ind00075_00475.tif,DETECTED,True,0.0138,16,0.0208,None
Tp_S_NRN_S_N_ind00077_ind00077_10681.jpg,DETECTED,True,0.0432,86,0.1120,None
Tp_S_NRN_S_N_ind00078_ind00078_10663.jpg,DETECTED,True,0.0235,34,0.0443,None
Tp_S_NRN_S_N_ind00081_ind00081_10669.jpg,DETECTED,True,0.0222,26,0.0339,None
Tp_S_NRN_S_N_ind00084_ind00084_10673.jpg,DETECTED,True,0.0189,18,0.0234,None
Tp_S_NRN_S_N_ind00085_ind00085_10674.jpg,DETECTED,True,0.0280,34,0.0443,None
Tp_S_NRN_S_N_ind00086_ind00086_01370.tif,DETECTED,True,0.0066,15,0.0195,None
Tp_S_NRN_S_N_ind00086_ind00086_10677.jpg,DETECTED,True,0.0254,36,0.0469,None
Tp_S_NRN_S_N_ind00089_ind00089_10642.jpg,DETECTED,True,0.0300,47,0.0612,None
Tp_S_NRN_S_N_ind00090_ind00090_10643.jpg,DETECTED,True,0.0237,38,0.0495,None
Tp_S_NRN_S_N_ind00092_ind00092_10649.jpg,DETECTED,True,0.0220,36,0.0469,None
Tp_S_NRN_S_N_ind00093_ind00093_10650.jpg,DETECTED,True,0.0437,87,0.1133,None
Tp_S_NRN_S_N_ind00093_ind00093_10651.jpg,DETECTED,True,0.0406,84,0.1094,None
Tp_S_NRN_S_N_ind10101_ind10101_11117.jpg,DETECTED,True,0.0398,210,0.0875,None
Tp_S_NRN_S_N_ind10103_ind10104_11552.jpg,DETECTED,True,0.3865,768,1.0000,None
Tp_S_NRN_S_N_ind20001_ind20001_01742.tif,MISSED,False,0.0043,18,0.0109,None
Tp_S_NRN_S_N_ind20002_ind20002_01743.tif,MISSED,False,0.0047,17,0.0128,None
Tp_S_NRN_S_N_ind20003_ind20003_02263.tif,MISSED,False,0.0035,13,0.0093,None
Tp_S_NRN_S_N_ind20006_ind20006_02266.tif,MISSED,False,0.0072,19,0.0113,None
Tp_S_NRN_S_N_ind20007_ind20007_02267.tif,MISSED,False,0.0029,4,0.0023,None
Tp_S_NRN_S_N_ind20009_ind20009_01750.tif,DETECTED,True,0.0056,23,0.0161,None
Tp_S_NRN_S_N_ind20009_ind20009_02269.tif,MISSED,False,0.0047,17,0.0119,None
Tp_S_NRN_S_N_ind20010_ind20010_01751.tif,DETECTED,True,0.0103,39,0.0254,None
Tp_S_NRN_S_N_ind20011_ind20011_01752.tif,DETECTED,True,0.0089,44,0.0279,None
Tp_S_NRN_S_N_ind20014_ind20014_01755.tif,DETECTED,True,0.0160,92,0.0545,None
Tp_S_NRN_S_N_ind20015_ind20015_01756.tif,DETECTED,True,0.0071,48,0.0210,None
Tp_S_NRN_S_N_ind20018_ind20018_01759.tif,DETECTED,True,0.0132,88,0.0443,None
Tp_S_NRN_S_N_ind20019_ind20019_01760.tif,DETECTED,True,0.0083,64,0.0305,None
Tp_S_NRN_S_N_ind20022_ind20022_01763.tif,DETECTED,True,0.0104,125,0.0337,None
Tp_S_NRN_S_N_ind20024_ind20024_02280.tif,DETECTED,True,0.0185,154,0.0821,None
Tp_S_NRN_S_N_ind20028_ind20028_01769.tif,MISSED,False,0.0040,10,0.0027,None
Tp_S_NRN_S_N_ind20028_ind20028_02283.tif,MISSED,False,0.0055,32,0.0085,None
Tp_S_NRN_S_N_ind20030_ind20030_01771.tif,DETECTED,True,0.0134,137,0.0536,None
Tp_S_NRN_S_N_ind20032_ind20032_01773.tif,DETECTED,True,0.0072,32,0.0181,None
Tp_S_NRN_S_N_ind20032_ind20032_02286.tif,DETECTED,True,0.0068,29,0.0164,None
Tp_S_NRN_S_N_ind20033_ind20033_01774.tif,MISSED,False,0.0066,14,0.0070,None
Tp_S_NRN_S_N_ind20040_ind20040_01781.tif,DETECTED,True,0.0137,160,0.0485,None
Tp_S_NRN_S_N_ind20041_ind20041_01782.tif,DETECTED,True,0.0069,49,0.0194,None
Tp_S_NRN_S_N_ind20043_ind20043_01784.tif,MISSED,False,0.0058,49,0.0131,None
Tp_S_NRN_S_N_ind20045_ind20045_01786.tif,MISSED,False,0.0039,28,0.0075,None
Tp_S_NRN_S_N_ind20047_ind20047_02295.tif,DETECTED,True,0.0077,30,0.0236,None
Tp_S_NRN_S_N_ind20048_ind20048_01789.tif,DETECTED,True,0.0125,39,0.0232,None
Tp_S_NRN_S_N_ind20051_ind20051_01792.tif,DETECTED,True,0.0126,24,0.0156,None
Tp_S_NRN_S_N_ind20052_ind20052_01793.tif,MISSED,False,0.0081,11,0.0076,None
Tp_S_NRN_S_N_ind20054_ind20054_01795.tif,DETECTED,True,0.0095,14,0.0171,None
Tp_S_NRN_S_N_ind20057_ind20057_02300.tif,DETECTED,True,0.0115,32,0.0224,None
Tp_S_NRN_S_N_ind20058_ind20058_01799.tif,DETECTED,True,0.0346,153,0.1148,None
Tp_S_NRN_S_N_ind20059_ind20059_01800.tif,DETECTED,True,0.0158,42,0.0389,None
Tp_S_NRN_S_N_nat00017_nat00017_11050.jpg,DETECTED,True,0.0223,26,0.0339,None
Tp_S_NRN_S_N_nat00018_nat00018_10927.jpg,DETECTED,True,0.0202,27,0.0352,None
Tp_S_NRN_S_N_nat00021_nat00021_11042.jpg,DETECTED,True,0.0163,19,0.0247,None
Tp_S_NRN_S_N_nat00028_nat00028_20122.jpg,DETECTED,True,0.0412,75,0.0977,None
Tp_S_NRN_S_N_nat00033_nat00033_00948.tif,DETECTED,True,0.0865,228,0.2969,None
Tp_S_NRN_S_N_nat00034_nat00034_00950.tif,DETECTED,True,0.0113,18,0.0234,None
Tp_S_NRN_S_N_nat00034_nat00034_00954.tif,DETECTED,True,0.0187,35,0.0456,None
Tp_S_NRN_S_N_nat00040_nat00040_00959.tif,DETECTED,True,0.0106,22,0.0286,None
Tp_S_NRN_S_N_nat00041_nat00041_00960.tif,DETECTED,True,0.0181,48,0.0625,None
Tp_S_NRN_S_N_nat00062_nat00062_00973.tif,DETECTED,True,0.0092,12,0.0156,None
Tp_S_NRN_S_N_nat00063_nat00063_00974.tif,DETECTED,True,0.0318,76,0.0990,None
Tp_S_NRN_S_N_nat00074_nat00074_11123.jpg,DETECTED,True,0.0185,25,0.0326,None
Tp_S_NRN_S_N_nat00077_nat00077_00983.tif,DETECTED,True,0.0177,46,0.0599,None
Tp_S_NRN_S_N_nat00082_nat00082_00986.tif,DETECTED,True,0.0178,49,0.0638,None
Tp_S_NRN_S_N_nat00086_nat00086_00988.tif,DETECTED,True,0.0235,55,0.0716,None
Tp_S_NRN_S_N_nat10102_nat10102_11102.jpg,DETECTED,True,0.0261,92,0.0645,None
Tp_S_NRN_S_N_nat10105_nat10105_11347.jpg,DETECTED,True,0.0087,13,0.0169,None
Tp_S_NRN_S_N_nat10131_nat10131_11900.jpg,DETECTED,True,0.0279,97,0.0404,None
Tp_S_NRN_S_N_nat10134_nat10134_11911.jpg,DETECTED,True,0.0329,278,0.0989,None
Tp_S_NRN_S_N_nat10138_nat10138_11939.jpg,DETECTED,True,0.0336,137,0.0571,None
Tp_S_NRN_S_N_nat10140_nat10140_11952.jpg,DETECTED,True,0.0536,425,0.1771,None
Tp_S_NRN_S_N_nat10141_nat10141_11959.jpg,DETECTED,True,0.0610,281,0.1673,None
Tp_S_NRN_S_N_nat10144_nat10144_11963.jpg,DETECTED,True,0.0312,158,0.0658,None
Tp_S_NRN_S_N_nat10144_nat10144_11973.jpg,DETECTED,True,0.0337,166,0.0692,None
Tp_S_NRN_S_N_nat10147_nat10147_11995.jpg,DETECTED,True,0.0286,117,0.0488,None
Tp_S_NRN_S_N_nat10157_nat10157_12040.jpg,DETECTED,True,0.0395,172,0.1024,None
Tp_S_NRN_S_N_nat10157_nat10157_12044.jpg,DETECTED,True,0.0328,135,0.0804,None
Tp_S_NRN_S_N_nat20001_nat20001_02201.tif,MISSED,False,0.0018,7,0.0020,None
Tp_S_NRN_S_N_nat20011_nat20011_01515.tif,DETECTED,True,0.0287,281,0.0878,None
Tp_S_NRN_S_N_nat20013_nat20013_01517.tif,MISSED,False,0.0058,48,0.0150,None
Tp_S_NRN_S_N_nat20018_nat20018_02218.tif,MISSED,False,0.0053,39,0.0120,None
Tp_S_NRN_S_N_nat20023_nat20023_02223.tif,MISSED,False,0.0036,24,0.0074,None
Tp_S_NRN_S_N_nat20028_nat20028_01532.tif,DETECTED,True,0.0243,309,0.0981,None
Tp_S_NRN_S_N_nat20030_nat20030_01534.tif,MISSED,False,0.0054,42,0.0140,None
Tp_S_NRN_S_N_nat20031_nat20031_01535.tif,DETECTED,True,0.0095,120,0.0375,None
Tp_S_NRN_S_N_nat20032_nat20032_01536.tif,DETECTED,True,0.0174,253,0.0791,None
Tp_S_NRN_S_N_nat20033_nat20033_02233.tif,DETECTED,True,0.0087,87,0.0272,None
Tp_S_NRN_S_N_nat20034_nat20034_01538.tif,DETECTED,True,0.0063,68,0.0213,None
Tp_S_NRN_S_N_nat20041_nat20041_01545.tif,DETECTED,True,0.0055,20,0.0151,None
Tp_S_NRN_S_N_nat20051_nat20051_01555.tif,DETECTED,True,0.0082,34,0.0227,None
Tp_S_NRN_S_N_nat20057_nat20057_01561.tif,DETECTED,True,0.0159,107,0.0639,None
Tp_S_NRN_S_N_nat20072_nat20072_01576.tif,DETECTED,True,0.0324,170,0.1030,None
Tp_S_NRN_S_N_nat20078_nat20078_01582.tif,DETECTED,True,0.0062,49,0.0258,None
Tp_S_NRN_S_N_nat20093_nat20093_02457.tif,DETECTED,True,0.0197,189,0.1079,None
Tp_S_NRN_S_N_nat20095_nat20095_01599.tif,DETECTED,True,0.0177,229,0.0766,None
Tp_S_NRN_S_N_nat20097_nat20097_02257.tif,DETECTED,True,0.0107,30,0.0160,None
Tp_S_NRN_S_N_pla00002_pla00002_10921.jpg,DETECTED,True,0.0215,32,0.0417,None
Tp_S_NRN_S_N_pla00003_pla00003_10920.jpg,DETECTED,True,0.0264,54,0.0703,None
Tp_S_NRN_S_N_pla00005_pla00005_10937.jpg,DETECTED,True,0.0945,217,0.2826,None
Tp_S_NRN_S_N_pla00009_pla00009_00548.tif,DETECTED,True,0.0420,108,0.1406,None
Tp_S_NRN_S_N_pla00016_pla00016_10961.jpg,DETECTED,True,0.0278,34,0.0443,None
Tp_S_NRN_S_N_pla00018_pla00018_10995.jpg,DETECTED,True,0.0271,48,0.0625,None
Tp_S_NRN_S_N_pla00033_pla00033_01148.tif,DETECTED,True,0.0210,44,0.0573,None
Tp_S_NRN_S_N_pla00047_pla00047_10970.jpg,DETECTED,True,0.0264,50,0.0651,None
Tp_S_NRN_S_N_pla00049_pla00049_10984.jpg,DETECTED,True,0.0267,39,0.0508,None
Tp_S_NRN_S_N_pla00053_pla00053_00587.tif,DETECTED,True,0.0252,60,0.0781,None
Tp_S_NRN_S_N_pla00053_pla00053_01162.tif,DETECTED,True,0.0365,87,0.1133,None
Tp_S_NRN_S_N_pla00056_pla00056_01165.tif,DETECTED,True,0.0187,47,0.0612,None
Tp_S_NRN_S_N_pla00062_pla00062_00593.tif,DETECTED,True,0.0435,123,0.1602,None
Tp_S_NRN_S_N_pla00062_pla00062_11221.jpg,DETECTED,True,0.0179,15,0.0195,None
Tp_S_NRN_S_N_pla00065_pla00065_01172.tif,DETECTED,True,0.0094,18,0.0234,None
Tp_S_NRN_S_N_pla00065_pla00065_11219.jpg,DETECTED,True,0.0277,49,0.0638,None
Tp_S_NRN_S_N_pla00066_pla00066_01173.tif,DETECTED,True,0.0093,20,0.0260,None
Tp_S_NRN_S_N_pla00073_pla00073_11226.jpg,DETECTED,True,0.0440,110,0.1432,None
Tp_S_NRN_S_N_pla00079_pla00079_10625.jpg,DETECTED,True,0.0174,27,0.0352,None
Tp_S_NRN_S_N_pla00091_pla00091_11292.jpg,DETECTED,True,0.0161,22,0.0286,None
Tp_S_NRN_S_N_pla00100_pla00100_11291.jpg,DETECTED,True,0.0391,86,0.1120,None
Tp_S_NRN_S_N_pla10123_pla10123_11554.jpg,DETECTED,True,0.0000,0,1.0000,None
Tp_S_NRN_S_N_pla10126_pla10126_12126.jpg,DETECTED,True,0.0372,221,0.0921,None
Tp_S_NRN_S_N_pla10126_pla10126_12128.jpg,DETECTED,True,0.0359,193,0.0804,None
Tp_S_NRN_S_N_pla10127_pla10127_12138.jpg,DETECTED,True,0.0235,120,0.0500,None
Tp_S_NRN_S_N_pla20001_pla20001_01901.tif,DETECTED,True,0.0115,135,0.0385,None
Tp_S_NRN_S_N_pla20017_pla20027_01927.tif,DETECTED,True,0.0000,0,1.0000,None
Tp_S_NRN_S_N_pla20022_pla20022_01922.tif,DETECTED,True,0.0058,22,0.0231,None
Tp_S_NRN_S_N_pla20022_pla20022_02388.tif,DETECTED,True,0.0101,39,0.0410,None
Tp_S_NRN_S_N_pla20023_pla20023_01923.tif,DETECTED,True,0.0207,65,0.0663,None
Tp_S_NRN_S_N_pla20025_pla20025_01925.tif,DETECTED,True,0.0000,0,1.0000,None
Tp_S_NRN_S_N_pla20026_pla20026_01926.tif,DETECTED,True,0.0282,128,0.0938,None
Tp_S_NRN_S_N_pla20028_pla20028_01928.tif,DETECTED,True,0.0188,87,0.0653,None
Tp_S_NRN_S_N_pla20029_pla20029_01929.tif,DETECTED,True,0.0665,546,0.2912,None
Tp_S_NRN_S_N_pla20030_pla20030_01930.tif,DETECTED,True,0.0363,503,0.1501,None
Tp_S_NRN_S_N_pla20036_pla20036_01936.tif,DETECTED,True,0.0318,176,0.1043,None
Tp_S_NRN_S_N_pla20041_pla20041_01941.tif,MISSED,False,0.0056,28,0.0144,None
Tp_S_NRN_S_N_pla20042_pla20042_02383.tif,DETECTED,True,0.0188,88,0.0573,None
Tp_S_NRN_S_N_pla20043_pla20043_01943.tif,MISSED,False,0.0049,28,0.0149,None
Tp_S_NRN_S_N_pla20045_pla20045_01945.tif,DETECTED,True,0.0234,135,0.0720,None
Tp_S_NRN_S_N_pla20046_pla20046_01946.tif,DETECTED,True,0.0153,91,0.0485,None
Tp_S_NRN_S_N_pla20047_pla20047_01947.tif,MISSED,False,0.0041,21,0.0112,None
Tp_S_NRN_S_N_pla20050_pla20050_01950.tif,DETECTED,True,0.0055,36,0.0192,None
Tp_S_NRN_S_N_pla20051_pla20051_01951.tif,DETECTED,True,0.0366,209,0.1115,None
Tp_S_NRN_S_N_pla20060_pla20060_01960.tif,DETECTED,True,0.0173,151,0.0519,None
Tp_S_NRN_S_N_pla20061_pla20061_01961.tif,DETECTED,True,0.0101,75,0.0258,None
Tp_S_NRN_S_N_pla20072_pla20072_02364.tif,DETECTED,True,0.0061,50,0.0154,None
Tp_S_NRN_S_N_pla20078_pla20078_01978.tif,DETECTED,True,0.0155,172,0.0601,None
Tp_S_NRN_S_N_pla20079_pla20079_01979.tif,MISSED,False,0.0056,49,0.0142,None
Tp_S_NRN_S_N_pla20080_pla20080_01980.tif,DETECTED,True,0.0000,0,1.0000,None
Tp_S_NRN_S_N_pla20083_pla20083_01983.tif,DETECTED,True,0.0642,1168,0.3115,None
Tp_S_NRN_S_N_pla20088_pla20088_01988.tif,DETECTED,True,0.0401,355,0.1614,None
Tp_S_NRN_S_N_pla20091_pla20091_01991.tif,DETECTED,True,0.0227,292,0.0811,None
Tp_S_NRN_S_N_pla20093_pla20093_01993.tif,DETECTED,True,0.0493,260,0.1605,None
Tp_S_NRN_S_N_pla20094_pla20094_01994.tif,DETECTED,True,0.0674,546,0.2786,None
Tp_S_NRN_S_N_pla20099_pla20099_01999.tif,DETECTED,True,0.0623,371,0.2482,None
Tp_S_NRN_S_N_sec00002_sec00002_10787.jpg,DETECTED,True,0.0185,27,0.0352,None
Tp_S_NRN_S_N_sec00014_sec00014_11231.jpg,DETECTED,True,0.0179,19,0.0247,None
Tp_S_NRN_S_N_sec00014_sec00014_11232.jpg,DETECTED,True,0.0176,22,0.0286,None
Tp_S_NRN_S_N_sec00020_sec00020_10794.jpg,DETECTED,True,0.0713,152,0.1979,None
Tp_S_NRN_S_N_sec00022_sec00022_10804.jpg,DETECTED,True,0.0229,33,0.0430,None
Tp_S_NRN_S_N_sec00028_sec00028_10783.jpg,DETECTED,True,0.0180,17,0.0221,None
Tp_S_NRN_S_N_sec00041_sec00041_10501.tif,DETECTED,True,0.0606,142,0.1849,None
Tp_S_NRN_S_N_sec00045_sec00045_10488.tif,DETECTED,True,0.0171,44,0.0573,None
Tp_S_NRN_S_N_sec00051_sec00051_00072.tif,DETECTED,True,0.0047,16,0.0208,None
Tp_S_NRN_S_N_sec00051_sec00051_11241.jpg,DETECTED,True,0.0150,16,0.0208,None
Tp_S_NRN_S_N_sec00059_sec00059_00731.tif,DETECTED,True,0.0143,29,0.0378,None
Tp_S_NRN_S_N_sec00059_sec00059_11268.jpg,DETECTED,True,0.0210,23,0.0299,None
Tp_S_NRN_S_N_sec00060_sec00060_11265.jpg,DETECTED,True,0.0203,15,0.0195,None
Tp_S_NRN_S_N_sec00061_sec00061_00729.tif,DETECTED,True,0.0296,75,0.0977,None
Tp_S_NRN_S_N_sec00061_sec00061_11262.jpg,DETECTED,True,0.0291,52,0.0677,None
Tp_S_NRN_S_N_sec00062_sec00062_11261.jpg,DETECTED,True,0.0284,40,0.0521,None
Tp_S_NRN_S_N_sec00063_sec00063_11272.jpg,DETECTED,True,0.0221,24,0.0312,None
Tp_S_NRN_S_N_sec00064_sec00064_11258.jpg,MISSED,False,0.0157,9,0.0117,None
Tp_S_NRN_S_N_sec00065_sec00065_11280.jpg,DETECTED,True,0.0280,38,0.0495,None
Tp_S_NRN_S_N_sec00067_sec00067_11255.jpg,DETECTED,True,0.0167,21,0.0273,None
Tp_S_NRN_S_N_sec00070_sec00070_10717.jpg,DETECTED,True,0.0376,88,0.1146,None
Tp_S_NRN_S_N_sec00078_sec00078_00786.tif,DETECTED,True,0.0179,57,0.0742,None
Tp_S_NRN_S_N_sec00086_sec00086_10359.tif,DETECTED,True,0.0182,38,0.0495,None
Tp_S_NRN_S_N_sec00090_sec00090_10356.tif,DETECTED,True,0.0161,39,0.0508,None
Tp_S_NRN_S_N_sec00100_sec00100_11290.jpg,DETECTED,True,0.0163,18,0.0234,None
Tp_S_NRN_S_N_sec10116_sec10116_12146.jpg,DETECTED,True,0.0286,102,0.0607,None
Tp_S_NRN_S_N_sec20004_sec20004_02116.tif,DETECTED,True,0.0183,185,0.0587,None
Tp_S_NRN_S_N_sec20016_sec20016_01606.tif,DETECTED,True,0.0079,28,0.0211,None
Tp_S_NRN_S_N_sec20019_sec20019_01609.tif,DETECTED,True,0.0124,52,0.0392,None
Tp_S_NRN_S_N_sec20020_sec20020_01610.tif,DETECTED,True,0.0064,25,0.0193,None
Tp_S_NRN_S_N_sec20021_sec20021_01611.tif,DETECTED,True,0.0178,64,0.0483,None
Tp_S_NRN_S_N_sec20023_sec20023_01613.tif,DETECTED,True,0.0101,25,0.0189,None
Tp_S_NRN_S_N_sec20026_sec20026_02124.tif,DETECTED,True,0.0093,28,0.0211,None
Tp_S_NRN_S_N_sec20037_sec20037_01627.tif,MISSED,False,0.0048,20,0.0131,None
Tp_S_NRN_S_N_sec20041_sec20041_01631.tif,DETECTED,True,0.0093,35,0.0234,None
Tp_S_NRN_S_N_sec20046_sec20046_01636.tif,MISSED,False,0.0030,8,0.0060,None
Tp_S_NRN_S_N_sec20047_sec20047_01637.tif,MISSED,False,0.0043,6,0.0046,None
Tp_S_NRN_S_N_sec20048_sec20048_01638.tif,DETECTED,True,0.0066,21,0.0158,None
Tp_S_NRN_S_N_sec20050_sec20050_01640.tif,DETECTED,True,0.0129,99,0.0470,None
Tp_S_NRN_S_N_sec20075_sec20075_01665.tif,DETECTED,True,0.0214,120,0.0640,None
Tp_S_NRN_S_N_sec20081_sec20081_01671.tif,DETECTED,True,0.0135,41,0.0219,None
Tp_S_NRN_S_N_sec20082_sec20082_01672.tif,DETECTED,True,0.0115,56,0.0299,None
Tp_S_NRN_S_N_sec20085_sec20085_02446.tif,MISSED,False,0.0079,16,0.0085,None
Tp_S_NRN_S_N_sec20094_sec20094_01684.tif,MISSED,False,0.0030,16,0.0106,None
Tp_S_NRN_S_N_sec20096_sec20096_01686.tif,MISSED,False,0.0072,18,0.0096,None
Tp_S_NRN_S_N_sec20096_sec20096_02142.tif,DETECTED,True,0.0106,30,0.0160,None
Tp_S_NRN_S_N_sec20100_sec20100_01690.tif,DETECTED,True,0.0087,38,0.0181,None
Tp_S_NRN_S_N_txt00005_txt00005_01264.tif,DETECTED,True,0.0238,54,0.0703,None
Tp_S_NRN_S_N_txt00009_txt00009_01267.tif,DETECTED,True,0.1068,289,0.3763,None
Tp_S_NRN_S_N_txt00061_txt00061_01283.tif,DETECTED,True,0.0201,74,0.0964,None
Tp_S_NRN_S_N_txt00062_txt00062_01284.tif,DETECTED,True,0.0258,76,0.0990,None
Tp_S_NRN_S_N_txt00070_txt00070_11315.jpg,DETECTED,True,0.0404,90,0.1172,None
Tp_S_NRN_S_N_txt00070_txt00070_11316.jpg,DETECTED,True,0.0344,69,0.0898,None
Tp_S_NRN_S_N_txt00071_txt00071_11300.jpg,DETECTED,True,0.0282,56,0.0729,None
Tp_S_NRN_S_N_txt00082_txt00082_11293.jpg,DETECTED,True,0.0634,144,0.1875,None
Tp_S_NRN_S_N_txt00083_txt00083_01289.tif,DETECTED,True,0.0219,41,0.0534,None
Tp_S_NRN_S_N_txt00084_txt00084_11302.jpg,DETECTED,True,0.0608,128,0.1667,None
Tp_S_NRN_S_N_txt10109_txt10109_10814.jpg,DETECTED,True,0.0762,302,0.2118,None
Tp_S_NRN_S_O_ani10103_ani10103_10634.jpg,DETECTED,True,0.1083,127,0.3848,None
Tp_S_NRN_S_O_arc00021_arc00021_01119.tif,DETECTED,True,0.0144,29,0.0378,None
Tp_S_NRN_S_O_arc00055_arc00055_01071.tif,DETECTED,True,0.0075,12,0.0156,None
Tp_S_NRN_S_O_arc10129_arc10129_11895.jpg,DETECTED,True,0.0268,96,0.0571,None
Tp_S_NRN_S_O_cha00035_cha00067_11734.jpg,DETECTED,True,0.0324,65,0.0846,None
Tp_S_NRN_S_O_cha00077_cha00077_11017.jpg,DETECTED,True,0.0204,31,0.0404,None
Tp_S_NRN_S_O_cha10126_cha10126_12153.jpg,DETECTED,True,0.0313,111,0.0837,None
Tp_S_NRN_S_O_cha10187_cha10187_12308.jpg,DETECTED,True,0.0169,106,0.0299,None
Tp_S_NRN_S_O_nat00032_nat00032_00947.tif,DETECTED,True,0.0188,55,0.0716,None
Tp_S_NRN_S_O_sec00036_sec00036_00764.tif,DETECTED,True,0.0134,28,0.0365,None
